"Title","ID","Created Date","Updated Date","Owner","project","month","year","kpi","kpiText","description","sort","instagram","facebook","tiktok","linkedin","quarter"
"Content Reach","0099822f-8845-4eec-8008-826893476707",2025-08-03T18:25:22Z,2025-09-28T11:10:09Z,"01f011dc-8d52-4de4-9524-780ccef3313b","5dd8d88e-58bc-4e12-9cfb-55a3306b21cd","6","2025",10,"Up by 10-15% monthly","How many unique users saw your content—key for measuring brand awareness and visibility.",1,0,0,0,0,
"Followers","028bb7c1-3774-44d8-b099-7c79ea192ad8",2025-08-04T21:12:47Z,2025-09-28T18:12:12Z,"e771b8d5-2d78-4471-bb22-0c0d9e29a888","1212678d-037b-475a-b187-a27821e2d3c8","7","2025",2,"Up by 2-5%","Tracks the growth of your audience over time and reflects how well your content attracts long-term interest.",4,6452,113,1662,181,
"Content Engagement","038add9a-5f59-4648-a805-80e768fdcaf0",2025-08-25T16:53:54Z,2025-09-28T17:26:30Z,"01f011dc-8d52-4de4-9524-780ccef3313b","5dd8d88e-58bc-4e12-9cfb-55a3306b21cd","8","2025",10,"Up by 10-12% monthly","Tracks likes, shares, comments, and saves—showing how actively your audience is interacting with your content.",3,1142,83,1379,488,
"Content Views","08036f57-08cd-48c7-9e59-68c7490d099b",2025-12-05T06:37:38Z,2025-12-05T16:52:48Z,"e771b8d5-2d78-4471-bb22-0c0d9e29a888","6a782226-83c3-4c2b-a265-c2be8ad567b6","11","2025",0,"Up by 15-20%","Measures how many times your content was watched or viewed—helps gauge engagement and content effectiveness.",2,1123,13171,0,0,
"Content Reach","09f0c322-0725-42cf-9c7d-7c19b1af3a26",2025-08-25T19:07:09Z,2025-12-05T08:30:23Z,"01f011dc-8d52-4de4-9524-780ccef3313b","1212678d-037b-475a-b187-a27821e2d3c8","8","2025",20,"Up by 20-30%","How many unique users saw your content—key for measuring brand awareness and visibility.",1,196,1903,10800,60,
"Content Views","0a35c4fb-09ca-4d25-a2a7-570664592110",2025-08-15T17:22:20Z,2025-09-28T08:21:31Z,"e771b8d5-2d78-4471-bb22-0c0d9e29a888","f889f811-6e7f-489d-a7de-dee3fc249d28","7","2025",20,"Up by 20-30%","Measures how many times your content was watched or viewed—helps gauge engagement and content effectiveness.",2,,,,,
"Content Views","0d240571-b627-47e1-8398-40f8b10558c3",2025-08-03T18:50:46Z,2025-09-28T17:08:53Z,"01f011dc-8d52-4de4-9524-780ccef3313b","5dd8d88e-58bc-4e12-9cfb-55a3306b21cd","7","2025",20,"Up by 20-25%  monthly","Measures how many times your content was watched or viewed—helps gauge engagement and content effectiveness.",2,33192,207,124423,4475,
"Followers","0d283290-a48c-45c9-9b91-6f946f8941df",2025-08-03T18:25:35Z,2025-09-28T11:10:09Z,"01f011dc-8d52-4de4-9524-780ccef3313b","5dd8d88e-58bc-4e12-9cfb-55a3306b21cd","6","2025",2,"Up by 2-5% monthly","Tracks the growth of your audience over time and reflects how well your content attracts long-term interest.",4,0,0,0,0,
"Content Reach","0f222fbe-07a5-4a2b-8cd4-b6b5548ccb72",2025-12-05T06:37:49Z,2025-12-05T16:52:20Z,"e771b8d5-2d78-4471-bb22-0c0d9e29a888","6a782226-83c3-4c2b-a265-c2be8ad567b6","11","2025",0,"Up by 15-20%","How many unique users saw your content—key for measuring brand awareness and visibility.",1,22,7092,0,0,
"Content Views","103f5f33-44d4-4c2b-821c-d0c168fc0714",2025-12-29T07:43:43Z,2026-01-30T06:16:58Z,"01f011dc-8d52-4de4-9524-780ccef3313b","90f693b9-af56-47a1-9965-98bf0326b43e","0","2026",0,"Up by 20-30%","Measures how many times your content was watched or viewed—helps gauge engagement and content effectiveness.

Note: TikTok's & Facebook's native analytics do not separate boosted (paid) and organic reach.",1,122712,246074,283072,729,1
"Content Reach","111a7ad5-f2e2-48ea-9499-7b78f7727382",2025-09-25T15:49:27Z,2025-09-28T08:21:31Z,"01f011dc-8d52-4de4-9524-780ccef3313b","f889f811-6e7f-489d-a7de-dee3fc249d28","9","2025",20,"Up by 20-30%","How many unique users saw your content—key for measuring brand awareness and visibility.",1,,,,,
"Content Reach","128b809f-9025-47e6-b918-19e1c31a5d09",2025-11-25T06:11:52Z,2026-01-09T10:33:57Z,"7fcd41de-93e6-4778-afa3-5b2dd4205318","90f693b9-af56-47a1-9965-98bf0326b43e","11","2025",0,"100% Growth","Note: TikTok's & Facebook's native analytics do not separate boosted (paid) and organic reach.",2,11821,0,178611,133,4
"Content Views","13d497d7-28da-45f5-b6b0-42e1f8e89646",2025-08-25T16:53:54Z,2025-09-28T17:16:28Z,"01f011dc-8d52-4de4-9524-780ccef3313b","5dd8d88e-58bc-4e12-9cfb-55a3306b21cd","8","2025",20,"Up by 20-25%  monthly","Measures how many times your content was watched or viewed—helps gauge engagement and content effectiveness.",2,39830,249,149307,4308,
"Content Reach","141bd41d-1c6b-4215-a5e3-99d7997c5155",2025-09-22T09:18:34Z,2025-12-05T08:30:36Z,"01f011dc-8d52-4de4-9524-780ccef3313b","1212678d-037b-475a-b187-a27821e2d3c8","9","2025",20,"Up by 20-30%","How many unique users saw your content—key for measuring brand awareness and visibility.",1,235,2283,12960,42,
"Followers","17138b53-dc98-41bb-b125-121af2acc277",2025-09-25T15:49:27Z,2025-09-28T08:21:31Z,"01f011dc-8d52-4de4-9524-780ccef3313b","f889f811-6e7f-489d-a7de-dee3fc249d28","9","2025",2,"Up by 2-5%","Tracks the growth of your audience over time and reflects how well your content attracts long-term interest.",4,,,,,
"Content Views","17a1ff38-5df6-4fd4-8494-2d1cb28fbeac",2026-01-22T13:34:23Z,2026-01-22T13:37:56Z,"e771b8d5-2d78-4471-bb22-0c0d9e29a888","fe578398-ead8-4e5c-902c-1ba9d28746b3","0","2026",0,"100% growth as baseline for next quarter","This metric establishes Q1 performance as the baseline, with a targeted 100% growth benchmark set for the following quarter to measure momentum, scalability, and acceleration across key performance indicators.",2,,,,,1
"Content Engagement","18186ac9-a430-4ef4-a9dd-d159e546b24d",2025-08-04T21:12:38Z,2025-09-28T18:07:41Z,"e771b8d5-2d78-4471-bb22-0c0d9e29a888","1212678d-037b-475a-b187-a27821e2d3c8","7","2025",20,"Up by 20-30%","Tracks likes, shares, comments, and saves—showing how actively your audience is interacting with your content.",3,100,6,100,97,
"Content Views","18a24b31-ac2e-4111-bec7-b32bd6b5a92c",2025-09-22T08:30:35Z,2025-09-28T17:41:27Z,"01f011dc-8d52-4de4-9524-780ccef3313b","90f5bb8e-1da9-441f-b63b-1941b663318b","9","2025",20,"Up by 10-15%","Measures how many times your content was watched or viewed—helps gauge engagement and content effectiveness.",2,5251,420,73051,351,
"Content Engagement","1f859ef6-df9c-4a75-b1a4-185bc0b4c5db",2025-08-03T18:30:53Z,2025-09-28T11:10:09Z,"01f011dc-8d52-4de4-9524-780ccef3313b","5dd8d88e-58bc-4e12-9cfb-55a3306b21cd","6","2025",4,"Up by 4-6% monthly","Tracks likes, shares, comments, and saves—showing how actively your audience is interacting with your content.",3,0,0,0,0,
"Content Reach","21adfb06-bb00-418f-ac17-baa5a4d52f72",2025-11-27T07:32:54Z,2025-12-05T09:02:09Z,"01f011dc-8d52-4de4-9524-780ccef3313b","90f5bb8e-1da9-441f-b63b-1941b663318b","11","2025",15,"Up by 15-20%","How many unique users saw your content, key for measuring brand awareness and visibility.

Note: TikTok's & Facebook's native analytics do not separate boosted (paid) and organic views.",2,1909,18,87724,95,
"Content Views","222c4a1a-5350-4d3e-9478-357c54083350",2025-09-22T09:18:34Z,2025-12-05T08:31:52Z,"01f011dc-8d52-4de4-9524-780ccef3313b","1212678d-037b-475a-b187-a27821e2d3c8","9","2025",20,"Up by 20-30%","Measures how many times your content was watched or viewed—helps gauge engagement and content effectiveness.",2,4025,3885,14400,160,
"Content Views","2339b7fe-1e5d-454d-9ff6-aea3964b68cf",2025-08-03T21:05:44Z,2025-09-28T17:34:26Z,"01f011dc-8d52-4de4-9524-780ccef3313b","90f5bb8e-1da9-441f-b63b-1941b663318b","7","2025",20,"Up by 20-30%","Measures how many times your content was watched or viewed—helps gauge engagement and content effectiveness.",2,3646,150,50730,244,
"Followers","23b405cf-1f19-47c8-b4b2-967c3aeec75f",2026-01-27T13:19:09Z,2026-01-28T07:17:03Z,"e771b8d5-2d78-4471-bb22-0c0d9e29a888","0e90ed6d-2dbc-48b2-aeea-fe5b0928abd5","0","2026",0,"Up by 10-20%","Instagram: 9-10
Facebook: 1-2
TikTok: 10 - 20
LinkedIn: 1-2

Note: Tracks the number of new followers gained within a month. The net follower count reflects your real audience total, including new followers, unfollows, and the removal of deactivated or inactive accounts.",4,9,1,10,1,1
"Content Reach","2902071b-1a0a-4d65-8f57-6d933904ddc9",2025-10-27T16:27:42Z,2025-12-05T06:36:01Z,"e771b8d5-2d78-4471-bb22-0c0d9e29a888","ba7b39b5-2f96-4c6b-8d55-9e6c7cbd3ea4","10","2025",0,"Up by 100%","How many unique users saw your content—key for measuring brand awareness and visibility.",1,0,0,0,0,
"Followers","29d7aefe-1c22-4a2c-a952-100e3be000f9",2025-08-03T21:05:44Z,2025-09-28T17:46:47Z,"01f011dc-8d52-4de4-9524-780ccef3313b","90f5bb8e-1da9-441f-b63b-1941b663318b","7","2025",30,"Up by 20-30%","Tracks the growth of your audience over time and reflects how well your content attracts long-term interest.",4,458,8,55,25,
"Content Reach","2b11c19f-f2bd-4ebb-94ec-d6d8c201d7df",2025-10-23T06:44:24Z,2025-12-05T09:01:31Z,"01f011dc-8d52-4de4-9524-780ccef3313b","90f5bb8e-1da9-441f-b63b-1941b663318b","10","2025",15,"Up by 15-20%","How many unique users saw your content, key for measuring brand awareness and visibility.

Note: TikTok's & Facebook's native analytics do not separate boosted (paid) and organic reach.",1,1660,16,76282,83,
"Followers","2ba8c6f3-a23a-4957-9663-bb6fb9c568b6",2025-09-08T11:45:39Z,2025-09-28T17:30:39Z,"01f011dc-8d52-4de4-9524-780ccef3313b","5dd8d88e-58bc-4e12-9cfb-55a3306b21cd","9","2025",2,"Up by 2-5% monthly","Tracks the growth of your audience over time and reflects how well your content attracts long-term interest.",4,19259,1722,2833,5480,
"Followers","2c295714-61b1-4e1d-b2c6-82131e38e65f",2026-01-05T08:54:57Z,2026-01-06T11:10:37Z,"01f011dc-8d52-4de4-9524-780ccef3313b","5dd8d88e-58bc-4e12-9cfb-55a3306b21cd","0","2026",0,"Up by 1.5%–3% monthly","Instagram: 260-580
Facebook: 25 - 50
TikTok: 47-94
LinkedIn: 82 - 164

Note: Tracks the number of new followers gained within a month. The net follower count reflects your real audience total, including new followers, unfollows, and the removal of deactivated or inactive accounts.",4,,,,,1
"Content Views","35b2ee2c-5bc7-4ad0-a1eb-5fb5465c93a3",2025-09-25T15:49:27Z,2025-09-28T08:21:31Z,"01f011dc-8d52-4de4-9524-780ccef3313b","f889f811-6e7f-489d-a7de-dee3fc249d28","9","2025",20,"Up by 20-30%","Measures how many times your content was watched or viewed—helps gauge engagement and content effectiveness.",2,,,,,
"Content Reach","380ac50f-62d8-45f9-92e0-f83d4eb04009",2026-01-05T10:53:13Z,2026-01-06T11:11:11Z,"01f011dc-8d52-4de4-9524-780ccef3313b","e65ea50e-6cc6-458d-8f81-1ebf9b702e2d","0","2026",0,"Up by 15-20%","How many unique users saw your content—key for measuring brand awareness and visibility.",1,,,,,1
"Content Engagement","38abb9ce-8142-4593-b3c7-e81bf4a14d30",2025-08-03T21:05:44Z,2025-09-28T17:37:09Z,"01f011dc-8d52-4de4-9524-780ccef3313b","90f5bb8e-1da9-441f-b63b-1941b663318b","7","2025",20,"Up by 20-30%","Tracks likes, shares, comments, and saves—showing how actively your audience is interacting with your content.",3,600,25,363,50,
"Content Views","3972923b-953b-4d12-958c-6300bd781003",2025-11-27T07:32:54Z,2025-12-05T09:01:56Z,"01f011dc-8d52-4de4-9524-780ccef3313b","90f5bb8e-1da9-441f-b63b-1941b663318b","11","2025",15,"Up by 15-20%","Measures how many times your content was watched or viewed, helps gauge engagement and content effectiveness.

Note: TikTok's & Facebook's native analytics do not separate boosted (paid) and organic views.",1,6945,555,96610,465,
"Content Reach","3979af3e-8853-47dd-b9ae-5ed799b49410",2025-08-03T18:50:46Z,2025-09-28T17:20:16Z,"01f011dc-8d52-4de4-9524-780ccef3313b","5dd8d88e-58bc-4e12-9cfb-55a3306b21cd","7","2025",10,"Up by 20-25%  monthly","How many unique users saw your content—key for measuring brand awareness and visibility.",1,7072,280,100333,283,
"Content Views","3b6beb6e-33ca-43f0-8131-94de29e37ab7",2025-12-05T06:38:30Z,2025-12-05T17:22:30Z,"e771b8d5-2d78-4471-bb22-0c0d9e29a888","e65ea50e-6cc6-458d-8f81-1ebf9b702e2d","11","2025",0,"Up by 15-20%","Measures how many times your content was watched or viewed—helps gauge engagement and content effectiveness.",2,456,1258,0,0,
"Content Views","3bf4c75b-3910-4155-aa13-6174314d9377",2026-01-05T05:51:20Z,2026-01-28T12:20:22Z,"01f011dc-8d52-4de4-9524-780ccef3313b","90f5bb8e-1da9-441f-b63b-1941b663318b","0","2026",15,"Up by 15-20%","Measures how many times your content was watched or viewed, helps gauge engagement and content effectiveness.

Note: TikTok's & Facebook's native analytics do not separate boosted (paid) and organic views.",1,26335,40633,208564,2245,1
"Content Reach","3c9df83c-40b1-4d5e-a8ea-9e68f7d74705",2025-12-05T05:29:17Z,2026-01-06T11:27:01Z,"e771b8d5-2d78-4471-bb22-0c0d9e29a888","5dd8d88e-58bc-4e12-9cfb-55a3306b21cd","11","2025",0,"Consistent Reach KPI Range","Instagram: 6,790 - 10,184
Facebook: 565 - 848
TikTok: 225,062 - 337,594
LinkedIn: 1,839 - 2,758

Note: TikTok's & Facebook's native analytics do not separate boosted (paid) and organic reach.",1,6790,565,225062,1839,4
"Followers","3d6ff48c-ad56-4365-94b1-28e9cc6e96c4",2025-11-25T12:53:53Z,2025-12-05T08:01:24Z,"01f011dc-8d52-4de4-9524-780ccef3313b","1212678d-037b-475a-b187-a27821e2d3c8","11","2025",1.5,"Up by 1.5-3% monthly","Instagram: 99 - 197
Facebook: 2 - 3
TikTok: 25 - 51
LinkedIn: 3 - 6

Note: Tracks the number of new followers gained within a month. The net follower count reflects your real audience total, including new followers, unfollows, and the removal of deactivated or inactive accounts.",4,99,2,25,3,
"Content Reach","3e6e201d-f4f5-419c-a469-f2d41f158492",2025-09-08T11:45:39Z,2025-09-28T17:21:02Z,"01f011dc-8d52-4de4-9524-780ccef3313b","5dd8d88e-58bc-4e12-9cfb-55a3306b21cd","9","2025",20,"Up by 20-25%  monthly","How many unique users saw your content—key for measuring brand awareness and visibility.",1,10183,404,144479,313,
"Content Engagement","4324fda4-f723-485d-ab75-a55e0a9033f4",2026-01-05T11:21:24Z,2026-01-05T11:21:24Z,"01f011dc-8d52-4de4-9524-780ccef3313b","e65ea50e-6cc6-458d-8f81-1ebf9b702e2d","1","2026",0,"Up by 20-30%","Tracks likes, shares, comments, and saves—showing how actively your audience is interacting with your content.",3,,,,,
"Content Reach","43cf79f1-df71-4f43-92aa-8df4b0cc5c2d",2025-09-02T05:37:09Z,2025-09-28T08:21:31Z,"01f011dc-8d52-4de4-9524-780ccef3313b","f889f811-6e7f-489d-a7de-dee3fc249d28","8","2025",20,"Up by 20-30%","How many unique users saw your content—key for measuring brand awareness and visibility.",1,,,,,
"Followers","43f07fd0-3c26-40f9-801e-16af07374868",2026-01-05T07:20:13Z,2026-01-06T11:09:04Z,"01f011dc-8d52-4de4-9524-780ccef3313b","ba7b39b5-2f96-4c6b-8d55-9e6c7cbd3ea4","0","2026",0,"Up by 10-15%","Tracks the growth of your audience over time and reflects how well your content attracts long-term interest.",4,,,,,1
"Followers","46ef4b45-120e-4d0d-b7cc-26303ed781b8",2025-10-28T06:07:51Z,2025-12-05T08:01:16Z,"01f011dc-8d52-4de4-9524-780ccef3313b","1212678d-037b-475a-b187-a27821e2d3c8","10","2025",1.5,"Up by 1.5-3% monthly","Instagram: 99 - 197
Facebook: 2 - 3
TikTok: 25 - 51
LinkedIn: 3 - 6

Note: Tracks the number of new followers gained within a month. The net follower count reflects your real audience total, including new followers, unfollows, and the removal of deactivated or inactive accounts.",4,99,2,25,3,
"Content Reach","47caa8c8-aa16-43bc-bce1-5f666f4c6674",2026-01-22T13:34:27Z,2026-01-22T13:37:54Z,"e771b8d5-2d78-4471-bb22-0c0d9e29a888","fe578398-ead8-4e5c-902c-1ba9d28746b3","0","2026",0,"100% growth as baseline for next quarter","This metric establishes Q1 performance as the baseline, with a targeted 100% growth benchmark set for the following quarter to measure momentum, scalability, and acceleration across key performance indicators.",1,,,,,1
"Content Engagement","48367935-e3b3-45df-93a7-baa564f8626b",2025-08-15T17:22:07Z,2025-09-28T08:21:31Z,"e771b8d5-2d78-4471-bb22-0c0d9e29a888","f889f811-6e7f-489d-a7de-dee3fc249d28","7","2025",20,"Up by 20-30%","Tracks likes, shares, comments, and saves—showing how actively your audience is interacting with your content.",3,,,,,
"Content Views","48fbb7af-610a-41ca-afae-0bc36c535751",2025-08-03T18:25:26Z,2025-09-28T11:10:09Z,"01f011dc-8d52-4de4-9524-780ccef3313b","5dd8d88e-58bc-4e12-9cfb-55a3306b21cd","6","2025",10,"Up by 10-15%  monthly","Measures how many times your content was watched or viewed—helps gauge engagement and content effectiveness.",2,0,0,0,0,
"Content Reach","4ac77fb8-b01e-49e8-b8fd-e5ccc2497973",2026-01-05T09:15:20Z,2026-01-05T09:15:20Z,"01f011dc-8d52-4de4-9524-780ccef3313b","ba7b39b5-2f96-4c6b-8d55-9e6c7cbd3ea4","1","2026",0,"Up by 15-20%","How many unique users saw your content—key for measuring brand awareness and visibility.",1,,,,,
"Followers","4c03fb17-88ef-4680-8bfc-a5147a462346",2025-08-25T16:53:54Z,2025-09-28T17:30:24Z,"01f011dc-8d52-4de4-9524-780ccef3313b","5dd8d88e-58bc-4e12-9cfb-55a3306b21cd","8","2025",2,"Up by 2-5% monthly","Tracks the growth of your audience over time and reflects how well your content attracts long-term interest.",4,18882,1688,2777,5372,
"Content Engagement","4dd3c932-976d-4409-b328-0ac74c95fa3d",2025-08-25T19:07:09Z,2025-09-28T18:04:28Z,"01f011dc-8d52-4de4-9524-780ccef3313b","1212678d-037b-475a-b187-a27821e2d3c8","8","2025",20,"Up by 20-30%","Tracks likes, shares, comments, and saves—showing how actively your audience is interacting with your content.",3,183,34,120,116,
"Content Engagement","4ebc0ada-b02e-454e-aac6-780fac276c85",2025-11-27T07:32:54Z,2025-12-05T09:02:28Z,"01f011dc-8d52-4de4-9524-780ccef3313b","90f5bb8e-1da9-441f-b63b-1941b663318b","11","2025",20,"Up by 20-30%","Tracks likes, shares, comments, and saves, showing how actively your audience is interacting with your content.

Note: TikTok's & Facebook's native analytics do not separate boosted (paid) and organic engagement.",3,1244,59,628,103,
"Followers","4ef782cf-ba11-4153-a339-7cdf474a9ef6",2025-09-02T05:37:09Z,2025-09-28T08:21:31Z,"01f011dc-8d52-4de4-9524-780ccef3313b","f889f811-6e7f-489d-a7de-dee3fc249d28","8","2025",2,"Up by 2-5%","Tracks the growth of your audience over time and reflects how well your content attracts long-term interest.",4,,,,,
"Followers","4f9e7305-992d-4ec7-9830-ce149c35648e",2025-12-05T05:28:11Z,2026-01-06T11:27:12Z,"e771b8d5-2d78-4471-bb22-0c0d9e29a888","5dd8d88e-58bc-4e12-9cfb-55a3306b21cd","11","2025",0,"Up by 1.5%–3% monthly","Instagram: 260-580
Facebook: 25 - 50
TikTok: 47-94
LinkedIn: 82 - 164

Note: Tracks the number of new followers gained within a month. The net follower count reflects your real audience total, including new followers, unfollows, and the removal of deactivated or inactive accounts.",4,260,25,47,82,4
"Content Views","53c34299-61ab-44e0-91cc-20e3ad3b6020",2026-01-27T13:22:26Z,2026-02-10T08:16:12Z,"e771b8d5-2d78-4471-bb22-0c0d9e29a888","fe6eef75-85a6-4b38-9c21-2c3079846288","0","2026",0,"100% growth as baseline for next quarter","This metric establishes Q1 performance as the baseline, with a targeted 100% growth benchmark set for the following quarter to measure momentum, scalability, and acceleration across key performance indicators.

Instagram: 6500 - 7800
Facebook: 250 - 290
TikTok: 150,000 - 200,000
LinkedIn: 260 - 300",2,7800,250,150,260,1
"Followers","55996c06-8cc0-4d96-ac94-002739af036f",2025-12-04T07:41:15Z,2025-12-05T17:18:47Z,"01f011dc-8d52-4de4-9524-780ccef3313b","ba7b39b5-2f96-4c6b-8d55-9e6c7cbd3ea4","11","2025",0,"Up by 10-15%","Tracks the growth of your audience over time and reflects how well your content attracts long-term interest.",4,33,6,0,0,
"Content Reach","56be38b9-6883-4b8b-9eb7-55040540465f",2026-01-27T13:19:04Z,2026-01-28T07:15:58Z,"e771b8d5-2d78-4471-bb22-0c0d9e29a888","0e90ed6d-2dbc-48b2-aeea-fe5b0928abd5","0","2026",0,"Up by 30-60%","Instagram: 103 - 143
Facebook: 10 - 14
TikTok: 9,000 - 12,000
LinkedIn: 8 - 12

Note: TikTok's & Facebook's native analytics do not separate boosted (paid) and organic reach.",1,103,10,9000,8,1
"Content Reach","5a6b6ed2-de37-4270-9d68-bc9a6f4dac54",2026-01-27T13:22:24Z,2026-02-10T08:10:16Z,"e771b8d5-2d78-4471-bb22-0c0d9e29a888","fe6eef75-85a6-4b38-9c21-2c3079846288","0","2026",0,"100% growth as baseline for next quarter","This metric establishes Q1 performance as the baseline, with a targeted 100% growth benchmark set for the following quarter to measure momentum, scalability, and acceleration across key performance indicators.

Instagram:18000 - 20000
Facebook: 110 - 150
TikTok: 2500 - 4230
LinkedIn: 220 - 270
",1,18000,110,2500,220,1
"Content Engagement","5cec9198-3d23-4cb7-bbf8-71786c1a2f2c",2025-09-22T09:18:34Z,2025-09-28T18:04:28Z,"01f011dc-8d52-4de4-9524-780ccef3313b","1212678d-037b-475a-b187-a27821e2d3c8","9","2025",20,"Up by 20-30%","Tracks likes, shares, comments, and saves—showing how actively your audience is interacting with your content.",3,219,40,144,116,
"Content Views","5e0aecb3-e556-4dde-bee4-4dee86794c38",2026-01-05T11:21:24Z,2026-01-05T11:21:24Z,"01f011dc-8d52-4de4-9524-780ccef3313b","e65ea50e-6cc6-458d-8f81-1ebf9b702e2d","1","2026",0,"Up by 15-20%","Measures how many times your content was watched or viewed—helps gauge engagement and content effectiveness.",2,,,,,
"Content Views","60024d41-4657-46d7-ba86-426e24ea2eba",2025-09-02T05:37:09Z,2025-09-28T08:21:31Z,"01f011dc-8d52-4de4-9524-780ccef3313b","f889f811-6e7f-489d-a7de-dee3fc249d28","8","2025",20,"Up by 20-30%","Measures how many times your content was watched or viewed—helps gauge engagement and content effectiveness.",2,,,,,
"Content Engagement","61e8b4b4-50f4-4dc8-a122-8d46811eb6f4",2025-08-03T18:50:46Z,2025-09-28T17:26:22Z,"01f011dc-8d52-4de4-9524-780ccef3313b","5dd8d88e-58bc-4e12-9cfb-55a3306b21cd","7","2025",10,"Up by 10-12% monthly","Tracks likes, shares, comments, and saves—showing how actively your audience is interacting with your content.",3,1038,20,1254,444,
"Followers","639fb3df-4a19-4f34-acb4-dfb72f73ff8d",2025-08-25T19:07:09Z,2025-09-28T18:12:24Z,"01f011dc-8d52-4de4-9524-780ccef3313b","1212678d-037b-475a-b187-a27821e2d3c8","8","2025",10,"Up by 10-15%","Tracks the growth of your audience over time and reflects how well your content attracts long-term interest.",4,6581,115,1695,184,
"Content Engagement","65efec38-6d52-4f21-b3f3-cae05bf6e5f8",2026-01-05T10:53:14Z,2026-01-06T11:11:13Z,"01f011dc-8d52-4de4-9524-780ccef3313b","e65ea50e-6cc6-458d-8f81-1ebf9b702e2d","0","2026",0,"Up by 20-30%","Tracks likes, shares, comments, and saves—showing how actively your audience is interacting with your content.",3,,,,,1
"Content Engagement","67db66c6-10ae-4b75-86ea-3091d77a7dc5",2025-09-08T11:45:39Z,2025-09-28T17:26:39Z,"01f011dc-8d52-4de4-9524-780ccef3313b","5dd8d88e-58bc-4e12-9cfb-55a3306b21cd","9","2025",10,"Up by 10-12% monthly","Tracks likes, shares, comments, and saves—showing how actively your audience is interacting with your content.",3,1256,120,1517,537,
"Content Engagement","67f81d4a-fcc2-440d-97ef-e82c0027b6fc",2026-01-27T13:19:07Z,2026-01-28T07:16:30Z,"e771b8d5-2d78-4471-bb22-0c0d9e29a888","0e90ed6d-2dbc-48b2-aeea-fe5b0928abd5","0","2026",0,"Up by 15-30%","Instagram: 20 - 28
Facebook: 5 - 15
TikTok: 15 - 30
LinkedIn: 1-2

Note: TikTok's & Facebook's native analytics do not separate boosted (paid) and organic reach.",3,20,5,15,1,1
"Content Views","6828f8bb-46fd-4c35-ac8e-1effdac2518c",2025-08-15T17:23:17Z,2025-09-28T08:21:31Z,"e771b8d5-2d78-4471-bb22-0c0d9e29a888","f889f811-6e7f-489d-a7de-dee3fc249d28","6","2025",20,"Up by 20-30%","Measures how many times your content was watched or viewed—helps gauge engagement and content effectiveness.",2,,,,,
"Followers","6a733be6-cea3-4289-9c89-f10654acbb62",2025-08-15T17:21:40Z,2025-09-28T08:21:31Z,"e771b8d5-2d78-4471-bb22-0c0d9e29a888","f889f811-6e7f-489d-a7de-dee3fc249d28","7","2025",2,"Up by 2-5%","Tracks the growth of your audience over time and reflects how well your content attracts long-term interest.",4,,,,,
"Content Engagement","6c94fa4d-b602-4882-9862-3051efcc7d21",2025-09-02T05:37:09Z,2025-09-28T08:21:31Z,"01f011dc-8d52-4de4-9524-780ccef3313b","f889f811-6e7f-489d-a7de-dee3fc249d28","8","2025",20,"Up by 20-30%","Tracks likes, shares, comments, and saves—showing how actively your audience is interacting with your content.",3,,,,,
"Content Views","6d093338-02b9-40ab-b71a-5202256513c1",2025-08-03T21:04:48Z,2025-09-28T10:04:46Z,"e771b8d5-2d78-4471-bb22-0c0d9e29a888","90f5bb8e-1da9-441f-b63b-1941b663318b","6","2025",100,"100% growth on first month","Measures how many times your content was watched or viewed—helps gauge engagement and content effectiveness.",2,0,0,0,0,
"Followers","6d093688-1bb6-4f86-8256-05f2df87af59",2025-08-26T07:06:23Z,2025-09-28T17:45:47Z,"e771b8d5-2d78-4471-bb22-0c0d9e29a888","90f5bb8e-1da9-441f-b63b-1941b663318b","8","2025",30,"Up by 30-40%","Tracks the growth of your audience over time and reflects how well your content attracts long-term interest.",4,596,13,71,50,
"Followers","6d14054a-313d-4740-9930-d7f6082ce318",2025-08-03T21:05:21Z,2025-09-28T09:43:05Z,"e771b8d5-2d78-4471-bb22-0c0d9e29a888","90f5bb8e-1da9-441f-b63b-1941b663318b","6","2025",100,"100% growth on first month","Tracks the growth of your audience over time and reflects how well your content attracts long-term interest.",4,0,0,0,0,
"Content Engagement","6ea64f59-5af4-4d94-9c89-5c26b0dc34d5",2026-01-22T13:34:25Z,2026-01-22T13:37:58Z,"e771b8d5-2d78-4471-bb22-0c0d9e29a888","fe578398-ead8-4e5c-902c-1ba9d28746b3","0","2026",0,"100% growth as baseline for next quarter","This metric establishes Q1 performance as the baseline, with a targeted 100% growth benchmark set for the following quarter to measure momentum, scalability, and acceleration across key performance indicators.",3,,,,,1
"Content Reach","6f658b4f-55b0-487c-b6f0-15fdb0c38db4",2025-11-25T12:53:53Z,2025-12-05T09:03:48Z,"01f011dc-8d52-4de4-9524-780ccef3313b","1212678d-037b-475a-b187-a27821e2d3c8","11","2025",20,"Up by 20-30%","How many unique users saw your content, key for measuring brand awareness and visibility.

Note: TikTok's & Facebook's native analytics do not separate boosted (paid) and organic reach.",1,338,3289,18662,60,
"Content Engagement","6f8c9db4-81ef-4499-b99b-2639ffe47d93",2025-08-15T17:23:09Z,2025-09-28T08:21:31Z,"e771b8d5-2d78-4471-bb22-0c0d9e29a888","f889f811-6e7f-489d-a7de-dee3fc249d28","6","2025",20,"Up by 20-30%","Tracks likes, shares, comments, and saves—showing how actively your audience is interacting with your content.",3,,,,,
"Content Views","71548766-bdeb-492b-8c9f-056de8fb23a9",2026-01-05T09:15:20Z,2026-01-05T09:15:20Z,"01f011dc-8d52-4de4-9524-780ccef3313b","ba7b39b5-2f96-4c6b-8d55-9e6c7cbd3ea4","1","2026",0,"Up by 15-20%","Measures how many times your content was watched or viewed—helps gauge engagement and content effectiveness.",2,,,,,
"Content Engagement","7206e949-8e67-48ca-9e38-281f5be68519",2025-10-28T06:07:51Z,2025-12-05T08:58:32Z,"01f011dc-8d52-4de4-9524-780ccef3313b","1212678d-037b-475a-b187-a27821e2d3c8","10","2025",20,"Up by 20-30%","Tracks likes, shares, comments, and saves, showing how actively your audience is interacting with your content.

Note: TikTok's native analytics do not separate boosted (paid) and organic engagement.",3,263,48,173,139,
"Content Engagement","74014390-c0e5-4408-a91d-73c74bb50fd1",2025-08-26T07:06:23Z,2025-09-28T17:44:26Z,"e771b8d5-2d78-4471-bb22-0c0d9e29a888","90f5bb8e-1da9-441f-b63b-1941b663318b","8","2025",20,"Up by 15-20%","Tracks likes, shares, comments, and saves—showing how actively your audience is interacting with your content.",3,720,34,363,60,
"Content Reach","75b74c95-0ea7-4d7f-8a52-727d7784665b",2025-12-04T07:41:15Z,2025-12-05T17:19:53Z,"01f011dc-8d52-4de4-9524-780ccef3313b","ba7b39b5-2f96-4c6b-8d55-9e6c7cbd3ea4","11","2025",0,"Up by 15-20%","How many unique users saw your content—key for measuring brand awareness and visibility.",1,189,78083,0,0,
"Content Reach","75fa52e1-e4db-4871-a963-9587a75b56a5",2025-08-04T21:11:49Z,2025-09-28T18:15:25Z,"e771b8d5-2d78-4471-bb22-0c0d9e29a888","1212678d-037b-475a-b187-a27821e2d3c8","7","2025",20,"Up by 20-30%","How many unique users saw your content—key for measuring brand awareness and visibility.",1,196,28,9000,60,
"Content Engagement","77ef3c17-0cc5-411a-8bfc-d8d27ddb291d",2025-12-29T07:17:35Z,2026-01-30T06:05:43Z,"01f011dc-8d52-4de4-9524-780ccef3313b","1212678d-037b-475a-b187-a27821e2d3c8","0","2026",0,"Up by 15-20%","Tracks likes, shares, comments, and saves—showing how actively your audience is interacting with your content.

Note: TikTok's & Facebook's native analytics do not separate boosted (paid) and organic reach.",3,577,79,424,198,1
"Followers","7919779a-a855-4662-baf9-f8812c1cfe7b",2026-01-05T11:21:24Z,2026-01-05T11:21:24Z,"01f011dc-8d52-4de4-9524-780ccef3313b","e65ea50e-6cc6-458d-8f81-1ebf9b702e2d","1","2026",0,"Up by 10-15%","Tracks the growth of your audience over time and reflects how well your content attracts long-term interest.",4,,,,,
"Content Views","796b6134-400e-409d-9061-a948dbc971eb",2025-10-23T06:44:25Z,2025-12-05T09:01:15Z,"01f011dc-8d52-4de4-9524-780ccef3313b","90f5bb8e-1da9-441f-b63b-1941b663318b","10","2025",15,"Up by 15-20%","Measures how many times your content was watched or viewed, helps gauge engagement and content effectiveness.

Note: TikTok's & Facebook's native analytics do not separate boosted (paid) and organic views.",2,6039,483,84009,404,
"Content Engagement","7a0a8056-8c75-46a9-932d-35c1e542b158",2025-12-05T06:38:28Z,2025-12-05T17:22:44Z,"e771b8d5-2d78-4471-bb22-0c0d9e29a888","e65ea50e-6cc6-458d-8f81-1ebf9b702e2d","11","2025",0,"Up by 20-30%","Tracks likes, shares, comments, and saves—showing how actively your audience is interacting with your content.",3,43,8,0,0,
"Followers","7ad881ce-3aea-4b0e-a62a-96a5e0ac3fb0",2025-12-05T06:37:29Z,2025-12-05T16:54:35Z,"e771b8d5-2d78-4471-bb22-0c0d9e29a888","6a782226-83c3-4c2b-a265-c2be8ad567b6","11","2025",0,"Up by 10-15%","Tracks the growth of your audience over time and reflects how well your content attracts long-term interest.",4,12,2,0,0,
"Content Reach","7adf4ff9-5d7b-449f-905e-a29bdd2747fc",2026-01-05T08:54:57Z,2026-01-06T11:10:40Z,"01f011dc-8d52-4de4-9524-780ccef3313b","5dd8d88e-58bc-4e12-9cfb-55a3306b21cd","0","2026",0,"Consistent Reach KPI Range","Instagram: 6,790 - 10,184
Facebook: 565 - 848
TikTok: 225,062 - 337,594
LinkedIn: 1,839 - 2,758

Note: TikTok's & Facebook's native analytics do not separate boosted (paid) and organic reach.",1,,,,,1
"Content Reach","82c34839-8be7-4993-9e30-db14908a1966",2025-08-15T17:22:33Z,2025-09-28T08:21:31Z,"e771b8d5-2d78-4471-bb22-0c0d9e29a888","f889f811-6e7f-489d-a7de-dee3fc249d28","7","2025",20,"Up by 20-30%","How many unique users saw your content—key for measuring brand awareness and visibility.",1,,,,,
"Content Engagement","8370d668-5bef-498b-9db5-baae54bed01a",2026-01-05T09:15:20Z,2026-01-05T09:15:20Z,"01f011dc-8d52-4de4-9524-780ccef3313b","ba7b39b5-2f96-4c6b-8d55-9e6c7cbd3ea4","1","2026",0,"Up by 20-30%","Tracks likes, shares, comments, and saves—showing how actively your audience is interacting with your content.",3,,,,,
"Content Views","8612335e-4af9-4a9b-94c5-f9bd1a8ea5f9",2025-08-04T21:12:18Z,2025-09-28T18:14:35Z,"e771b8d5-2d78-4471-bb22-0c0d9e29a888","1212678d-037b-475a-b187-a27821e2d3c8","7","2025",20,"Up by 20-30%","Measures how many times your content was watched or viewed—helps gauge engagement and content effectiveness.",2,3354,162,10000,133,
"Content Engagement","86f43d05-bf37-44ae-9391-0237060a05e9",2025-12-05T05:29:06Z,2026-01-06T11:27:02Z,"e771b8d5-2d78-4471-bb22-0c0d9e29a888","5dd8d88e-58bc-4e12-9cfb-55a3306b21cd","11","2025",0,"Consistent Engagement KPI Range","Instagram: 2,143 - 3,215
Facebook: 20 - 30
TikTok: 1,520 - 2,294
LinkedIn: 263 - 394

Note: TikTok's native analytics do not separate boosted (paid) and organic engagement.",3,2143,20,1520,263,4
"Followers","8a41bf42-8730-44c7-8b62-8a8f675c5743",2025-10-27T16:28:12Z,2025-12-05T06:36:01Z,"e771b8d5-2d78-4471-bb22-0c0d9e29a888","ba7b39b5-2f96-4c6b-8d55-9e6c7cbd3ea4","10","2025",0,"Up by 100%","Tracks the growth of your audience over time and reflects how well your content attracts long-term interest.",4,0,0,0,0,
"Content Reach","90b81bf4-f79d-476b-974f-5b585dbf8cfc",2025-08-03T21:05:44Z,2025-09-28T17:49:05Z,"01f011dc-8d52-4de4-9524-780ccef3313b","90f5bb8e-1da9-441f-b63b-1941b663318b","7","2025",20,"Up by 20-30%","How many unique users saw your content—key for measuring brand awareness and visibility.",1,961,10,46064,50,
"Content Engagement","9537756f-eb6f-405e-ae38-4d6f38e9fbcc",2026-01-27T13:22:28Z,2026-02-10T08:25:32Z,"e771b8d5-2d78-4471-bb22-0c0d9e29a888","fe6eef75-85a6-4b38-9c21-2c3079846288","0","2026",0,"100% growth as baseline for next quarter","This metric establishes Q1 performance as the baseline, with a targeted 100% growth benchmark set for the following quarter to measure momentum, scalability, and acceleration across key performance indicators.

Instagram: 1000 - 2000
Facebook: 17 - 20
TikTok: 1220 - 1400
LinkedIn: 70 - 80",3,1000,17,1220,70,1
"Followers","991e3423-3900-4ecf-8dc4-472d9b1f463a",2025-12-05T06:38:25Z,2025-12-05T17:23:00Z,"e771b8d5-2d78-4471-bb22-0c0d9e29a888","e65ea50e-6cc6-458d-8f81-1ebf9b702e2d","11","2025",0,"Up by 10-15%","Tracks the growth of your audience over time and reflects how well your content attracts long-term interest.",4,8,2,0,0,
"Content Reach","9987bc61-a3e4-49a9-9b5d-428433d80062",2025-09-28T09:47:53Z,2025-09-28T17:49:22Z,"e771b8d5-2d78-4471-bb22-0c0d9e29a888","90f5bb8e-1da9-441f-b63b-1941b663318b","8","2025",20,"Up by 10-15%","How many unique users saw your content—key for measuring brand awareness and visibility.",1,1153,12,55277,60,
"Followers","9a4ba305-2d06-4734-b4ba-521be907cf5e",2025-11-27T07:32:54Z,2025-12-05T07:50:08Z,"01f011dc-8d52-4de4-9524-780ccef3313b","90f5bb8e-1da9-441f-b63b-1941b663318b","11","2025",20,"Up by 10-15%","Instagram: 120 - 180
Facebook: 19 - 29
TikTok: 29 - 43
LinkedIn: 8 - 12

Note: Tracks the number of new followers gained within a month. The net follower count reflects your real audience total, including new followers, unfollows, and the removal of deactivated or inactive accounts.",4,120,19,29,8,
"Content Engagement","9d23ed94-f612-419d-b236-21d5e1ac07ad",2025-10-27T16:28:05Z,2025-12-05T06:36:01Z,"e771b8d5-2d78-4471-bb22-0c0d9e29a888","ba7b39b5-2f96-4c6b-8d55-9e6c7cbd3ea4","10","2025",0,"Up by 100%","Tracks likes, shares, comments, and saves—showing how actively your audience is interacting with your content.",3,0,0,0,0,
"Followers","a1f3890d-715d-4ab5-96ee-bcea25f37a30",2026-01-05T05:51:20Z,2026-01-28T12:20:07Z,"01f011dc-8d52-4de4-9524-780ccef3313b","90f5bb8e-1da9-441f-b63b-1941b663318b","0","2026",20,"Up by 10-15%","Tracks the number of new followers gained within a month. The net follower count reflects your real audience total, including new followers, unfollows, and the removal of deactivated or inactive accounts.",4,530,83,125,18,1
"Content Reach","a3ba48e1-140b-4707-a0e4-bfab960b8776",2025-12-05T06:38:31Z,2025-12-05T17:22:11Z,"e771b8d5-2d78-4471-bb22-0c0d9e29a888","e65ea50e-6cc6-458d-8f81-1ebf9b702e2d","11","2025",0,"Up by 15-20%","How many unique users saw your content—key for measuring brand awareness and visibility.",1,87,914,0,0,
"Content Views","a58dbeff-be4b-4934-af94-95db6fe09091",2025-12-29T07:17:35Z,2026-01-30T06:05:32Z,"01f011dc-8d52-4de4-9524-780ccef3313b","1212678d-037b-475a-b187-a27821e2d3c8","0","2026",0,"Up by 15-20%","Measures how many times your content was watched or viewed—helps gauge engagement and content effectiveness.

Note: TikTok's & Facebook's native analytics do not separate boosted (paid) and organic reach.",2,14820,46374,71747,1042,1
"Followers","a5c41f01-f56a-41d9-af40-71c258ea8995",2026-01-05T09:15:20Z,2026-01-05T09:15:20Z,"01f011dc-8d52-4de4-9524-780ccef3313b","ba7b39b5-2f96-4c6b-8d55-9e6c7cbd3ea4","1","2026",0,"Up by 10-15%","Tracks the growth of your audience over time and reflects how well your content attracts long-term interest.",4,,,,,
"Content Engagement","a7405bec-e339-44c3-86ae-81522dd675c8",2026-01-05T07:20:13Z,2026-01-06T11:09:07Z,"01f011dc-8d52-4de4-9524-780ccef3313b","ba7b39b5-2f96-4c6b-8d55-9e6c7cbd3ea4","0","2026",0,"Up by 20-30%","Tracks likes, shares, comments, and saves—showing how actively your audience is interacting with your content.",3,,,,,1
"Content Views","a8875126-b727-4af1-8591-77e7e5ce446e",2025-10-27T16:27:58Z,2025-12-05T06:36:01Z,"e771b8d5-2d78-4471-bb22-0c0d9e29a888","ba7b39b5-2f96-4c6b-8d55-9e6c7cbd3ea4","10","2025",0,"Up by 100%","Measures how many times your content was watched or viewed—helps gauge engagement and content effectiveness.",2,0,0,0,0,
"Followers","a9182f4d-974e-45b8-a914-5751520e71e1",2026-01-22T13:34:29Z,2026-01-22T13:37:59Z,"e771b8d5-2d78-4471-bb22-0c0d9e29a888","fe578398-ead8-4e5c-902c-1ba9d28746b3","0","2026",0,"100% growth as baseline for next quarter","This metric establishes Q1 performance as the baseline, with a targeted 100% growth benchmark set for the following quarter to measure momentum, scalability, and acceleration across key performance indicators.",4,,,,,1
"Followers","ad0ee35e-a8a0-47d5-9a03-ee776452ae9c",2025-11-25T06:12:05Z,2026-01-09T11:06:02Z,"7fcd41de-93e6-4778-afa3-5b2dd4205318","90f693b9-af56-47a1-9965-98bf0326b43e","11","2025",1.5,"100% Growth","Tracks the number of new followers gained within a month. The net follower count reflects your real audience total, including new followers, unfollows, and the removal of deactivated or inactive accounts.",4,548,0,539,5,4
"Followers","ae2babc1-6878-430f-aae4-5359994c858f",2026-01-05T10:53:14Z,2026-01-06T11:11:13Z,"01f011dc-8d52-4de4-9524-780ccef3313b","e65ea50e-6cc6-458d-8f81-1ebf9b702e2d","0","2026",0,"Up by 10-15%","Tracks the growth of your audience over time and reflects how well your content attracts long-term interest.",4,,,,,1
"Content Views","aee1ce4b-ff6b-4440-b408-062d9a66cb7a",2025-11-25T12:53:53Z,2025-12-05T09:03:24Z,"01f011dc-8d52-4de4-9524-780ccef3313b","1212678d-037b-475a-b187-a27821e2d3c8","11","2025",20,"Up by 20-30%","Measures how many times your content was watched or viewed, helps gauge engagement and content effectiveness.

Note: TikTok's & Facebook's native analytics do not separate boosted (paid) and organic views.",2,5796,5595,20736,230,
"Content Engagement","b31f5388-83ba-482a-955e-34837c9e8bf0",2025-12-05T06:37:36Z,2025-12-05T16:54:23Z,"e771b8d5-2d78-4471-bb22-0c0d9e29a888","6a782226-83c3-4c2b-a265-c2be8ad567b6","11","2025",0,"Up by 20-30%","Tracks likes, shares, comments, and saves—showing how actively your audience is interacting with your content.",3,32,13,0,0,
"Content Engagement","b3f49b4b-0d2a-4f89-90ea-6401f4e10a02",2025-11-25T06:12:01Z,2026-01-09T10:34:02Z,"7fcd41de-93e6-4778-afa3-5b2dd4205318","90f693b9-af56-47a1-9965-98bf0326b43e","11","2025",0,"100% Growth","Note: TikTok's & Facebook's native analytics do not separate boosted (paid) and organic reach.",3,748,0,7088,8,4
"Content Views","b68319fe-8585-443e-b3bd-b15219b1b485",2025-08-26T07:06:23Z,2025-09-28T17:38:25Z,"e771b8d5-2d78-4471-bb22-0c0d9e29a888","90f5bb8e-1da9-441f-b63b-1941b663318b","8","2025",20,"Up by 10-15%","Measures how many times your content was watched or viewed—helps gauge engagement and content effectiveness.",2,4376,350,60876,293,
"Content Views","b703ce69-5286-4da7-aae8-7e113f096234",2025-11-25T06:11:38Z,2026-01-09T10:33:51Z,"7fcd41de-93e6-4778-afa3-5b2dd4205318","90f693b9-af56-47a1-9965-98bf0326b43e","11","2025",0,"100% Growth","Note: TikTok's & Facebook's native analytics do not separate boosted (paid) and organic reach.",1,72915,0,205915,433,4
"Content Views","bf6a89dc-9678-4f90-9858-81add945bc4b",2026-01-05T07:20:13Z,2026-01-06T11:09:07Z,"01f011dc-8d52-4de4-9524-780ccef3313b","ba7b39b5-2f96-4c6b-8d55-9e6c7cbd3ea4","0","2026",0,"Up by 15-20%","Measures how many times your content was watched or viewed—helps gauge engagement and content effectiveness.",2,,,,,1
"Followers","bfe020d0-3a0b-420c-952d-267d3e95a173",2025-12-29T07:17:35Z,2026-01-30T06:05:51Z,"01f011dc-8d52-4de4-9524-780ccef3313b","1212678d-037b-475a-b187-a27821e2d3c8","0","2026",1.5,"Up by 3-5% ","Tracks the growth of your audience over time and reflects how well your content attracts long-term interest.

Note: TikTok's & Facebook's native analytics do not separate boosted (paid) and organic reach.",4,701,3,40,16,1
"Content Views","c077f9c4-f1f3-4de2-9d84-7a3e7ffec024",2025-09-08T11:45:39Z,2025-09-28T17:14:42Z,"01f011dc-8d52-4de4-9524-780ccef3313b","5dd8d88e-58bc-4e12-9cfb-55a3306b21cd","9","2025",20,"Up by 20-25%  monthly","Measures how many times your content was watched or viewed—helps gauge engagement and content effectiveness.",2,47796,298,179168,4308,
"Content Views","c40de111-9c23-41d9-8c4b-ef0f1eb8bfcf",2025-10-28T06:07:51Z,2025-12-05T08:57:46Z,"01f011dc-8d52-4de4-9524-780ccef3313b","1212678d-037b-475a-b187-a27821e2d3c8","10","2025",20,"Up by 20-30%","Measures how many times your content was watched or viewed, helps gauge engagement and content effectiveness.

Note: TikTok's & Facebook's native analytics do not separate boosted (paid) and organic views.",2,4830,4662,17280,192,
"Content Views","c5856f83-f874-41a5-9b82-a13a4fa09b94",2025-12-05T05:29:12Z,2026-01-06T11:27:02Z,"e771b8d5-2d78-4471-bb22-0c0d9e29a888","5dd8d88e-58bc-4e12-9cfb-55a3306b21cd","11","2025",0,"Consistent Views KPI Range","Instagram: 35,084 - 52,626
Facebook: 682 - 1,023
TikTok: 249,935 - 375,903
LinkedIn: 4,459 - 6689

Note: TikTok's native analytics do not separate boosted (paid) and organic views.",2,35084,682,249935,4459,4
"Content Views","ce838706-4cc2-410d-bcb8-7ea9df367ad1",2026-01-27T13:19:06Z,2026-01-28T07:16:11Z,"e771b8d5-2d78-4471-bb22-0c0d9e29a888","0e90ed6d-2dbc-48b2-aeea-fe5b0928abd5","0","2026",0,"Up by 50-75%","Instagram: 2,329 - 3,396
Facebook: 11 - 16
TikTok: 12,000 - 18,000
LinkedIn: 44 - 64

Note: TikTok's & Facebook's native analytics do not separate boosted (paid) and organic reach.",2,2329,11,12000,44,1
"Content Engagement","cf6c4f7b-3beb-48ac-9623-8c8042f3bb55",2025-12-04T07:41:15Z,2025-12-05T17:18:59Z,"01f011dc-8d52-4de4-9524-780ccef3313b","ba7b39b5-2f96-4c6b-8d55-9e6c7cbd3ea4","11","2025",0,"Up by 20-30%","Tracks likes, shares, comments, and saves—showing how actively your audience is interacting with your content.",3,91,70,0,0,
"Followers","d02250fd-7fef-4aef-8395-20e276730f6b",2025-08-03T18:50:46Z,2025-09-28T17:30:18Z,"01f011dc-8d52-4de4-9524-780ccef3313b","5dd8d88e-58bc-4e12-9cfb-55a3306b21cd","7","2025",2,"Up by 2-5% monthly","Tracks the growth of your audience over time and reflects how well your content attracts long-term interest.",4,18511,1655,2734,5267,
"Content Engagement","d210f234-39f4-42cb-a055-30a47ea29883",2025-11-25T12:53:53Z,2025-12-05T09:03:32Z,"01f011dc-8d52-4de4-9524-780ccef3313b","1212678d-037b-475a-b187-a27821e2d3c8","11","2025",20,"Up by 20-30%","Tracks likes, shares, comments, and saves, showing how actively your audience is interacting with your content.

Note: TikTok's native analytics do not separate boosted (paid) and organic engagement.",3,316,58,208,167,
"Content Engagement","d2dbac01-a1d9-4344-90e6-be60781f4849",2026-01-05T08:54:57Z,2026-01-06T11:10:40Z,"01f011dc-8d52-4de4-9524-780ccef3313b","5dd8d88e-58bc-4e12-9cfb-55a3306b21cd","0","2026",0,"Consistent Engagement KPI Range","Instagram: 2,143 - 3,215
Facebook: 20 - 30
TikTok: 1,520 - 2,294
LinkedIn: 263 - 394

Note: TikTok's native analytics do not separate boosted (paid) and organic engagement.",3,,,,,1
"Content Engagement","d410fff2-55e3-4d42-9d9a-96b4c959ef85",2025-09-22T08:30:35Z,2025-09-28T17:44:29Z,"01f011dc-8d52-4de4-9524-780ccef3313b","90f5bb8e-1da9-441f-b63b-1941b663318b","9","2025",20,"Up by 15-20%","Tracks likes, shares, comments, and saves—showing how actively your audience is interacting with your content.",3,864,41,436,72,
"Followers","d620d693-4d00-4bb5-8c72-c05923dd88b6",2025-10-23T06:44:24Z,2025-12-05T07:35:10Z,"01f011dc-8d52-4de4-9524-780ccef3313b","90f5bb8e-1da9-441f-b63b-1941b663318b","10","2025",10,"Up by 10-15%","Instagram: 120 - 180
Facebook: 19 - 29
TikTok: 29 - 43
LinkedIn: 8 - 12

Note: Tracks the number of new followers gained within a month. The net follower count reflects your real audience total, including new followers, unfollows, and the removal of deactivated or inactive accounts.",4,120,19,29,8,
"Content Reach","da6b9cf6-3efe-42d1-820b-80063c1f3830",2025-12-29T07:17:35Z,2026-01-30T06:05:12Z,"01f011dc-8d52-4de4-9524-780ccef3313b","1212678d-037b-475a-b187-a27821e2d3c8","0","2026",0,"Up by 15-20%","How many unique users saw your content—key for measuring brand awareness and visibility.

Note: TikTok's & Facebook's native analytics do not separate boosted (paid) and organic reach.",1,1538,33314,65764,360,1
"Followers","dca84509-7393-4a7d-94b1-da08457714f0",2025-09-22T08:30:35Z,2025-12-03T10:21:33Z,"01f011dc-8d52-4de4-9524-780ccef3313b","90f5bb8e-1da9-441f-b63b-1941b663318b","9","2025",30,"Up by 30-40%","Tracks the growth of your audience over time and reflects how well your content attracts long-term interest.",4,667,123,141,9,
"Content Reach","ddf4ec73-5c88-4be2-ac36-7185bb557c96",2025-08-15T17:23:29Z,2025-09-28T08:21:31Z,"e771b8d5-2d78-4471-bb22-0c0d9e29a888","f889f811-6e7f-489d-a7de-dee3fc249d28","6","2025",20,"Up by 20-30%","How many unique users saw your content—key for measuring brand awareness and visibility.",1,,,,,
"socialMediaPostsRepeater","dedd1a21-c95e-4336-95b6-66cbec43234d",2026-01-22T13:34:05Z,2026-01-22T13:34:06Z,"e771b8d5-2d78-4471-bb22-0c0d9e29a888",,,,,,,,,,,,
"Content Engagement","df4edb65-088f-4263-81d1-04ba62ef7aa6",2025-08-03T21:05:10Z,2025-09-28T09:43:05Z,"e771b8d5-2d78-4471-bb22-0c0d9e29a888","90f5bb8e-1da9-441f-b63b-1941b663318b","6","2025",100,"100% growth on first month","Tracks likes, shares, comments, and saves—showing how actively your audience is interacting with your content.",3,0,0,0,0,
"Followers","e110e9bc-eca5-47c1-ada0-58c4ee0e413a",2025-09-22T09:18:34Z,2025-12-05T07:57:45Z,"01f011dc-8d52-4de4-9524-780ccef3313b","1212678d-037b-475a-b187-a27821e2d3c8","9","2025",10,"Up by 1.5-3%","Instagram: 99 - 197
Facebook: 2 - 3
TikTok: 25 - 51
LinkedIn: 3 - 6

Note: Tracks the number of new followers gained within a month. The net follower count reflects your real audience total, including new followers, unfollows, and the removal of deactivated or inactive accounts",4,99,2,25,3,
"Content Reach","e77ea203-256e-43a7-9aa2-2fc3e542b394",2025-08-25T16:53:54Z,2025-09-28T17:20:51Z,"01f011dc-8d52-4de4-9524-780ccef3313b","5dd8d88e-58bc-4e12-9cfb-55a3306b21cd","8","2025",20,"Up by 20-25%  monthly","How many unique users saw your content—key for measuring brand awareness and visibility.",1,8486,336,120399,261,
"Content Reach","e7bf3dca-cb39-427c-81b9-1e731ad1beff",2026-01-05T11:21:24Z,2026-01-05T11:21:24Z,"01f011dc-8d52-4de4-9524-780ccef3313b","e65ea50e-6cc6-458d-8f81-1ebf9b702e2d","1","2026",0,"Up by 15-20%","How many unique users saw your content—key for measuring brand awareness and visibility.",1,,,,,
"Content Engagement","e9d823fe-0066-48f7-b74a-fd8e2d10a766",2025-12-29T07:43:43Z,2026-01-30T06:17:04Z,"01f011dc-8d52-4de4-9524-780ccef3313b","90f693b9-af56-47a1-9965-98bf0326b43e","0","2026",0,"Up by 15-20%","Tracks likes, shares, comments, and saves—showing how actively your audience is interacting with your content.

Note: TikTok's & Facebook's native analytics do not separate boosted (paid) and organic reach.",3,1528,219,8466,50,1
"Content Engagement","e9e6b83b-2cc8-4996-bce8-e6b31d2bd7f9",2025-10-23T06:44:24Z,2025-12-05T09:00:59Z,"01f011dc-8d52-4de4-9524-780ccef3313b","90f5bb8e-1da9-441f-b63b-1941b663318b","10","2025",20,"Up by 20-30%","Tracks likes, shares, comments, and saves, showing how actively your audience is interacting with your content.

Note: TikTok's native analytics do not separate boosted (paid) and organic engagement.",3,1037,49,523,86,
"Content Views","ec0acefc-4233-4fef-bff1-ef17d64851a2",2025-08-25T19:07:09Z,2025-09-28T18:15:01Z,"01f011dc-8d52-4de4-9524-780ccef3313b","1212678d-037b-475a-b187-a27821e2d3c8","8","2025",20,"Up by 20-30%","Measures how many times your content was watched or viewed—helps gauge engagement and content effectiveness.",2,3354,162,12000,133,
"Content Views","ec4db12b-2aea-4c69-897b-e54831a59877",2026-01-05T10:53:14Z,2026-01-06T11:11:13Z,"01f011dc-8d52-4de4-9524-780ccef3313b","e65ea50e-6cc6-458d-8f81-1ebf9b702e2d","0","2026",0,"Up by 15-20%","Measures how many times your content was watched or viewed—helps gauge engagement and content effectiveness.",2,,,,,1
"Content Engagement","ed893024-95c0-49e3-b864-b27ebfe3f6d1",2026-01-05T05:51:20Z,2026-01-28T12:20:11Z,"01f011dc-8d52-4de4-9524-780ccef3313b","90f5bb8e-1da9-441f-b63b-1941b663318b","0","2026",20,"Up by 15-20%","Tracks likes, shares, comments, and saves, showing how actively your audience is interacting with your content.

Note: TikTok's & Facebook's native analytics do not separate boosted (paid) and organic engagement.",3,1445,83,546,427,1
"Followers","ee3f03a6-f1ed-4a53-8ea7-338ece46b70b",2025-12-29T07:43:43Z,2026-01-30T06:17:11Z,"01f011dc-8d52-4de4-9524-780ccef3313b","90f693b9-af56-47a1-9965-98bf0326b43e","0","2026",1.5,"Up by 3-5% ","Tracks the growth of your audience over time and reflects how well your content attracts long-term interest.

Note: TikTok's & Facebook's native analytics do not separate boosted (paid) and organic reach.",4,588,11,583,9,1
"Content Reach","ef709804-95eb-44c4-a3f8-9c70041f1fcb",2025-10-28T06:07:51Z,2025-12-05T08:57:00Z,"01f011dc-8d52-4de4-9524-780ccef3313b","1212678d-037b-475a-b187-a27821e2d3c8","10","2025",20,"Up by 20-30%","How many unique users saw your content, key for measuring brand awareness and visibility.

Note: TikTok's & Facebook's native analytics do not separate boosted (paid) and organic reach.",1,282,2741,15552,50,
"Content Reach","f048ea2c-3242-404b-ab0b-0499aa8e8e42",2025-09-28T09:47:49Z,2025-09-28T17:49:35Z,"e771b8d5-2d78-4471-bb22-0c0d9e29a888","90f5bb8e-1da9-441f-b63b-1941b663318b","9","2025",20,"Up by 10-15%","How many unique users saw your content—key for measuring brand awareness and visibility.",1,1383,14,66332,72,
"Content Reach","f4d29239-c2df-409b-b471-8b0e3709a45a",2026-01-05T05:51:20Z,2026-01-28T12:20:16Z,"01f011dc-8d52-4de4-9524-780ccef3313b","90f5bb8e-1da9-441f-b63b-1941b663318b","0","2026",15,"Up by 15-20%","How many unique users saw your content, key for measuring brand awareness and visibility.

Note: TikTok's & Facebook's native analytics do not separate boosted (paid) and organic views.",2,5214,27321,192759,865,1
"Content Views","f5731666-9695-4755-a393-136e27068d7c",2026-01-05T08:54:57Z,2026-01-06T11:10:40Z,"01f011dc-8d52-4de4-9524-780ccef3313b","5dd8d88e-58bc-4e12-9cfb-55a3306b21cd","0","2026",0,"Consistent Views KPI Range","Instagram: 35,084 - 52,626
Facebook: 682 - 1,023
TikTok: 249,935 - 375,903
LinkedIn: 4,459 - 6689

Note: TikTok's native analytics do not separate boosted (paid) and organic views.",2,,,,,1
"Content Views","f95cd87a-3567-479c-9019-8166c2493766",2025-12-04T07:41:15Z,2025-12-05T17:19:29Z,"01f011dc-8d52-4de4-9524-780ccef3313b","ba7b39b5-2f96-4c6b-8d55-9e6c7cbd3ea4","11","2025",0,"Up by 15-20%","Measures how many times your content was watched or viewed—helps gauge engagement and content effectiveness.",2,1071,1130296,0,0,
"Followers","fbe998b2-2752-4fc1-9289-e2a6a6f401fa",2025-08-15T17:22:58Z,2025-09-28T08:21:31Z,"e771b8d5-2d78-4471-bb22-0c0d9e29a888","f889f811-6e7f-489d-a7de-dee3fc249d28","6","2025",2,"Up by 2-5%","Tracks the growth of your audience over time and reflects how well your content attracts long-term interest.",4,,,,,
"Followers","fd00443b-6712-4674-97d3-10632b1fea4b",2026-01-27T13:22:30Z,2026-02-10T08:28:43Z,"e771b8d5-2d78-4471-bb22-0c0d9e29a888","fe6eef75-85a6-4b38-9c21-2c3079846288","0","2026",0,"100% growth as baseline for next quarter","This metric establishes Q1 performance as the baseline, with a targeted 100% growth benchmark set for the following quarter to measure momentum, scalability, and acceleration across key performance indicators.

Instagram: 100 - 200
Facebook: 7 - 10
TikTok: 21 - 30
LinkedIn: 10 - 15",4,100,7,21,10,1
"Content Reach","fdf852ac-415a-4310-8eef-ceae813b48e2",2025-08-03T21:04:01Z,2025-09-28T09:55:56Z,"e771b8d5-2d78-4471-bb22-0c0d9e29a888","90f5bb8e-1da9-441f-b63b-1941b663318b","6","2025",100,"100% growth on first month","How many unique users saw your content—key for measuring brand awareness and visibility.",1,0,0,0,0,
"Content Reach","fe10f09b-b684-4a3e-991b-202468789d6b",2025-12-29T07:43:43Z,2026-01-30T06:16:50Z,"01f011dc-8d52-4de4-9524-780ccef3313b","90f693b9-af56-47a1-9965-98bf0326b43e","0","2026",0,"Up by 15-20%","How many unique users saw your content—key for 
measuring brand awareness and visibility.

Note: TikTok's & Facebook's native analytics do not separate boosted (paid) and organic reach.",2,18708,109092,240815,299,1
"Content Reach","ff980d87-a123-47ae-bf6c-dcbf86f9a228",2026-01-05T07:20:13Z,2026-01-06T11:09:07Z,"01f011dc-8d52-4de4-9524-780ccef3313b","ba7b39b5-2f96-4c6b-8d55-9e6c7cbd3ea4","0","2026",0,"Up by 15-20%","How many unique users saw your content—key for measuring brand awareness and visibility.",1,,,,,1
"Content Engagement","ffafe264-f6b5-4e0c-89ab-6e4ab5b7d6b4",2025-09-25T15:49:27Z,2025-09-28T08:21:31Z,"01f011dc-8d52-4de4-9524-780ccef3313b","f889f811-6e7f-489d-a7de-dee3fc249d28","9","2025",20,"Up by 20-30%","Tracks likes, shares, comments, and saves—showing how actively your audience is interacting with your content.",3,,,,,
