"ID","Created Date","Updated Date","Owner","project","month","year","slug","Reports","company","recommendations","monthName","title","strategy"
"08e0b2ea-e89d-4ee7-ac44-26eac4b15c5b",2025-09-19T08:22:36Z,2025-09-19T08:22:36Z,"01f011dc-8d52-4de4-9524-780ccef3313b","1212678d-037b-475a-b187-a27821e2d3c8","1","2025","2025-february-743079","/reports/2025-february-743079","e5a8f142-b45d-4375-973d-f0cc776663e1",,"february",,
"11141961-85fd-4a11-ad7c-949ee8c53e40",2026-01-29T11:42:27Z,2026-01-29T11:42:27Z,,"0e90ed6d-2dbc-48b2-aeea-fe5b0928abd5","0","2026","2026-january-243416","/reports/2026-january-243416","8e973dbb-d6fd-4cf8-94a8-10f51ec8f4a0",,"january",,
"117569b7-2efc-455b-b162-a46033f8422c",2025-10-23T06:23:15Z,2025-10-23T06:23:29Z,"01f011dc-8d52-4de4-9524-780ccef3313b","ba7b39b5-2f96-4c6b-8d55-9e6c7cbd3ea4","9","2025","2025-october-671389","/reports/2025-october-671389","18b7a26f-7f8a-456f-a7c6-d26aa1535fec",,"october",,"9d2e67d3-101d-46da-ba67-ad6e1cdce20f"
"18bef560-5193-4a03-9a54-c56b4461b06d",2025-10-06T06:47:39Z,2025-10-06T06:47:39Z,"01f011dc-8d52-4de4-9524-780ccef3313b","c27ec391-f198-49d2-a60e-6a3516fb252b","9","2025","2025-october-24990","/reports/2025-october-24990","448570ff-ae32-45a3-8790-5bca1175adae",,"october",,
"1a35bf41-7055-4a27-8505-6c31c8c904e7",2025-08-03T19:36:14Z,2025-09-01T11:31:53Z,"01f011dc-8d52-4de4-9524-780ccef3313b","90f5bb8e-1da9-441f-b63b-1941b663318b","7","2025","2025-august-29250","/reports/2025-august-29250","cc1e8c94-1f3d-4942-ba0a-3f5041a105cc","<p>For September, the focus will be to strengthen Crypto Homes DXB’s position as the go-to authority for crypto-backed property investments, while engaging both crypto enthusiasts and real estate investors through consistent, value-driven content.</p><p> </p><p><span style=""font-weight:bold"">Content Pillars:</span></p><ol><li><span style=""font-weight:bold"">Education &amp; Awareness</span> – Simplify crypto + property basics through quick explainers, guides, and interactive Stories.</li><li><span style=""font-weight:bold"">Market Insights &amp; Trends</span> – Share data-driven updates and LinkedIn thought leadership to build credibility.</li><li><span style=""font-weight:bold"">Engagement &amp; Entertainment</span> – Leverage viral formats, quizzes, and polls to drive community interaction.</li><li><span style=""font-weight:bold"">Jake’s Take</span> – Spotlight Jake Jones as a thought leader through long-form insights, repurposed into Q&amp;A reels.</li><li><span style=""font-weight:bold"">How to Use the Website</span> – Tutorials, walkthroughs, and carousels that make the platform easy to use and drive site traffic.</li></ol><p> </p><p>The goal this month is to balance education, credibility, and engagement, while ensuring consistent delivery across Reels, static posts, Stories, and LinkedIn to increase visibility and platform adoption.</p>","august","Crypto Homes - August 2025 - Social Media Report","f41a2e6b-986f-4ea6-91be-18b5a9a6d201"
"1d93eb29-bed0-4ff8-8848-bee05ab9b987",2026-01-05T07:07:08Z,2026-01-05T07:07:08Z,"01f011dc-8d52-4de4-9524-780ccef3313b","90f5bb8e-1da9-441f-b63b-1941b663318b","2","2025","2025-march-29250","/reports/2025-march-29250","cc1e8c94-1f3d-4942-ba0a-3f5041a105cc",,"march",,
"2484ccda-b8b9-4ff8-90ae-3dc1751f2ac3",2025-08-03T19:36:21Z,2025-08-04T20:03:57Z,"01f011dc-8d52-4de4-9524-780ccef3313b","90f5bb8e-1da9-441f-b63b-1941b663318b","6","2025","2025-july-29250","/reports/2025-july-29250","cc1e8c94-1f3d-4942-ba0a-3f5041a105cc","<p><span style=""font-weight:bold"">Key Insights</span></p><ul><li><span style=""font-weight:bold"">TikTok is a breakout performer</span> in terms of reach and views – ideal for viral, high-impact content.</li><li><span style=""font-weight:bold"">Instagram has the strongest engagement-to-follower ratio</span> and is proving to be the go-to platform for profile traffic and conversion potential.</li><li><span style=""font-weight:bold"">LinkedIn is performing modestly</span>, but aligns well with Crypto Homes’ investor-driven and B2B potential.</li><li><span style=""font-weight:bold"">Facebook shows minimal traction</span>, possibly due to limited targeting or content alignment.</li></ul><p> </p><p><span style=""font-weight:bold"">Agency Recommendations</span></p><p> </p><p>1. <span style=""font-weight:bold"">Double Down on Instagram &amp; TikTok</span></p><ul><li>Allocate 70% of creative resources and paid boosting budget here.</li><li>Focus on <span style=""font-style:italic"">value-driven content</span> like crypto FAQs, Dubai real estate highlights, behind-the-scenes, and quick explainer Reels.</li><li>Experiment with <span style=""font-weight:bold"">short-form reels (15-30s)</span> and add CTA overlays to increase profile clicks.</li><li>More engaging content focusing on reels: UCG, educational, about the founder, how to&#x27;s - boosted</li><li>Market insight posts and stories</li></ul><p> </p><p>2. <span style=""font-weight:bold"">Optimise LinkedIn for Credibility</span></p><ul><li>Position the brand as a <span style=""font-weight:bold"">thought leader</span> in crypto-backed real estate.</li><li>Share content on market insights, success stories, and team updates.</li><li>Encourage founders or leadership to repost and engage via personal profiles.</li></ul><p> </p><p>3. <span style=""font-weight:bold"">Evaluate Facebook’s Role</span></p><ul><li>Current traction is low — either shift it to a content repurposing platform or test a hyper-targeted ad strategy before scaling further.</li></ul><p> </p><p><span style=""font-weight:bold"">Note: Distribute 5 reels that were not posted this month to:</span></p><ul><li>August - 2</li><li>September - 2</li><li>October - 1</li></ul><p> </p>","july","Crypto Homes - July 2025 - Social Media Report","af4996a3-cb57-4210-afcf-186662ce5cac"
"257becf4-5ae5-4b99-a197-839d49c19194",2025-09-01T11:06:27Z,2025-10-06T04:31:04Z,"01f011dc-8d52-4de4-9524-780ccef3313b","5dd8d88e-58bc-4e12-9cfb-55a3306b21cd","8","2025","2025-september-710659","/reports/2025-september-710659","56eac7e9-af94-47c0-b4b1-2a4101a9b0c1","<p><span style=""font-weight:bold"">Double Down on Culture &amp; Lifestyle Content</span></p><ul><li>Continue producing culture-driven (behind-the-scenes, team stories, recruitment, deep dive into agents careers and professional life) and lifestyle (aspirational, human stories, environment) content these formats are clearly resonating with our audience.</li><li>Allocate more creative resourcesL time, budget, ideation to evolving those top performers into series.</li><li>Use the successful posts as blueprints: replicate structure, tone, pacing, and storytelling style in new topics or verticals.</li><li>Blend in hybrid formats: culture + project, lifestyle, so you stay relevant while maintaining reach.</li><li>Reduce investment (time/budget) on weaker formats that underperformed; reallocate those resources into culture &amp; lifestyle.</li><li>Monitor micro-metrics (saves, shares, comments) for new culture and lifestyle pieces to quickly iterate and optimise.</li></ul>","september","Elite Property DXB - September 2025 - Social Media Marketing & Website Blogs Report","f33b8bfe-c2f0-472e-bb81-6a873aa3f3af"
"27b3cee9-aab6-44de-aac7-b5c5c9a86419",2026-01-05T06:36:41Z,2026-01-05T06:36:41Z,"01f011dc-8d52-4de4-9524-780ccef3313b","90f693b9-af56-47a1-9965-98bf0326b43e","0","2026","2026-january-791373","/reports/2026-january-791373","34a2f467-ef8e-4733-b6ad-7d176e614466",,"january",,
"2b1df98e-b618-40af-94f3-29347e563580",2026-01-05T08:54:57Z,2026-01-05T08:55:12Z,"01f011dc-8d52-4de4-9524-780ccef3313b","5dd8d88e-58bc-4e12-9cfb-55a3306b21cd","0","2026","2026-january-710659","/reports/2026-january-710659","56eac7e9-af94-47c0-b4b1-2a4101a9b0c1",,"january",,"503fc6bb-dbb0-469f-85b1-c998da9666db"
"32f49c60-5159-4750-9496-b4455cd8b1d7",2026-02-02T05:12:00Z,2026-02-02T05:12:00Z,"01f011dc-8d52-4de4-9524-780ccef3313b","90f5bb8e-1da9-441f-b63b-1941b663318b","1","2026","2026-february-29250","/reports/2026-february-29250","cc1e8c94-1f3d-4942-ba0a-3f5041a105cc",,"february",,
"380d68c5-842b-4ecd-b93c-994a2b7ab807",2026-01-05T05:51:22Z,2026-01-05T05:51:22Z,"01f011dc-8d52-4de4-9524-780ccef3313b","90f5bb8e-1da9-441f-b63b-1941b663318b","0","2025","2025-january-29250","/reports/2025-january-29250","cc1e8c94-1f3d-4942-ba0a-3f5041a105cc",,"january",,
"3a6dea06-85a3-45a2-8d45-fdc9022fca64",2026-01-02T07:27:56Z,2026-01-02T07:27:56Z,"01f011dc-8d52-4de4-9524-780ccef3313b","1212678d-037b-475a-b187-a27821e2d3c8","0","2024","2024-january-743079","/reports/2024-january-743079","e5a8f142-b45d-4375-973d-f0cc776663e1",,"january",,
"3c0ea2f4-4c0b-4cab-a579-09c5ab895649",2025-09-28T09:50:47Z,2025-09-28T09:50:47Z,"01f011dc-8d52-4de4-9524-780ccef3313b","90f5bb8e-1da9-441f-b63b-1941b663318b","3","2025","2025-april-29250","/reports/2025-april-29250","cc1e8c94-1f3d-4942-ba0a-3f5041a105cc",,"april",,
"3dc57fad-40f4-4dd5-95ef-9005bb0feb46",2025-08-05T12:49:41Z,2025-08-17T06:53:28Z,"01f011dc-8d52-4de4-9524-780ccef3313b","1212678d-037b-475a-b187-a27821e2d3c8","7","2025","2025-august-743079","/reports/2025-august-743079","e5a8f142-b45d-4375-973d-f0cc776663e1","<p> </p><p><span style=""font-weight:bold"">Notes:</span></p><p> </p><p><span style=""font-weight:bold"">Instagram Followers</span>The recent drop in Instagram follower numbers is due to Instagram’s latest platform update, where inactive, spam, and bot accounts have been systematically deactivated in line with their community guidelines. This adjustment ensures that follower counts reflect genuine, engaged users and improves overall account authenticity.</p>","august","Airstay Holiday Homes - August 2025 - Social Media Marketing Report",
"427b0e90-eaa4-474a-b483-a6c16ca1d5ed",2025-08-15T17:01:32Z,2025-08-15T17:01:32Z,"01f011dc-8d52-4de4-9524-780ccef3313b","f889f811-6e7f-489d-a7de-dee3fc249d28","6","2025","2025-july-436945","/reports/2025-july-436945","426d8f37-fc41-444b-ab15-e9fc7bbb0933",,"july",,
"46323788-bdec-4181-b815-4f2d3211dc4e",2025-09-01T10:03:40Z,2025-10-28T06:04:40Z,"01f011dc-8d52-4de4-9524-780ccef3313b","90f5bb8e-1da9-441f-b63b-1941b663318b","8","2025","2025-september-29250","/reports/2025-september-29250","cc1e8c94-1f3d-4942-ba0a-3f5041a105cc","<p>Scale What Works and Spotlight the Founders</p><p> </p><p><span style=""font-weight:bold"">1. Double Down on Top Performing Reels</span></p><ul><li>Identify which reel themes (such as market insights, “Jake’s Take,” or myth/fact formats) delivered the highest reach and engagement.</li><li>Recreate those formats more often using new topics or visual styles while keeping the same proven structure.</li><li>Use these as templates to explore related subjects and maintain consistent momentum.</li></ul><p> </p><p><span style=""font-weight:bold"">2. Increase Jake and Aaron’s Exposure</span></p><ul><li>Feature more videos where Jake and Aaron speak directly to the audience, sharing their insights and stories.</li><li>Launch a “Jake &amp; Aaron Q&amp;A” series where they answer audience questions in short Reels or Lives.</li><li>Post joint Reels or clips that show their conversations and different perspectives.</li><li>Strengthen their presence on LinkedIn with articles and posts written by them to reach a professional audience.</li></ul><p> </p><p><span style=""font-weight:bold"">3. Blend Reels Across Content Pillars</span></p><ul><li>Add Jake or Aaron’s voice to educational and market insight Reels to make them feel more personal.</li><li>End each educational reel with a short founder-led tip or insight to connect the content back to the brand.</li></ul><p> </p><p><span style=""font-weight:bold"">4. Repurpose High Performing Reels Across Platforms</span></p><ul><li>Share short clips as Stories, Shorts, or TikTok teasers.</li><li>Use them as LinkedIn video previews with links to the full Reel.</li><li>Embed clips in newsletters or blogs to increase cross-platform visibility.</li></ul>","september","Crypto Homes DXB - September 2025 - Social Media Marketing & Website Blog Report","5b47738e-e908-45ad-b8e1-abe917b219c1"
"4a4d3c50-a38a-4666-8685-6ab43dba4baa",2025-11-03T05:11:52Z,2025-12-04T06:01:34Z,"01f011dc-8d52-4de4-9524-780ccef3313b","1212678d-037b-475a-b187-a27821e2d3c8","10","2025","2025-november-743079","/reports/2025-november-743079","e5a8f142-b45d-4375-973d-f0cc776663e1","<p><span style=""font-weight:bold"">Notes:</span></p><p> </p><p><span style=""font-weight:bold"">1. Holiday-Themed Content Direction</span><br/>Integrate more Christmas and New Year elements throughout the month. This includes festive décor, staycations, fun and exciting guest-focused holiday narratives. Content should feel warm, inviting, and reflective of the season.</p><p> </p><p><span style=""font-weight:bold"">2. Aspirational Storytelling Rooted in Dubai</span><br/>Position Dubai as the ultimate December destination by highlighting its weather, location, events, and vibrant atmosphere. Reinforce Airstay as the ideal choice for this season by showcasing our elevated service, seamless stays, and premium locations. Property features and neighbourhood advantages should be consistently tied into the narrative.</p><p> </p><p><span style=""font-weight:bold"">3. Family &amp; Emotional Moments</span><br/>Prioritise content that taps into togetherness: family dinners, holiday mornings, meaningful reunions, and shared experiences inside the home. Emotional, lifestyle-led storytelling will help strengthen brand affinity and encourage bookings during this peak travel period.</p>","november","Airstay - November 2025 - Social Media Marketing & Website Blog Report","8a8351fa-2a70-4712-9f85-fc3b7bcfa52e"
"4ab37d54-5119-4c7e-b9ca-512e66474d50",2025-11-18T05:48:11Z,2025-11-18T05:48:11Z,"01f011dc-8d52-4de4-9524-780ccef3313b","b7444ad8-e438-49ce-b78a-df4a2ed60dd8","10","2025","2025-november-583012","/reports/2025-november-583012","c4723d06-5b05-482c-b318-5472ec4c334f",,"november",,
"4acf63b4-8208-4765-b90f-3a5ddbd2ef71",2026-01-05T06:36:44Z,2026-01-06T06:41:51Z,"01f011dc-8d52-4de4-9524-780ccef3313b","90f693b9-af56-47a1-9965-98bf0326b43e","0","2025","2025-january-791373","/reports/2025-january-791373","34a2f467-ef8e-4733-b6ad-7d176e614466",,"january",,"f56e5769-ac85-444a-b318-65a13ddea16e"
"4d4eb717-ba3f-4752-9113-3035f361ed3f",2025-10-02T11:06:59Z,2025-11-05T05:30:49Z,"01f011dc-8d52-4de4-9524-780ccef3313b","90f5bb8e-1da9-441f-b63b-1941b663318b","9","2025","2025-october-29250","/reports/2025-october-29250","cc1e8c94-1f3d-4942-ba0a-3f5041a105cc","<p>Scale What Works and Spotlight the Founders</p><p> </p><p><span style=""font-weight:bold"">1. Process Tutorials &amp; “How-To” Content</span></p><ul><li>Develop step-by-step walkthroughs demonstrating how to navigate the Crypto Homes DXB website, from browsing listings to completing secure transactions.</li><li>Focus on simplifying the customer journey by showing how the platform works in practice.</li></ul><p><span style=""font-weight:bold"">2. Founder-Led Educational Content</span></p><ul><li>Launch “Jake &amp; Aaron: The Crypto Property Perspective” as a recurring content series across Reels, LinkedIn, and YouTube Shorts.</li><li>Strengthen their presence on LinkedIn with articles and posts written by them to reach a professional audience.</li><li>Focus: Breaking down investment strategies, market changes, and regulation.</li></ul><p><span style=""font-weight:bold"">3. Community Engagement Reels &amp; Stories</span></p><p>Increase the volume of interactive content (polls, quizzes, and “Myth vs. Fact” reels) to boost conversation depth and engagement quality.</p><p><span style=""font-weight:bold"">4. Short-Form Market Updates</span></p><ul><li>Maintain a consistent cadence of “Crypto News” reels and Industry/Market Insight snapshots.</li><li>Repurpose these across TikTok, LinkedIn, and Instagram Reels to strengthen brand authority and improve cross-platform reach.</li></ul><p><span style=""font-weight:bold"">5. High-Impact Property Showcases</span></p><p>Focus on cinematic tours with BTC overlays and lifestyle elements.</p>","october","Crypto Homes DXB - October 2025 - Social Media Marketing & Website Blog Report","a5db7634-067f-432e-8771-cba6ce40e9ff"
"4f84da74-b5cf-4fc0-8d44-ad93656ad685",2026-01-05T10:53:13Z,2026-01-05T11:30:28Z,"01f011dc-8d52-4de4-9524-780ccef3313b","e65ea50e-6cc6-458d-8f81-1ebf9b702e2d","0","2026","2026-january-232277","/reports/2026-january-232277","13a7054a-69bb-4514-8cf0-99c746f8aaee",,"january","Lino Lada - January 2026 - Social Media & Content Strategy Report","fc2b23fa-1375-4295-8f4e-e75869b7890f"
"57bdc424-60d8-4b63-8026-c1b90550ea6a",2025-12-05T16:51:52Z,2025-12-05T16:51:52Z,"01f011dc-8d52-4de4-9524-780ccef3313b","6a782226-83c3-4c2b-a265-c2be8ad567b6","9","2025","2025-october-404666","/reports/2025-october-404666","40a8a1f7-5a78-4af6-b050-00f2e457ee04",,"october",,
"5a8217e7-3af3-4947-be4e-41516c965171",2025-08-03T20:02:35Z,2025-09-30T09:07:18Z,"01f011dc-8d52-4de4-9524-780ccef3313b","90f5bb8e-1da9-441f-b63b-1941b663318b","5","2025","2025-june-29250","/reports/2025-june-29250","cc1e8c94-1f3d-4942-ba0a-3f5041a105cc",,"june",,"25fae91f-89e8-4167-a984-91356c9dd1dd"
"5b5b1b3e-d715-4d1c-bda8-d913f87ab124",2025-08-08T07:12:52Z,2025-08-18T06:39:49Z,"01f011dc-8d52-4de4-9524-780ccef3313b","f889f811-6e7f-489d-a7de-dee3fc249d28","7","2025","2025-august-436945","/reports/2025-august-436945","426d8f37-fc41-444b-ab15-e9fc7bbb0933",,"august","Mutant August 2025 - Social Media & Website Blogs Report","18c4e00c-cf06-410c-8823-647f55c82e82"
"5b836a0e-119a-4461-b253-994af6fa8747",2026-02-02T05:21:16Z,2026-02-02T05:21:16Z,"01f011dc-8d52-4de4-9524-780ccef3313b","5dd8d88e-58bc-4e12-9cfb-55a3306b21cd","1","2026","2026-february-710659","/reports/2026-february-710659","56eac7e9-af94-47c0-b4b1-2a4101a9b0c1",,"february",,
"5e22c11f-6228-446b-b335-1c80d7576162",2025-08-04T08:34:33Z,2025-08-04T13:06:53Z,"01f011dc-8d52-4de4-9524-780ccef3313b","5dd8d88e-58bc-4e12-9cfb-55a3306b21cd","5","2025","2025-june-710659","/reports/2025-june-710659","56eac7e9-af94-47c0-b4b1-2a4101a9b0c1",,"june",,"551bc1b5-bfff-4c2a-b937-2ca58247cea6"
"663062fa-0850-408f-a585-fd01f8eb308a",2025-09-19T08:22:43Z,2025-09-19T08:22:43Z,"01f011dc-8d52-4de4-9524-780ccef3313b","1212678d-037b-475a-b187-a27821e2d3c8","0","2025","2025-january-743079","/reports/2025-january-743079","e5a8f142-b45d-4375-973d-f0cc776663e1",,"january",,
"73853314-64a6-493f-8426-52c28e7bd439",2025-10-06T04:26:49Z,2025-12-26T05:06:44Z,"01f011dc-8d52-4de4-9524-780ccef3313b","5dd8d88e-58bc-4e12-9cfb-55a3306b21cd","0","2025","2025-january-710659","/reports/2025-january-710659","56eac7e9-af94-47c0-b4b1-2a4101a9b0c1",,"january",,"7ef6b5dd-f89d-4ce0-a9f1-d27551b5484f"
"74f0b8b1-75bb-404f-914d-d97b137229cf",2025-10-02T06:40:15Z,2025-11-05T05:22:38Z,"7fcd41de-93e6-4778-afa3-5b2dd4205318","1212678d-037b-475a-b187-a27821e2d3c8","9","2025","2025-october-743079","/reports/2025-october-743079","e5a8f142-b45d-4375-973d-f0cc776663e1","<p><span style=""font-weight:bold"">Strategic Additions for November-December:</span></p><p> </p><p>Bulk Content Production</p><p><span style=""font-style:italic"">Goal: To improve production efficiency across the peak holiday months, we should execute a bulk content shoot covering material for both November and December.</span></p><p> </p><p><span style=""font-weight:bold"">Host Targeted Content Shoot </span>(The Airstay Team)</p><p>Duration: 1-day shoot</p><p>Deliverables: 6 Reels (behind the scenes, host education)</p><p>Usage Period: November - December 2025</p><p> </p><p>Talent:</p><ol><li>Timothy - for leadership presence and brand credibility</li><li>Airstay staff members - operations, housekeeping, guest relations, and management.</li></ol><p>Purpose:</p><ol><li>Humanise Airstay by showcasing the real people who create exceptional guest experiences.</li><li>Host education, highlight teamwork, professionalism, and the precision behind property management.</li><li>Build transparency and trust by showing authentic behind-the-scenes operations.</li></ol><p> </p><p><span style=""font-weight:bold"">Guest Targeted Content Shoot</span></p><p>Duration: 2-day shoot</p><p>Deliverables: 6 reels (lifestyle/festive segments)</p><p>Usage Period: November - December 2025</p><p> </p><p>Talent:</p><ol><li>A young professional couple  to represent modern hosts or travellers.</li><li>A small family (2 adults + 1 child) to capture festive, family-oriented stays during the holiday season.</li></ol><p>Purpose:</p><ol><li>Strengthen emotional connection in video content.</li><li>Increase authenticity and representation in Airstay’s brand imagery.</li><li>Enable more flexible, story-led campaigns for upcoming December holidays (Christmas &amp; New Year).</li></ol><p> </p><p><span style=""font-weight:bold"">Notes:</span></p><p>By integrating event-based storytelling, trust-building host content, and a strategic bulk production plan, the brand can stay consistently visible and relevant across the busiest months of the year.</p><p>The addition of lifestyle talent and family-driven storytelling will help humanise the brand, enhance emotional appeal, and build a strong content foundation for the upcoming festive season, positioning Airstay as Dubai’s leading name in effortless, luxury hosting.</p>","october","Airstay - October 2025 - Social Media Marketing & Website Blog Report","2130fd3d-10a7-4c25-8cf2-4e9817b5ca13"
"78db2a15-7725-4db3-bafe-a9afe1dbfd07",2025-08-03T12:10:43Z,2025-09-01T11:33:50Z,"01f011dc-8d52-4de4-9524-780ccef3313b","5dd8d88e-58bc-4e12-9cfb-55a3306b21cd","7","2025","2025-august-710659","/reports/2025-august-710659","56eac7e9-af94-47c0-b4b1-2a4101a9b0c1","<p>From September, the aim is to position Elite Property DXB as a trusted, aspirational brand through story-driven, lifestyle-led, and credibility-focused content. Instead of sales-heavy property reels, the focus will be on experiences, narratives, and insights that set Elite apart.</p><p> </p><p><span style=""font-weight:bold"">Theme:</span> <span style=""font-style:italic"">Beyond the property, it’s about the lifestyle</span></p><p> </p><p><span style=""font-weight:bold"">Content Pillars:</span></p><ul><li><span style=""font-weight:bold"">Property Spotlight</span> – Showcase listings with sleek visuals and storytelling.</li><li><span style=""font-weight:bold"">The Story Behind the Address/Community</span> – Humanise properties through heritage, lifestyle, and emotional narratives.</li><li><span style=""font-weight:bold"">Behind the Elite Experience</span> – Build trust with behind-the-scenes team and process content.</li><li><span style=""font-weight:bold"">Elite Insights</span> – Reinforce authority with market data, expert takes, and analysis.</li></ul><p> </p><p>This mix will fuel lead generation while building long-term brand equity in Dubai’s real estate market.</p>","august","Elite Property DXB - August 2025 - Social Media Marketing & Website Blog Report","41cffda0-076f-4f13-a073-c94d7dc806f1"
"7c5584e2-39b2-41da-906f-5cd05441b765",2025-09-19T09:05:46Z,2025-10-01T09:31:44Z,"01f011dc-8d52-4de4-9524-780ccef3313b","be5a7ff1-e84f-43fb-b6de-579ec9c8315d","8","2025","2025-september-217947","/reports/2025-september-217947","7557f5a6-ad5d-47aa-a0b6-8aa0c8f4009f",,"september",,"a0e83edd-a7d5-4b87-a8c5-06b22cb94520"
"7ce6c733-7130-4f14-9db5-0700faafead3",2025-11-01T09:37:17Z,2025-12-05T05:21:06Z,"01f011dc-8d52-4de4-9524-780ccef3313b","5dd8d88e-58bc-4e12-9cfb-55a3306b21cd","10","2025","2025-november-710659","/reports/2025-november-710659","56eac7e9-af94-47c0-b4b1-2a4101a9b0c1","<p>Continue Current Social Media Strategy for December.</p><p> </p><p>Following a strong performance in November, where all social media KPIs and content goals were successfully met, we recommend continuing with the same strategy and execution framework for December.</p><p> </p><p>This includes:<br/>• Maintaining the current posting frequency and content mix<br/>• Continuing with the same engagement-driven and lead-generating formats<br/>• Tracking KPIs such as audience growth, reach, engagement, and conversion using the same benchmarks</p><p> </p><p>This approach ensures consistency, reinforces momentum, and allows us to build on last month’s success without disrupting what’s already working.</p><p> </p><p>Let us know if there are any new priorities or campaigns to integrate for December, otherwise, we’ll move forward with the proven formula.</p>","november","Elite Property DXB - November 2025 - Social Media Marketing & Website Blogs Report",
"83ad0b3d-022d-4911-b299-aceac29d3c81",2025-12-05T06:27:07Z,2025-12-05T07:44:16Z,"01f011dc-8d52-4de4-9524-780ccef3313b","6a782226-83c3-4c2b-a265-c2be8ad567b6","11","2025","2025-december-404666","/reports/2025-december-404666","40a8a1f7-5a78-4af6-b050-00f2e457ee04",,"december",,"bd2f0d97-fc64-4cf1-9037-bbae217291e5"
"858eb384-d55a-4f63-96a5-98c6ee66e7b0",2026-01-02T07:27:31Z,2026-01-02T07:27:31Z,"01f011dc-8d52-4de4-9524-780ccef3313b","1212678d-037b-475a-b187-a27821e2d3c8","0","2026","2026-january-743079","/reports/2026-january-743079","e5a8f142-b45d-4375-973d-f0cc776663e1",,"january",,
"87b1ce5f-5882-4a1e-953c-7cd46013567e",2026-01-05T07:19:50Z,2026-01-05T07:19:50Z,"01f011dc-8d52-4de4-9524-780ccef3313b","90f693b9-af56-47a1-9965-98bf0326b43e","10","2025","2025-november-791373","/reports/2025-november-791373","34a2f467-ef8e-4733-b6ad-7d176e614466",,"november",,
"89825b58-c941-4f57-8d3a-7b5f2cc5ddd5",2025-12-05T06:03:56Z,2026-01-06T11:41:06Z,"01f011dc-8d52-4de4-9524-780ccef3313b","e65ea50e-6cc6-458d-8f81-1ebf9b702e2d","11","2025","2025-december-232277","/reports/2025-december-232277","13a7054a-69bb-4514-8cf0-99c746f8aaee","<p><span style=""font-weight:bold"">1- Transition from Engagement to &quot;Co-Creation&quot;</span></p><p>The current strategy focuses on &quot;Community Engagement&quot; and &quot;Ask anything&quot; sessions. To strengthen loyalty further, the brand should involve the audience in the content creation process.</p><ul><li><span style=""font-weight:bold"">Recommendation:</span> Launch a &quot;My Lino Lada Routine&quot; campaign where followers submit their own &quot;Morning Routine Cases&quot;.</li><li><span style=""font-weight:bold"">Impact:</span> This provides the &quot;Community&quot; pillar with authentic User-Generated Content (UGC), which typically sees higher trust and engagement than brand-produced static images.</li></ul><p> </p><p><span style=""font-weight:bold"">2- Hyper-Localize Cultural Content</span></p><p>The Q1 plan mentions &quot;Arabi&quot; and &quot;Chapathi,&quot; suggesting a focus on specific regional markets.</p><ul><li><span style=""font-weight:bold"">Recommendation:</span> Develop a mini-series of &quot;Regional Favorites&quot; that showcases Lino Lada paired with local breads or traditional morning drinks beyond just the mentioned &quot;Crunchy Chapathi&quot;.</li><li><span style=""font-weight:bold"">Impact:</span> This makes the &quot;everyday essential&quot; positioning feel more personal and relevant to the diverse consumer base.</li></ul><p> </p><p><span style=""font-weight:bold"">3-. Standardize Visual Overlays for Scannability</span></p><p>The strategy mentions using &quot;Text overlay 3-4 words&quot;.</p><ul><li><span style=""font-weight:bold"">Recommendation:</span> Create a standardized &quot;Q1 Visual Kit&quot; where every routine-based post uses the same font and color treatment for these overlays.</li><li><span style=""font-weight:bold"">Impact:</span> This creates a cohesive look that allows users to instantly recognize a &quot;Lino Lada Routine&quot; post while scrolling, reinforcing the &quot;Morning Routine&quot; brand association.</li></ul>","december","Lino Lada - December 2025 - Social Media & Content Strategy Report","fff9b274-92a8-4e75-8cd7-8116b1716cf4"
"8e4f76f8-4533-4f88-8fd9-ee6367481dd4",2025-09-02T05:37:08Z,2025-09-02T12:54:03Z,"01f011dc-8d52-4de4-9524-780ccef3313b","f889f811-6e7f-489d-a7de-dee3fc249d28","8","2025","2025-september-436945","/reports/2025-september-436945","426d8f37-fc41-444b-ab15-e9fc7bbb0933",,"september",,"5c105d3d-a757-473a-be41-6149311cb9cd"
"9005af19-5e59-44cc-82cc-91941eae54b5",2025-12-03T04:59:35Z,2026-01-07T11:19:22Z,"01f011dc-8d52-4de4-9524-780ccef3313b","1212678d-037b-475a-b187-a27821e2d3c8","11","2025","2025-december-743079","/reports/2025-december-743079","e5a8f142-b45d-4375-973d-f0cc776663e1","<p><span style=""font-weight:bold"">Notes:</span></p><p> </p><p>December was a high-performing month, driven by holiday-themed, emotionally resonant content that appealed to both families and individual travelers.</p><ul><li>Engagement: Performance peaked on Reels featuring festive experiences and family moments, proving that storytelling is the primary driver of emotional connection and interaction.</li><li>Brand Positioning: Content successfully positioned Airstay as a trusted source of travel inspiration in Dubai, transcending its role as a mere booking platform.</li><li>Strategic Transition: These results provide a perfect springboard into Q1 2026, where the strategy will shift toward discovery, neighborhood guides, and property-led storytelling.</li><li>Q1 Focus: Future content will prioritize travel planning and experience-seeking to establish Airstay as the definitive expert in Dubai holiday homes.</li><li>Objectives: The upcoming roadmap is designed to maximize saves, shares, and engagement, fueling both brand awareness and direct booking intent.</li></ul>","december","Airstay - December 2025 - Social Media Marketing & Website Blog Report",
"95e2ead0-0b38-4dcf-b747-646f50945a10",2025-11-03T05:19:57Z,2025-12-03T10:02:05Z,"01f011dc-8d52-4de4-9524-780ccef3313b","90f5bb8e-1da9-441f-b63b-1941b663318b","10","2025","2025-november-29250","/reports/2025-november-29250","cc1e8c94-1f3d-4942-ba0a-3f5041a105cc","<p><span style=""font-weight:bold"">Notes:</span></p><ol><li>More clarity-driven, simpler education formats on the platform (micro-tutorials, step-by-step checklists, crypto jargon demystified).</li><li>Replicate and scale high-performing November content (Jake &amp; Aaron’s founder-led insights).</li><li>Blend aspirational storytelling with credibility to strengthen brand trust.</li></ol><p> </p><p><span style=""font-weight:bold"">Bulk Content Production</span></p><p><span style=""font-style:italic"">Goal: To sustain consistency and improve production efficiency, we should execute a bulk content shoot for Jake &amp; Aaron’s mini tutorials and platform education.</span></p><p> </p><p><span style=""font-weight:bold"">Educational Content</span></p><ul><li>Simplifying the process of buying property using crypto (how it works, wallet, conversion, verification).</li><li>Explaining legal/regulatory risks, KYC, compliance, and how Crypto Homes navigates these adds trust.</li></ul><p> </p><p><span style=""font-weight:bold"">Content on Risk &amp; Trust Transparency</span></p><ul><li>Myth-busting (e.g. “Is it risky to buy property with crypto?”)</li><li>Some potential buyers/investors may be wary of crypto volatility, regulatory risk, or source-of-funds legitimacy. </li></ul>","november","Crypto Homes DXB - November 2025 - Social Media Marketing & Website Blog Report","4288cb60-7166-4b3d-aeb6-65dc4a638ccc"
"980ba971-7186-4f30-9ce5-9ef57d526eea",2025-08-27T05:53:51Z,2025-08-27T05:53:51Z,"01f011dc-8d52-4de4-9524-780ccef3313b","160e00a4-309a-40b8-aec3-1635e37cf211","7","2025","2025-august-483409","/reports/2025-august-483409","5ce89196-d503-4960-a087-3d0d94018925",,"august",,
"9da6adc9-7082-44b2-a8ff-3527e5e886f1",2025-12-05T06:04:06Z,2025-12-05T16:24:09Z,"01f011dc-8d52-4de4-9524-780ccef3313b","e65ea50e-6cc6-458d-8f81-1ebf9b702e2d","10","2025","2025-november-232277","/reports/2025-november-232277","13a7054a-69bb-4514-8cf0-99c746f8aaee",,"november","Lino Lada - November 2025 - Social Media & Content Strategy Report","34018f7b-dac2-424c-aa76-8fffcac0822d"
"a2458985-769e-41c3-a448-10a1a1f1e649",2025-12-01T08:36:34Z,2026-01-08T07:31:22Z,"01f011dc-8d52-4de4-9524-780ccef3313b","90f5bb8e-1da9-441f-b63b-1941b663318b","11","2025","2025-december-29250","/reports/2025-december-29250","cc1e8c94-1f3d-4942-ba0a-3f5041a105cc","<p><span style=""font-weight:bold"">Notes:</span></p><p>December 2025 demonstrated that clarity-driven education + aspirational storytelling + credibility resonates strongly with our audience, setting a solid foundation to kick off Q1 2026 with decision-driven content.</p><p> </p><ul><li>Founder-Led Insights: Jake &amp; Aaron’s insights continued to resonate, delivering high engagement and reinforcing brand credibility.</li><li>Property Content: Reels and carousels highlighting listings and lifestyle-driven tours maintained high-intent engagement.</li><li>Prioritise Educational Reels: Keep short, snackable tutorials as the core of Instagram content.</li><li>Educational Content: Short tutorials and step-by-step “How Crypto Homes Works” reels will be prioritised, driving platform understanding among investors, crypto enthusiasts, and skeptics.</li><li>Crypto News: Revamp into statics on LinkedIn and stories on Instagram, improving retention, save/share behavior, and credibility among professional audiences.</li><li>Optimise Placement: Instagram for engagement &amp; discovery; LinkedIn for deeper insights, market updates, and credibility.</li></ul>","december","Crypto Homes DXB - December 2025 - Social Media Marketing & Website Blog Report",
"a3b0665f-db53-4318-afcf-32ae8f1feb28",2025-09-28T09:44:00Z,2025-09-28T09:44:00Z,"01f011dc-8d52-4de4-9524-780ccef3313b","90f5bb8e-1da9-441f-b63b-1941b663318b","4","2025","2025-may-29250","/reports/2025-may-29250","cc1e8c94-1f3d-4942-ba0a-3f5041a105cc",,"may",,
"a80759c4-ec50-4176-8166-2ce427448731",2026-01-05T07:20:30Z,2026-01-05T07:22:16Z,"01f011dc-8d52-4de4-9524-780ccef3313b","ba7b39b5-2f96-4c6b-8d55-9e6c7cbd3ea4","0","2025","2025-january-671389","/reports/2025-january-671389","18b7a26f-7f8a-456f-a7c6-d26aa1535fec",,"january",,"69203bde-6cad-4055-8619-0f63d3d9d9c5"
"abc15015-ffdd-4a0a-94c0-a436766d78c2",2025-08-05T17:04:09Z,2025-09-16T08:35:55Z,"01f011dc-8d52-4de4-9524-780ccef3313b","1212678d-037b-475a-b187-a27821e2d3c8","6","2025","2025-july-743079","/reports/2025-july-743079","e5a8f142-b45d-4375-973d-f0cc776663e1",,"july",,"a59a6f28-b75b-4029-a891-d7063d247659"
"afd26761-80ec-4232-98f4-ff2e7277774d",2026-01-05T07:20:13Z,2026-01-05T07:20:40Z,"01f011dc-8d52-4de4-9524-780ccef3313b","ba7b39b5-2f96-4c6b-8d55-9e6c7cbd3ea4","0","2026","2026-january-671389","/reports/2026-january-671389","18b7a26f-7f8a-456f-a7c6-d26aa1535fec",,"january",,"9897cf41-d22d-4dd4-91c7-96c3dc2336ba"
"b130831b-2cda-4349-bea5-3f4de54d5a52",2026-01-05T06:36:49Z,2026-01-05T06:36:49Z,"01f011dc-8d52-4de4-9524-780ccef3313b","90f693b9-af56-47a1-9965-98bf0326b43e","0","2024","2024-january-791373","/reports/2024-january-791373","34a2f467-ef8e-4733-b6ad-7d176e614466",,"january",,
"b3d96410-c173-4f7c-adc4-23f82fbc4f51",2026-02-10T07:05:22Z,2026-02-10T07:05:22Z,,"fe578398-ead8-4e5c-902c-1ba9d28746b3","1","2026","2026-february-168008","/reports/2026-february-168008","f644f0b2-3ef9-4d0a-80c3-276de3135008",,"february",,
"b60c566e-853b-43d0-8cb1-3472cf011ba3",2025-12-04T07:41:19Z,2025-12-05T16:21:25Z,"01f011dc-8d52-4de4-9524-780ccef3313b","ba7b39b5-2f96-4c6b-8d55-9e6c7cbd3ea4","10","2025","2025-november-671389","/reports/2025-november-671389","18b7a26f-7f8a-456f-a7c6-d26aa1535fec",,"november","Alkalive Jordan - November 2025 - Social Media & Content Strategy Report",
"c3eaea13-9b7a-4a09-9a69-e7b1d5500a14",2026-02-02T05:38:40Z,2026-02-02T05:38:40Z,,"1212678d-037b-475a-b187-a27821e2d3c8","1","2026","2026-february-743079","/reports/2026-february-743079","e5a8f142-b45d-4375-973d-f0cc776663e1",,"february",,
"c4065b9f-d0be-4999-8635-2d34c4318fb7",2026-01-21T08:19:43Z,2026-01-21T08:19:49Z,"01f011dc-8d52-4de4-9524-780ccef3313b","5f4622df-b55f-43d6-9ff8-3eac20caf538","0","2026","2026-january-454934","/reports/2026-january-454934","41599ce5-0074-454c-a2ec-8706540b238d",,"january",,"e1782c13-eea5-4fe6-8c55-82d3c6d380d4"
"c513dbf4-b213-4a2a-a973-1ae37c898e0d",2025-12-05T06:27:12Z,2025-12-05T16:25:21Z,"01f011dc-8d52-4de4-9524-780ccef3313b","6a782226-83c3-4c2b-a265-c2be8ad567b6","10","2025","2025-november-404666","/reports/2025-november-404666","40a8a1f7-5a78-4af6-b050-00f2e457ee04",,"november","Calvo - November 2025 - Social Media & Content Strategy Report","31badbc8-1314-404c-a3a5-28e89788f637"
"cdf7cb97-90f7-4579-bea0-b19f7d98987f",2025-10-01T08:30:29Z,2025-11-05T07:12:08Z,"01f011dc-8d52-4de4-9524-780ccef3313b","5dd8d88e-58bc-4e12-9cfb-55a3306b21cd","9","2025","2025-october-710659","/reports/2025-october-710659","56eac7e9-af94-47c0-b4b1-2a4101a9b0c1","<p>Starting this November, our social media performance will shift from focusing on month-over-month percentage increases to maintaining a consistent KPI range across platforms for 6 months and then evaluated thereafter based on the previous 6 months performance.</p><p> </p><p>The account has now reached a stable and mature growth stage, meaning the priority is consistency in reach, engagement, and content quality rather than chasing <span style=""font-weight:bold"">spikes each month</span>.</p><p> </p><p>By tracking within a healthy performance range, we ensure Elite’s content maintains steady visibility and engagement that reflects the brand’s established authority in the Dubai luxury real estate market.</p><p> </p><p>Consistent range KPI will be share on November startegy.</p><p> </p><p><span style=""font-weight:bold"">November Objectives</span></p><p>November’s strategy focuses on depth over volume, building stronger emotional resonance through human-led storytelling, property lifestyle narratives, and credible market insight.</p><p>We will continue positioning Elite as the benchmark for premium Dubai real estate while strengthening its presence among both buyers and agents through authentic, aspirational, and insight-driven content.</p><p> </p><p><span style=""font-weight:bold"">Core Goals</span></p><ul><li>Maintain consistent reach and engagement across all platforms within the defined KPI range.</li><li>Drive community engagement through storytelling and agent-focused content.</li><li>Continue blending lifestyle, property, and human elements to strengthen brand trust.</li><li>Reinforce Elite’s image as a desirable brand for both clients and aspiring agents.</li></ul><p> </p><p><span style=""font-weight:bold"">Theme</span></p><p>Beyond the Property: Lifestyle, People, and Perspective</p><p> </p><p>Elite continues to represent more than just real estate. It is about lifestyle, ambition, and the people behind the brand.</p>","october","Elite Property DXB - October 2025 - Social Media Marketing & Website Blogs Report","22b3c6a6-d0c3-4a5c-8967-f3c8867a47f5"
"d07670a5-5f36-44e2-ae7e-815af2b28ced",2026-02-02T05:21:48Z,2026-02-02T05:21:48Z,"01f011dc-8d52-4de4-9524-780ccef3313b","ba7b39b5-2f96-4c6b-8d55-9e6c7cbd3ea4","1","2026","2026-february-671389","/reports/2026-february-671389","18b7a26f-7f8a-456f-a7c6-d26aa1535fec",,"february",,
"d440b526-8b47-461c-b0bb-ffb578712ccb",2026-01-05T05:51:20Z,2026-01-23T06:32:42Z,"01f011dc-8d52-4de4-9524-780ccef3313b","90f5bb8e-1da9-441f-b63b-1941b663318b","0","2026","2026-january-29250","/reports/2026-january-29250","cc1e8c94-1f3d-4942-ba0a-3f5041a105cc",,"january",,"72d4cc8f-cf24-4e99-8ed5-8d25ab754c6c"
"d712ef83-fc46-4200-92f2-caffedc20010",2025-12-03T09:24:38Z,2025-12-03T09:24:38Z,"01f011dc-8d52-4de4-9524-780ccef3313b","5dd8d88e-58bc-4e12-9cfb-55a3306b21cd","11","2025","2025-december-710659","/reports/2025-december-710659","56eac7e9-af94-47c0-b4b1-2a4101a9b0c1",,"december",,
"dc7c1de1-a3e6-4ccd-a460-2db7141448af",2025-12-04T07:41:15Z,2026-01-06T08:44:33Z,"01f011dc-8d52-4de4-9524-780ccef3313b","ba7b39b5-2f96-4c6b-8d55-9e6c7cbd3ea4","11","2025","2025-december-671389","/reports/2025-december-671389","18b7a26f-7f8a-456f-a7c6-d26aa1535fec","<p><span style=""font-weight:bold"">Note:</span></p><p>A surge in Facebook views was recorded in November, directly attributed to the active campaign flight during that period.</p><p> </p><p> </p><p>1- Evolution of Visual Storytelling</p><p>While maintaining the &quot;clean and airy&quot; aesthetic, the agency suggests a shift in visual pacing for the new year.</p><ul><li><span style=""font-weight:bold"">The &quot;New Year Routine&quot; Aesthetic:</span> Move from the &quot;cozy winter&quot; cues of December to high-energy, bright, and minimalist visuals that reflect a &quot;fresh start&quot;.</li><li><span style=""font-weight:bold"">User-Centric Realism:</span> Increase the use of <span style=""font-weight:bold"">&quot;real-life Jordan moments&quot;</span> by featuring Alkalive in recognizable, premium locations like local boutique gyms, business districts, and wellness cafes.</li></ul><p> </p><p>2- Conversion-Focused Educational Content</p><p>To meet the objective of &quot;driving consumer conversion through scientific differentiation,&quot; the agency recommends a &quot;Show, Don&#x27;t Just Tell&quot; approach.</p><ul><li><span style=""font-weight:bold"">Live Demonstration:</span> Conduct a live or recorded pH test comparison on Stories to visually substantiate the <span style=""font-weight:bold"">pH 8–8.5 advantage</span> over regular bottled water.</li><li><span style=""font-weight:bold"">Mineral Bioavailability Series:</span> Use carousels to break down the &quot;rich minerals&quot; mentioned in the plan, explaining exactly <span style=""font-style:italic"">why</span> they lead to faster absorption and better recovery for active individuals.</li></ul><p> </p><p>3- Community and Trust Building</p><p>Building on the &quot;Trust &amp; Transparency&quot; pillar, the agency recommends moving beyond one-way broadcasting.</p><ul><li><span style=""font-weight:bold"">Interactive &quot;Hydration Check&quot; Stories:</span> Utilize poll and slider stickers daily to keep Alkalive top-of-mind during the workday, aligning with the goal of being an &quot;essential part of an aspirational lifestyle&quot;.</li><li><span style=""font-weight:bold"">Expert Collaborations:</span> Partner with local Jordanian nutritionists or fitness coaches to provide guest &quot;takeovers,&quot; lending third-party credibility to the brand&#x27;s scientific claims.</li></ul>","december","Alkalive Jordan - December 2025 - Social Media & Content Strategy Report","cad50117-5fd8-48d5-bb21-602d9eedc9fe"
"ec21f94b-4227-4158-90b4-ef721054c89f",2025-12-08T08:29:08Z,2026-01-06T06:26:40Z,"01f011dc-8d52-4de4-9524-780ccef3313b","90f693b9-af56-47a1-9965-98bf0326b43e","11","2025","2025-december-791373","/reports/2025-december-791373","34a2f467-ef8e-4733-b6ad-7d176e614466","<p>December marked our first month of management, establishing Q1 2026 baselines for all platforms. Our content strategy centred on Winter Camp promotion, educational insights, and community engagement, resulting in significant growth in visibility and reach on Facebook, Instagram, and LinkedIn.  While our TikTok presence launched in mid-December, it followed a conservative growth and reach gained +2% in a short period, showing promising early engagement for high-energy clips.</p><p> </p><ul><li>Community-building content (team challenges, parent testimonials) effectively drives engagement.</li><li>Reels of volleyball challenges/kids’ fun moments and participation drove the highest engagement and reach.</li><li>Coach-led clips had high save/share potential.</li><li>Maintain evergreen pillars, push campaigns per month, and strengthen LinkedIn/Facebook engagement.</li></ul><p> </p><p><span style=""font-weight:bold"">Platform Summary:</span></p><p>Instagram: Views up by +16.1%, Engagement up by+130.8% compared to previous analytics.</p><p>Facebook: Views up by +168.9%, Reach up by +328.4%, indicating higher visibility compared to historical baseline.</p><p>TikTok: Posting started on mid-December (3rd week), reach gained +2% in a short period.</p><p>LinkedIn: Views up by +120.4%, Engagement up by +1,375%, indicating strong response to educational and coach-focused posts.</p><p> </p><p><span style=""font-weight:bold"">Notes:</span></p><p>We will be using the results from December 2025 analytics as the official baseline for measuring all 2026 social media KPIs as it represents the first month aligned with current strategy, campaigns, and content pillars. Previous 6-month data will still be referenced as historical context to provide trend insights without skewing current strategy impact. </p><p> </p><p>Using December as baseline ensures accurate, fair, and actionable measurement of engagement, reach, views, and followers.  </p>","december","Esperia Volleyball Academy - December 2025 - Social Media Marketing Report",
"f14c90e3-3488-492b-94bb-27edf5af84e5",2026-02-10T07:05:16Z,2026-02-10T07:05:16Z,"01f011dc-8d52-4de4-9524-780ccef3313b","0e90ed6d-2dbc-48b2-aeea-fe5b0928abd5","1","2026","2026-february-243416","/reports/2026-february-243416","8e973dbb-d6fd-4cf8-94a8-10f51ec8f4a0",,"february",,
"f5894a20-a10b-40f9-bbc8-5569c9500b61",2026-02-10T07:07:16Z,2026-02-10T07:07:16Z,,"fe578398-ead8-4e5c-902c-1ba9d28746b3","0","2026","2026-january-168008","/reports/2026-january-168008","f644f0b2-3ef9-4d0a-80c3-276de3135008",,"january",,
"f84464f0-0061-457c-8dda-424262e5ff8f",2026-02-10T06:45:17Z,2026-02-10T06:45:17Z,"01f011dc-8d52-4de4-9524-780ccef3313b","fe6eef75-85a6-4b38-9c21-2c3079846288","0","2026","2026-january-36383","/reports/2026-january-36383","88853dfe-2ab3-4c64-927e-2660e88af0d9",,"january",,
"f8b9279c-0399-4c61-ae0b-d8e4f3663f12",2026-01-05T06:54:56Z,2026-01-05T06:54:56Z,"01f011dc-8d52-4de4-9524-780ccef3313b","90f5bb8e-1da9-441f-b63b-1941b663318b","11","2026","2026-december-29250","/reports/2026-december-29250","cc1e8c94-1f3d-4942-ba0a-3f5041a105cc",,"december",,
"f8d97a55-72ee-4a33-9c52-a6e0c6aa6b21",2025-08-01T07:24:54Z,2025-08-04T09:17:09Z,"e771b8d5-2d78-4471-bb22-0c0d9e29a888","5dd8d88e-58bc-4e12-9cfb-55a3306b21cd","6","2025","2025-july-710659","/reports/2025-july-710659","56eac7e9-af94-47c0-b4b1-2a4101a9b0c1","<p class=""font_8""><strong>Key Trends &amp; Insights</strong></p>
<ul class=""font_8"">
  <li><p class=""font_8""><strong>Growth Leader</strong>: <strong>Facebook</strong> continues to outperform other platforms with strong gains across <strong>reach (+64%)</strong> and <strong>profile visits (+48%)</strong>, making it our top-performing channel.</p></li>
  <li><p class=""font_8""><strong>Follower Growth</strong>: All platforms showed <strong>positive follower growth</strong>, indicating long-term potential for loyalty and audience retention.</p></li>
  <li><p class=""font_8""><strong>Visibility Drops</strong>: <strong>TikTok</strong> experienced a significant decline in reach and impressions (↓73%), despite strong follower growth (+9.88%). This is likely due to a <strong>temporary pause in posting</strong> earlier in the month and some content requiring <strong>more time to gain traction</strong>.</p></li>
  <li><p class=""font_8""><strong>Platform Scale</strong>: TikTok still leads in absolute reach and impressions. <strong>Instagram</strong> maintains the highest follower count, while <strong>LinkedIn</strong> lags behind in both growth and engagement.</p></li>
</ul>
<p class=""font_8""><br></p>
<p class=""font_8""><strong>Strategic Recommendations</strong></p>
<p class=""font_8""><br></p>
<p class=""font_8""><strong>1. Double Down on Facebook</strong></p>
<p class=""font_8""><strong>(High Priority – Allocate 40% of Resources)</strong></p>
<ul class=""font_8"">
  <li><p class=""font_8"">Organic performance is climbing steadily across all metrics.</p></li>
  <li><p class=""font_8"">Continue content frequency, mix educational + community-driven posts.</p></li>
  <li><p class=""font_8"">Test targeted boosts on high-performing posts to extend reach.</p></li>
</ul>
<p class=""font_8""><strong>2. Stabilize and Optimise Instagram</strong></p>
<p class=""font_8""><strong>(Medium Priority – Allocate 30%)</strong></p>
<ul class=""font_8"">
  <li><p class=""font_8"">Growth in followers (+2.72%) and profile visits (+6.51%) is promising.</p></li>
  <li><p class=""font_8"">Declining reach suggests content isn’t resonating as strongly.</p></li>
  <li><p class=""font_8""><strong>Actions</strong>:<br>
Prioritise <strong>Reels, carousels, and story interactions</strong>.<br>
Analyse best-performing posts and replicate format/themes.<br>
Schedule consistently and allow new content time to perform.</p></li>
</ul>
<p class=""font_8""><strong>3. Investigate &amp; Pivot TikTok</strong></p>
<p class=""font_8""><strong>(Medium Priority – Allocate 20%)</strong></p>
<ul class=""font_8"">
  <li><p class=""font_8"">Despite the drop in visibility, high follower growth shows strong brand retention.</p></li>
  <li><p class=""font_8""><strong>Actions</strong>:<br>
Focus on <strong>shorter, high-trend videos</strong>, use <strong>duets/stitches</strong>.<br>
Reduce post volume to avoid fatigue; prioritise quality over quantity.<br>
Review competitors and top trends to identify what’s working algorithmically.</p></li>
</ul>
<p class=""font_8""><strong>4. Platform Alignment Strategy</strong></p>
<ul class=""font_8"">
  <li><p class=""font_8"">Tailor content to <strong>each platform’s strength</strong>:<br>
<strong>Facebook</strong>: Community, value-driven content, updates.<br>
<strong>Instagram</strong>: Aesthetic visuals, interactive Stories, reels.<br>
<strong>TikTok</strong>: Viral, snappy, personality-led content.<br>
<strong>LinkedIn</strong>: Thought leadership, B2B, announcements.</p></li>
  <li><p class=""font_8""><strong>Reuse top-performing content</strong> across platforms with format adaptation to maximise efficiency and visibility.</p></li>
</ul>","july","Elite Property DXB - July 2025 - Social Media Marketing & Website Blog Report","7786ae9a-c657-48a1-ba56-e0606ae2ab75"
"fc5df4dc-96fd-4770-85c6-ba52ced99662",2026-02-09T05:50:24Z,2026-02-09T05:50:24Z,"01f011dc-8d52-4de4-9524-780ccef3313b","fe6eef75-85a6-4b38-9c21-2c3079846288","1","2026","2026-february-36383","/reports/2026-february-36383","88853dfe-2ab3-4c64-927e-2660e88af0d9",,"february",,
"fe53c69b-8d64-4754-ba3b-d0d6b44124ac",2025-09-01T11:37:52Z,2025-10-08T07:44:59Z,"01f011dc-8d52-4de4-9524-780ccef3313b","1212678d-037b-475a-b187-a27821e2d3c8","8","2025","2025-september-743079","/reports/2025-september-743079","e5a8f142-b45d-4375-973d-f0cc776663e1","<p><span style=""font-weight:bold"">Notes:</span></p><p>Boost engagement on TikTok and Instagram by leveraging upcoming cultural and seasonal events, as previous content has proven to be highly discoverable with viral potential.</p><p> </p><p><span style=""font-weight:bold"">Content Pillars for Acquiring New Hosts (60%)</span></p><ul><li><span style=""font-weight:bold"">Behind the Airstay Experience</span>: Provide market tips and trends, like seasonal strategies, to demonstrate management expertise.</li><li><span style=""font-weight:bold"">Timothy&#x27;s Take: </span>Reinforce authority with UAE market data by featuring educational tips and expert analysis.</li></ul><p><span style=""font-weight:bold"">Content Pillars for Booking Guests (40%)</span></p><ul><li><span style=""font-weight:bold"">Aspirational Property Tours:</span> Showcase rentals with captivating visuals through story-driven and experience-led content</li><li><span style=""font-weight:bold"">Seasonal Travel Guides: </span>Curated, seasonal, and in-house travel hacks and booking tips. Highlight outdoor activities, events, and the pleasant weather.</li><li><span style=""font-weight:bold"">The Story Behind the Stay/Community: </span> Share team and process glimpses to build guest trust.</li></ul><p> </p><p> </p>","september","Airstay - September 2025 - Social Media Marketing Report","75cb881b-df52-4c8b-baaa-219dbbb903b6"
"ffb5ce7d-660d-4e76-be1c-8389a7ec0984",2026-02-02T05:41:35Z,2026-02-02T05:41:35Z,,"90f693b9-af56-47a1-9965-98bf0326b43e","1","2026","2026-february-791373","/reports/2026-february-791373","34a2f467-ef8e-4733-b6ad-7d176e614466",,"february",,
