"ID","Created Date","Updated Date","Owner","project","company","contact","fileType","fileNumber","signature","signed"
"038acfcb-751a-42d3-aeac-42b8b57c5674",2024-02-08T16:21:04Z,2025-08-01T22:11:06Z,"e168cbe8-c8cb-4ec3-b920-be764ec09acc","1212678d-037b-475a-b187-a27821e2d3c8","e5a8f142-b45d-4375-973d-f0cc776663e1","362a2d4b-7db8-4972-b783-40b81cfb06ae","Documentation","FIL-427684",,
"0dafbf47-9cd1-450d-8f03-7f3e20417cbf",2024-04-01T06:12:53Z,2025-08-01T22:11:06Z,"01f011dc-8d52-4de4-9524-780ccef3313b","2aecd8c8-af66-4dc1-acc8-86f4545f04fb","0d5fb996-1d33-40e4-a21c-63d0244f4b18","353350f0-9fa0-4d37-ad9b-54ebfc7d77ea","Documentation","FIL-104733",,
"248a1378-1787-4fe2-9bc5-9da4d2fcae11",2024-07-29T10:19:30Z,2025-08-01T22:11:06Z,"01f011dc-8d52-4de4-9524-780ccef3313b","95f56020-38f5-4243-9485-5b776381ae67","f9aa4f91-b841-4e4e-9c7d-9808d0894ab0","ef7e813b-6e69-48ee-b468-3a07c6ce82b3","Documentation","FIL-76079",,
"32f29cfa-d305-437f-8aa4-16b8dd2e8b4b",2024-04-01T06:21:43Z,2025-08-01T22:11:06Z,"01f011dc-8d52-4de4-9524-780ccef3313b","946ae734-e628-4852-9764-1d2b095c7df3","f60c871d-4ee1-4558-bb40-739ffc3ebd68","d6211ab8-516a-4670-9974-2010c421eea7","Documentation","FIL-292852",,
"39fe8677-a185-4e85-a6ea-16a7a8efb9a3",2024-09-09T19:57:36Z,2025-08-01T22:11:06Z,"01f011dc-8d52-4de4-9524-780ccef3313b","8258e745-6aa1-4076-80f8-42b7d2bbcfb4","46ec2c6f-c19b-4c82-982c-13b9cc6bb54c","f097d73b-3351-420a-a4f5-a3db48973a57","Documentation","FIL-329806",,
"4666c5f3-06ef-496e-99d3-b80cee589a71",2024-01-23T06:12:35Z,2025-08-01T22:11:06Z,"e168cbe8-c8cb-4ec3-b920-be764ec09acc","24c82f1b-47fb-4df0-b039-1155c759647b","a4951bc6-bc11-4719-918b-1c0361369e6f","05d391b7-ffaa-45a4-8827-6d519c92a5fd","Documentation","FIL-465828","data:image/png;base64,iVBORw0KGgoAAAANSUhEUgAAAlMAAAEACAYAAACXs/MsAAAAAXNSR0IArs4c6QAAIABJREFUeF7tnQfYfud4wG9iR8WKmBEkMSJqjxCxR42gtRNi1wiltqI2VbsIFdRoVEvREpsSFSRCas8iCEIRe1SfH89xnR7n/b73/Z6z3vf87uv6rv/43mf9zvOec5/7ucdpQpGABCQgAQlIQAIS2DGB0+y4pQ0lIAEJSEACEpCABEJlyk0gAQlIQAISkIAECgioTBXAs6kEJCABCUhAAhJQmXIPSEACEpCABCQggQICKlMF8GwqAQlIQAISkIAEVKbcAxKQgAQkIAEJSKCAgMpUATybSkACEpCABCQgAZUp94AEJCABCUhAAhIoIKAyVQDPphKQgAQkIAEJSEBlyj0gAQlIQAISkIAECgioTBXAs6kEJCABCUhAAhJQmXIPSEACEpCABCQggQICKlMF8GwqAQlIQAISkIAEVKbcAxKQgAQkIAEJSKCAgMpUATybSkACEpCABCQgAZUp94AEJCABCUhAAhIoIKAyVQDPphKQgAQkIAEJSEBlyj0gAQlIQAISkIAECgioTBXAs6kEJCABCUhAAhJQmXIPSEACEpCABCQggQICKlMF8GwqAQlIQAISkIAEVKbcAxKQgAQkIAEJSKCAgMpUATybSkACEpCABCQgAZUp94AEJCABCUhAAhIoIKAyVQDPphKQgAQkIAEJSEBlyj0gAQlIQAISkIAECgioTBXAs6kEJCABCUhAAhJQmXIPSEACEpCABCQggQICKlMF8GwqAQlIQAISkIAEVKbcAxKQgAQkIAEJSKCAgMpUATybSkACEpCABCQgAZUp94AEJCABCUhAAhIoIKAyVQDPphKQgAQkIAEJSEBlyj0gAQlIQAISkIAECgioTBXAs6kEJCABCUhAAhJQmXIPSEACEpCABCQggQICKlMF8GwqAQlIQAISkIAEVKbcAxKQgAQkIAEJSKCAgMpUATybSkACEpCABCQgAZUp94AEJCABCUhAAhIoIKAyVQDPphKQgAQkIAEJSEBlyj0gAQlIQAISkIAECgioTBXAs6kEJCABCUhAAhJQmXIPSEACEpCABCQggQICKlMF8GwqAQlIQAISkIAEVKbcAxKQgAQkIAEJSKCAgMpUATybSkACEpCABCQgAZUp98CyBB4UEZeNiCdGxOeWbeTnJCABCUhAAptOQGVq069wN+s7PCKem7s6NSLO1k239iIBCUhAAhJYfwIqU+t/Dftewd4R8Z8RsXttoAMj4pi+B7Z/CUhAAhKQwDoQUJlah6s07hzfExHXqk3hCxGxz7hTcnQJSEACEpDAdAioTE3nWkxxJq+NiFs3FKnrR8R/T3GyzkkCEpCABCQwBgGVqTGoT3/MS0XEmyNir8ZUbxMR/zz96TtDCbQSwMLKi8C5IuKPIuLEiPierCQgAQmUElCZKiW4ee2fHxH3aVnW49L//fXmLdcVbRiB00fEQRFxjYi4fP45XUTs0bLOb0TEVyLiuIh4fTrOfu+GsXA5EpDAQARUpgYCvQbDHBYRt4iIg1vmijUKq5QigSkROEtShG6a9+wBLZbUVefKPn9nRLx41YZ+XgISmDcBlal5X39Wf52IuNcWytLxEXFFMUlgQgRuGxH3zHu3j2n9KiLwF8Qaa061PgjbpwQ2jIDK1IZd0BWXw7HdY7dpc22PP1ak6sf7IHD+iDg0K/4X6WOABX0+OSIeNeB4DiUBCawhAZWpNbxoHU2ZKD3evreSD2Tfk46GtBsJrEzgghHxpIj4s4jgWG9ZOSW1+URE/CIiSOfxnfxSUDmgnzUieFHAv6qe+qOtf9qgUL0mIv532Qn4OQlIYD4EVKbmc63rK93OInVSynL+zOSLcoJWqXlukAms+goRcceIeOA2c/lBRBwbER+MCJT/n+a/r6L0MNbNIuIh2yhsOKk/JqUL+eQE+DgFCUhgQgRUpiZ0MQaaynaKFH4iT08Plh8PNB+HkUBF4HzZEko06VbWop9HxItymg4UqN90hJAySS+IiNtFxC4L+vxWRNwtpw7paFi7kYAE1p2AytS6X8HV5v+piLjkgia8bd85vaHjcK5IYGgCKPkc5e23xcBYTJ8dEUclB3TSGvQlRAZSj5L5kFahKT9JVjCS11JmSZGABCQQKlPz2QT/GBG3X7BcUx/MZx9MbaU3joi3bDOpr+fPYLEi0m4I4d54j4h4eES0Obzji7VnRGCpUiQggZkTUJmaxwbY6mjPZJzz2ANTWyUWKHyUsIYukqPTcdsTsg/UWPMnU/orIuLmEXHaxiTISYWFSpGABGZOQGVqHhugWayYVfMg4GH2sXkgcJUTIkAk6Usjgoi6NkF54TiPAIgpCPfJp0XEg1PuqeY98wER8dwpTNI5SEAC4xFQmRqP/VAjt1mlnpdqkt1/qAk4jgQyAZQookRJd9AmHDejtEzRb48yNUemNAuHNBSqH+YUCx/1Km9L4IwRQeTkmbOVj1QXRF3yJ0EEBAAQjblbZvyj7LPG7wiIISiA/6Oe4odSuopfbjuiH5DAQARUpgYCPdIwi473vO4jXZCZDkvJF1IPkLV8kdwhO5ZPGdE5kzLwbxGBg3pdsKBRB3BKgsKC4oICgxKCIz2KChUPds++Z1gGUU4obE5gClGSu2ZFh//HJ2wnQluEMVGWuN9wRMpcuhJSYqB0Ib/Oyhh/Iv8VEd/PdRfxtyNg4F3J/+1nOfdYV3OwHwn8noAP1c3dDIsce81ovrnXfIor28oaxREzEXooWusiKE1PjYjrNnyoqF2JZW0nsk/yC7thtrTgYI+yxoOf+zNWmKtmqw2/Q2HgB8XnallRQlHBeoMCpSxP4OP5qJmSQSdn5a9K8PqlxPdty3flJ+dOQGVqc3cAYdvcbOuis/nmXu8pruy4bB1pzg0FiqzmR0xx0kvMiZQJZEOv56LaKiL2KhGxf0TsnaxvF89WrHNlK9ASw/X+kW+n2pykTWnKZ7OSsdMJYPk6NSuFWMXYD5X1qOoThRorUl1w+r9ci8M/n7lYOm690IIJXSD/nuca9UQX+eStuh6sWyiv/Ely2BMzr6n49K26Hj/fAwGVqR6gTqDLtlIx782+HROYnlPYcAJYRUn82swZ9T+5tt5OLThTwcZ9k0hDrEl1IY0CD909sl8Yx2yL8rrtZC1YTVBE60KpG6xX+G7V7+coL/ieNVNJkMrh0zsZfE3bYEnEFwvl9dIRgcKFJRDZK//sdGkcZ8KZYJ7zptJEBPpwnMj1+MxOO7XdehJQmVrP67bdrMnbwwOtEhJy4rfCjVeRQF8EyFrOT1vxbDKVczz2730NPlC/WE3w7zp7UpweUfPb2cnwPHA5XqJuIJYhjuoojYNChnwxZVv/2k46ts3KBK6erKUEGSAU1d43/5sjVo5R8R+76Aq9Ym1jjyDcd7+ZrytHivydpLOMw+9wrmcMFD6kbiXk+4SfHnUmq32xwjT86FAEVKaGIj3cODiY8nZUlxJ/juFm7kjrTICbPkk1sYo25YnpeOfRa7q4W+QHKcdL1AqsHnjLLgclkocgShKO0By/c6xmfb9lCU7rczjvY3HF4nXu7M+GI3zfAQhEi6JUEVSkTJCAytQEL0rBlM6Rb9q8VVXCzZu3LkUCfRDYyhrF0TK17tblWI+oNtZDqD7fmRtsU/i4jSfHaCQi/erMjtP62Fvr1icpP/CNu2a2KJ4nHf0dlK1PREmiiOE3tyg1yDLrXbfv1DJr2ojPqExtxGX8/SKekXwnHtRY0uMXHLts1spdzRgEqiO9tqLEUw92wBGcIxwsaZfNvjTbMeR4hvxGRIGdktIMvC85I9+q5ft1kyVK5Gw3lr/fXAJ8X3DMJ4qVCExSbqB04TBPBOFXakunpBHHgU35cj76Oyz7aG0urTVZmcrUmlyoJabJ2/DLGk6ohPdipWpG0CzRnR+RwJYE2oIcaIAVCmsUb9BTEiLAiBC7d1aiKn+WrebIcdxbs4Pxu3M0V/PzHPHg41J/4BnsMaUrv/5z2eqlBaVqFV+u9acx0RWoTE30wqw4rStFxIcbbYic4ktIGK8igS4JvD5ZZ27Z0uHUrFHUzbtfzh90owWh9vVl4NNEZNabc5ml5ndqEcMXNRKSEnVXRYx1yd2+5kugOk5vs1RhZcWxXRmRgMrUiPA7Gprzd/K3EI5dCWUWeNjxUFAk0BUBnLGpRdc81sOZGkVqCr5R5Be6W4qEO3SbPE5EzpEpG4WJHxx8yXm0Eyvu4S31+S5i9GxX285+agSwhKK837b2f+y/v5PSuARUpsblXzr6mXJ0EMcXdXlMSij4hNLObS+BGoFFpYleHhGPzOHeYwEjnxMWKPyXyCm0SFD6sKoRlMEPuZm6EKIYn9/oyEoDXZC1jzYCRJSSTqN6fn8k+ehdWVTjElCZGpd/6ehkkeZBVhcyMxPCTU0sRQKlBMj2/ZQchVTvC7+g1yaL6AtLByhof98cOccxd5tgZSKvFX5PfC+ambYLhv6Dpli66qIy1SVd+2oSeFU+fSDyFOF7+joxjUdAZWo89qUjc+TCW3b9GnJuTp4pyh4oEighQAj3k1vyRpGB+9kRQeToUEKBXAIsDswpC0iuSMZpCuk2BaUGRY8jx3/Jb/B9zxNndiwF9fn8ZbKSPbPvge1/tgT+NAU9vDhHAgIBqysZ3pWRCKhMjQS+cFhKIuDvQV6pSjiyIC8OoduKBEoIPCw7VNejhAhoeG7qdIikgWQZPyRbWElbQI6e7YRoO6xQ/zBSqDiFiVH6KuFBd6/tJu3vJbBDAjy7SQhbr7/Ky8YxO+zPZoUEVKYKAY7QnGvGsQWKUyUc6d01P0hGmJJDbggB0gaQ1qApWHioO0d5kz4FXxCilf5qCQXqF/nYDl8lrFBj15ujLlvTMd/7a5+7xb45neBoj1I0yN+m0jQPEcs4BPyyj8O9ZFTedo9odPDSHMFU0q9t50kAK9Bf5P1z4ZZ9ReTQsikCdkqQcXkI3GWLjOPUMOMl4oR8jDe1UPA2B339pna6I2y3DAFSIhCBSiASQhmx6y3T0M90T0BlqnumffZI4kGO9wiPrYRszJQv6Coyqc/52/d0COySFRicy5vyo4i4fc9FifEzIuoUx1n2dVO+GxFvz47j708pGThmnLKoTE356mzm3EgDQiRf/VnAsbgyAgGVqRGg73BITLlviYgb1tr/NDvlHr/DPm02TwKUUeFIoFmzkRIpKFdE6LG3+hDSeGCFIk9OdTxRHwfncdItcLT44z4m0FOfpGcg31tdsCLjO6VIoA8CB2S/qapv/GX5bisjEFCZGgH6DockOogHYCWEfT8wVbF/3g77s9n8CPDWSu1GnLvr330yfz8n7yXqz/Uh+EKRTPMqLZ3/PCKOyg7uHOOto+Avhd9UXaaWEX4duTrnxQSazwQCMKj3p4xAQGVqBOg7GHLPXNQS/5ZK3hARt4sIHkSKBLYiQDFVEkuSk4yiqnXBAkTCy2/1gPAa2aH8NjW/jvow1I4k/9Orc327HqYwWJcqU4OhdqBMAOdzEtVWwgvJHaQzDgGVqXG4rzIqvi04FlJVvBKqiuMn9dVVOvKzsyRAAlcsmuRlqoRcTES/URqGWnRdCvcUHMlR9KmN1yYc5RFEwcPgV10OPmJfbVnQ8WnxCH7Ei7LhQ/Mc4EW7EvIOkn9KGYGAytQI0Fcc8hE5eWLVDOfgg5MyRV4dRQKLCJAVHEsU4dN1+VpEPC0iXtKxVRPrF+k5KGNUz39WjX1qTvTJDZ8gik2TNgd076+bdpWntR58CqsM6MyMrOjUpFRGIOCXfQToKwyJf8mxjc+Tg4cyMooEFhF4fEpcef9G1CfWKBy7+R1pBroUfLBQovZq6ZSjPJQ3kmlu8pE038t6PUyTdna5w+yrjYC5zSa0L1SmJnQxGlPBt4UMt5eo/T8ZqMkJ1KwDNt1VOLOhCOBPh+8T6QaqvDOMTULXT0XEnXKOpi7ng4WUavUXXNApljF+j1Vq06V55PKmbEHe9HW7vvEI3DMiyANXF6JlyT2lDExAZWpg4CsMR1ZncvBUcmREPKonR+EVpuVHJ0aA7/AtkxXqWQ3/CaZJrib2DBapLq1CHB1iiSEdQJuQIuCxOZXHxHD1Mh180oisqguWQSNte8Ftp5lAW9CDiWJH2h4qUyOB32ZYcvAQmVFdHx5OOPP2WfV+miSc1VYEOAYmLxQ30LpguUT5RqH5RocIz53LypBeoe3e8YPseP6OiCB1xxzkfDm/1Pkbi/XeOoerP+4a25Qpgx5GuiZ+4UcCv8WwZIP+fK1oKqU8qMPHg0qRQEUAP6SHNnCgwGDRJOnm+zpGRZqD16ZjBZSHplAnD+sMPkMU/J2TtDmeE57Oy5AigT4J3LjF+qtlqk/iW/StMjUS+C2G/UR6IO6Xf4+FgYznvOkrEoAAvnRPz5FzdSJfyAk5SdzXtU8dvhmMebaWS3Bijhj88gwvT5siZaLOGW6EkZbc5jOlZWqki6EyNRL4BcM+Iz8Qq1/jNPzKaU3R2YxIgPIvRMVdrDYH8jQ9OJct6aMEDNYvrGBtQpoDrDBd+mONiHeloSndceWWFrsmiyEZ5RUJ9E3AaL6+Ca/Qv8rUCrB6/uh1cnLOaph/TMd9JFxUJACBR+e0BnUaHAffOVkvP9gTIvyxHt7SNxGClIdBsZuLb1SFgahJjjSxCjRFq1RPG9FuWwlQ/JuC4ZV8Lh0vX1xW4xBQmRqHe3PU8+TcPyQ+RDjqO1CH82lcnJFnwTEvkXqXbMwDqxARY1/vYX6niwj6b6vz9cOcGJDQ/znKrbPvmIrUHK/+dNaM7yIJeKmQUckx+bkxnVnOaCYqU9O42P+WIoJumqdChnOqgW9iluhp0F6PWeyeczRR164uHOuRawwncyxEXQsReyhKV2vpGMWNCCL8s+YqOOGjUNWF8jmkn1AkMBSBNn89a/MNRb9lHJWpEeHnoXlY/lNtGk/OuYHGn5kzGIsAdd5IvrlHYwJYLPnd+3uaGBZSogDbjgq+mKNKyWg+VyFBYvN4z6O9ue6GcdfdFmRiJN+I10RlakT4EYH1gYKz58rTeFv6NzmmTIMw7nUZa3TSYry6xVSPtZJM4k/tcW+QaR8lDctUUyhphOWUJKBzlTZLACy8h851R4y37pclt5DDGsNbvmi86/Hbkb0RjHsBcOAlYg/BF4WjFUp/KPMj0KztVhF4b/KNuFvaJ31ahK4bEX+fHMov0oIdJY4knb+c3yX5/YoXKVJaAma8KUZa+qK9SGTpR0aak8OqTI26Bwhzx2EQwWSLHwy195R5EeBoDaX6Ro1l41z6sAGSP3KUSA3IeroFpkIiThQplLw+Ui6sy1Ve9PAiKAAlU5HAUAQW7UUS9TZ9K4eak+NkAlqmxtkKREvh/1L5pnCMQmqEOT+0xrkS446KIzMme3IT1eXonJTz5J6nd4YcMVpFkVbDfTKFXD87FTB+Sc/jr0P3bb4pOJvjdK5IYAgCRPTir3fhlsH4rl56iEk4xtYEVKbG2SG3jwjySFVycI6gGmc2jjo0AQoE4+Nw+cbAKNO3ioi3DjChPVPqg+NbfKROioh7zahI8SLURC0SuYdfY120SA2wOR3itwSwWhNwwvfxvC1MqLvJ8TwWK2VkAipTw18AnM15iPGWQcLDIyLifsNPwxFHIHDZVJLlmS2FiZnKv+RIMRLx9S3krOJo7xyNgfDLQongiHHOgsWQI1aU3rp4nDLnXTHs2gn44F6xz4Jh8aXEPcCUHMNel4WjqUwNfyEemL8kjIwVgMSIHxt+Go44MAEymN+3Jd0Bvkm8fR450HwumPKYvb0lCei7c9kYfjdnOXyB7yJlnapgkTnzce39EiDD/nNSLrdDIuL0C4YibQpFxZUJEVCZGvZi7JYznVclAAxnHZb/GKNxU3xki/LyvYigFuPzIuLUgSbG953SM1epjUddvXdmhe6rA81jisNgCcBvkZedplDEmd/99xQn7pw2gsBZ8nHeQ5J/FNnN24R9eP1UgYCcb8rECKhMDXtByBPE8QHCcc7eqSQID1Vl8wjsl46JyGzfTDeAQzNO50/qOd1Bk+iZcomYGzd+gX/Wn0XEjzfvEiy1Io41+SH9BFa7pnCcQgoERQJ9EbhJjua+3oIB+G5SD5KEzliylQkSUJka7qLslQoXU5iWSD5y9jzdTOfDwR9oJBSWR6Tj27snB/Pzt4xJlXce2rxhDi0cI961MShHeji8z0mROmu2wpGX5wbJOsixyiIh3Bw/KUUCXRMgkhYr6GUi4g5bdP7mnJ5EV5Cur0DH/alMdQx0i+5wMP7T/HsSdOKA/v3hhnekHgnwYL5jUpLunIoSc5TbFDKL81ZJhvu2UPsep/bbrrlZk1m9LhQyxgdoLorUQek49S8XFG9u8seiiI+UilTfO3N+/VNh4In5xWaRTxRUqHqALyVR3wQqKRMnoDI1zAXaP1kATqwNhYWAox5lvQnge0Q+pqsuWMYJ2VH0X0de5ucaUUF/ky1ofRRKHnmp/294KgqQo4ecUKSC2E7IIP2W9CFDzbcj5e9XJcCzliN2jveJ6l0kvGzhXM59ZYjI3lXX4ecXEFCZGmZrUMi4ylDLUd8fm6BzGPA9jYIShe/bLRf0/4r08H5pLho8hiWqPi1y1Xwr/wf+FoRbPyoVUt5ERYpUD+Tk2SUiSG/A92wZ+Y+cFPGoZT7sZySwIoFDk8Wa/GRVDda25hzjPTYHiHxnxf79+AQIqEz1fxF48P5nRJw2H6lQNsbM0v1z72MEHJQfkI+Lmt8djsuIzuOB/Jk+Bt9hn1jNiOBDiNzjmIEjhE2Sh+fr0pbYsG2dBH3gL/bGnN/rV5sEw7VMhsAB+V6BX2Kb8HLzgpx405qsk7lsO5uIytTOuK3S6g0RQYZz5LPpBn45rVKr4JvEZy+aFGFClvGLajosk06AKE2S502xHBC+QkSkIVjJcJJf94igc+Zjy9suSGXQtmmwxH2olugQxVKRQB8EuN/fIxUeJkqvTchcjg/l8/sY3D7HIaAy1S93rAJYpeCME+Ht8ptwv6Pae1cEqsivp7V0+O18QyQL8ZQDCerO52Q4bxY07opVn/1gEcTPBAdyomLPlhJrolBtJyiP+EFhLXxVqjRwynYN/L0EdkCA+/uBEfEn+XiZl682IfCI8i9YsL+5g3FsMmECKlP9XpzX5dBzRvlCfiDMJXqqX7L99o6zMuZ3zPTNkitcRx7MOHFP0RLVJEMKjgfn/ySnVDPPVNckUXb4qSciJQCDfU95FoqyUq4GKxFJMMnxhFBsGZ71Yq7XTJxJZrjs8R3K01cighQUHOEdlywEX+96gfYngUyAFxO+T7wkX30LKuxL7hdkNleJ2tDtozLV34Wl/hkVvWHMEQMWAhzRlekS4AgP8/u9sxNzfabcBP8um+Z/MN0l/MHM2IOXyv/LDR0l4786yLqOk/d1U/b0a+Skn+xzjhBRpIYU3vZJ80BR4qOHHNixZkmAdAbcHw7LLhtbQeA+QZULfGSJqFU2mIDKVH8XF3MuyRsRjhrwXVkHS0Z/RKbbMzdIjoKqPGD1mWLp4CiP3DAkW10nuVDKZ7NViRh8N6jJ9/icUHbR2kgxgEWJFwSO2/bNFe23ypPTNyceUii4+J0Y/dQ37en1v0eyPFICCIvmT7K1E4tkH8EEHPffKNVQvUX+c6uoPHzxPp59KLlvMDdlBgRUpvq5yBxL8BCrHjZkvSZUXpkeATKWk1eIjMR14a2SFAIc6a2TJaq+BhxhCYBYRngI4ZhO6g6O5KgPRlqFXZdp3ONnmBeKLj6HKLYk1Dy+x/HsejwCWIZR1vE1xcrJd5LoU/yRsIReYoWpcRqAks1xMi9Bx6aSLChFpAmpTguoRsHf6fuM+UgZfzysq7yI4KvHPXw7/zwUKII8iBAlEMUSYStcqE35qMpUP1eSpGt/lbsmgg+rVJXrp58R7XVVAlfMiVOxuNQFHxuUq9dsQAoBHh4cf7H/eDiRnqNvQdHBN4o/eYPnAYP1gPFJiIlzLo7wPCjrJXfwn+IhVE9uy2c8Hun7io3bP8oTfnNEv6EsDbFHu1gx9wmOlVHS8EXUN68Lqmvch8pU9xePmwFWqQvkh/H9zXbePeSCHnEof0qukcebaSW8XaIAv6gDf6KC6fXWFMWEnGccj6BIUpeONB07ERxqUZZ4QcBSRLkcjjNwFjdfzk6IzqMNFh787Ih6w/pTBR+s6+rZ/yhTRPO+L38PsOwqMySgMtX9Redm8c7cLccl3DQMye6e86o9okRR6+q++QirrkRxFPa4iPj0qp2u+eevlC0C5M9CEVokHLWR4uPDmRF169bNf2zNL9VaT58AiAdFxM2Tj9vua72S7SdPCZifZQsrmfWJauWFgyNqZYMJqEx1f3EpTHn73C1fIm4gyngE8PvhRo4i1Uy4idJLws13jTe9SYyMXwhO5hzLUYKF9A8nZYUJBUrFaRKXae0m8ee5vM9WteiGWhSWU6yzdWs0Y1MNAL8qfjhmploAEbCV1Zb7B8rgRXJ9xyr1x6rz5sWaEwuOuDnupvA9ueqUDSGgMtXthcRHhTcTvrA4LRM+u6wDcLczsTcUBBzIKTWCc2ldyP9FIVFunFZkd69IoHsC+B1Sa25oqfzuOG4jWhVr8zEd+zThsI6T/NkjAusuChbH5hyhr+Lzxfy4Bx2RIgWpzecJxtC7pcPxVKY6hJlTIZASAeE8nYiosQvddrvC6feGQoufGtmy61E4XId/zZYoUlUoEpBAfwT4rpFKoEvBklP55BGpx995GfpA7c8+UiOssobdcsAHfolYey+eIwO36wOfzXektCOcbGAlw4KlrBEBlaluLxbJEIkOw6T7wlzPrdsR7G0rAlX9PI6qKiHcn/QGZAKfUgFir6QENpkAx+pENS9KK0CUJsdupBRA6cKniJ8TMhSi47AuoRytuwWZYCSUKgJAyNV27Zx2Yavrj3JFDrVHm6tpW7zEAAARz0lEQVRqPb4mKlPdXafL1/LfkJWZUiScvSv9E6BMA0VvMbNXgp8PVkISUpqWov9r4AgSaBLAR5F0B+R84u84Y1d+i1Xx7blSwxeLo0IqCBAAUk8T0mTCUeXfprQir+gpKelcr0Gn61aZ6g7nPXNYPT3i1Nh0du5uJHvi7Y6MxDfModZ1p1LM/mTHfugG5InySktAAvMggIM7yhXRxryItz2bcaInqzqF140OnNi+UJnq5oLg4EzoONYphDB7HDCVbglgfTo0+yI0jw94+yUqj7pZX+x2WHuTgAQkMBgBKmjwskg9V3JxtZVt+vecbR0L33cHm5kDLSSgMtXN5rh1zjRd9bafyQu7AZsjZTBxt9XNYxAyZ+ObgfPm1zob1Y4kIAEJjE8AxYoKBjfLP5S7aQoO66R/4YVeGYmAylQ34CnZgUKF4CfVLFHSzSjz6oXkfuSpeWQuRVJfPU6pR0bEs1JOL8r1KBKQgAQ2nQCKFC+VpNyhXmHz+U1+OGrA8qOf6MC7QWWqG+CfiAisUci9ss9ONz3Pr5c9swLFDaOZHwrOhA7/k6HD89sYrlgCEvg9ARLs8rJJJCRpGJpC3ipcTd4os2EIqEyVc+ZM+z21bvSX2hlTlNGHZZ+oZg8n56O8lyRFi1QHigQkIAEJ/I7AhXKCYl7km0ISUxQqXkDfJrD+CKhMlbMlOSQ+PZXc0qznS0O9aM5QfrFUKPQ6La1wsnxeLiJKvStFAhKQgAQWE7hVckg/fEERaXJ3vTxHnetf2vEuUpkqB/qanOOo6ok6VB8v73Zje+DojvBf3qL2bVklUXnUrXpKLrGwsSBcmAQkIIGeCOAucddUcBnlav+WMfDzrUpq9TSFeXWrMlV+vY/OYaxVT0bytTNFyUSJuk1EtEWkEN5L/hRyRFHXUJGABCQggXICt8uK1fVbuiK1Ai+uby8fZt49qEyVX/9m7T1KBcw9u2+dKhYo3pCuvAD1hyPiZRHxylyGp/yK2IMEJCABCTQJXDi/0N6tpcwP6RWenHIlvklsOyOgMrUzbvVWx0XEFWr/QfkEw/UjHpHKSDymJa0BqPB/IrUBIbwfLb8E9iABCUhAAksSOHPOWUVB+Ks32lA8+n6NoKolu533x1Smyq9/XZk6fkGYavko69HD2XPyuLssKOT57myBekNEfH89luQsJSABCWwsgevlVDScqNSF6D8Kx+uovuSlV5laEtQWHyNCoipSSTZuaizNTdhHWKE40jtfY/E/joi/SU6Qr7Pw89y2heuVgATWhAAFl1Gebl6bLzVmCbAiYv2Ha7KO0aapMlWOvukzNSemZ83+UM9pwUgGXlJGvFBfqPJNZg8SkIAEBiBA8finpvQ+BAxVwinCM3L0HwqW0kJgTg/+vjbAl3P9uKp/Eqid1NdgE+mXjLs3yWfr527MiVIvVDanDMy3JzJfpyEBCUhAAssToNAy0dWXqTUhqzouHPypNAioTJVviZ82nKwxl36gvNtJ9nC5iHhoRBBq2yYfyUk48Y1SJCABCUhgvQncJ9/TMRIgWKaOyFYqXFyUTEBlqnwrcJx1nlo3m1ibD9Mv5+ZteUpY+puzafiYcpz2IAEJSEACEyOAy8bdU3H53fK88A+m0Dwpbf5nYnMdZToqU2XYL5mSUBJKWpdNYnrHtDCKZe69ANOx2S+K6Lxfl6G0tQQkIAEJTJjAPhHxxJx4uZomtf8oX/MfETFrS9UmPfjH2IOH5YST1dicJXMUts6ya0SwrmemJG5naFkIPlGvyOvWErXOV9q5S0ACElidwAG58PxB6c9dcvN/Tic0L5hzwmqVqdU3Ur0FmbtRPCqhFEpb5e6yUYZpfdpcx4k0Bm3pHSjxQpQHZt1Zv4EMczkcRQISkMCkCRyao7mvVZvl49LfOc2YnahMlV3y9zSqc1NGppn8rGyEYVpfMyKeFBE4zzfl09kSRbXxk4eZjqNIQAISkMAaEDhH8pl6QEQ8tjZXXsbxqZqVqEyVXW408Pomord1qc3Htb9HRNy7kVOkIkKStoelTOYviQiO9hQJSEACEpBAGwGO/KqatLOsBKIyVfbF2L0ll9LUrVNnjIg75dDWs7Qs/ysRgan2tSbbLNsctpaABCQwIwKfrwUrHRIRr57R2kNlqvxqt1mnppYeAX+o66YUBlfKZ9wXa1k2mdyxsj07pUE4tRyLPUhAAhKQwIwIfKnmb0uuQZ45sxGVqfJLvX9y3D6xpZu/z75GY0W8kQ+ELLY3TTXxbh0RWKTa5GcR8bYcnffGchz2IAEJSEACMyRAipyD87q/GxHN6hgbjURlqvzysmG+s6AbfI2OylnD+3beJqXB/SLiOiljLQrSn6ScIKfbYnnkhXprrp1H0k1FAhKQgAQksFMCzYCsWekXs1rsTnfIEu2wPl19i8+dEhHvyg56+CTx748WJLo8Z0SQMJR8H1eLiCtHxAWWmCcfIVstOUFelcyw71+yjR+TgAQkIAEJbEVAZcr9UUzg7CltwJ/nENHzrtAbdf3+Nzl8o9Tis0QE3WdSmoLTJ9+mryaL1k8iAn8nlCd+6HvfFfqvPvrzXJzyyIh4XUSQtVaRgAQkIAEJdEVAZaorkvbzW4XnKRFxz5FZoJiR5wPLE2GqROb1fcw48pIdXgISkIAERiTwotqzb3bpETzm62fnkfzykRFx4366b+0VaxOO5O9IJW1wJNf6NCB8h5KABCQwcwJvSi/vN6sxmJV+MavFjrDR8aNCqbregjp3JVP6cspY/s6I+Ej2v+JNQJGABCQgAQkMTYCIcU5AKpl6vsXO+ahMdY60tcO9IuKKEXHp7B+FwzjRdN/PKQvOU/OdukqqgXemll7wpzouWbs+FBGvz38fZvaOIgEJSEACElhMgBMRjAaVUPT4vnMCpjI1p6vtWiUgAQlIQALdEnh+qgRyn1qXGAkuOLcKGipT3W4qe5OABCQgAQnMhQB+wfhK1XMaknbn0LkAqNapMjW3K+56JSCBqRDg+J+oW0UC60rgEylv4X6Nye/RUrN2Xde39LxVppZG5QclIAEJdEaAABKUqZdHxF0669WOJDAcgba6tB+PiMsON4XpjKQyNZ1r4UwkIIF5EGj6mLDq1+T6mG+fBwJXueYEmtF71XIulxNEr/nyVp++ytTqzGwhAQlIoITAYVlxauuDOp+UeyK0/IMRcVLJQLaVQA8EFilSD4qIZ/Uw3lp0qTK1FpfJSUpAAhtG4PCIuFVSmq61xbp+kQqXvy//kJCX1CiUn1IkMAaBm+aknG0VPmaXV6p5AVSmxtiSjikBCUjgdwQuHhEHRwTKFeHk2wnK1RciAsffoywTtR0uf19I4AI57QGK/yW26Ov6OYl04XDr21xlan2vnTOXgAQ2iwBWqktFxJWSwnRII9x80Up/kOtvfiAlSeSIEAvWWZLV60StWJu1OQZeDVYo6sySaHo7uXY+lt7ucxv9e5Wpjb68Lk4CElhTAuTtuWZE3CAiDkz1NnHsPfMKa/lZRBydFTJ8r84bEZ9NVrATsoPwT1foy49uPoGzRgTWpSvk4+dLLrFkfPsol4aldPaiMjX7LSAACUhgDQjskv2rKEXFg++qyQp1tRUVrOYyT42IL0XENyOCclWfzgXSqfn5qTVg4hTLCByQlSeKE2MVPf2S3b0yIp6TLaJLNtn8j6lMbf41doUSkMBmE6Du5zmzcsUD8eYRgWWhnpV6pwRQtigPckxE/CgXbCfRKArX+SKCY0ZyC+kYv1PC/bc7bYoKvXtEUAN294jgWG7/FYclqpScaEeaaLadnMrUijvKj0tAAhJYEwLc37Fe/VG2ZPFvjgv3zr5ZXS7j5xHxnnTsQwQiytU5IuKTuT7b2fLf358LvHc57tz7wkp5UIZwmazs8ueuEfHHKVXBbgXWS5TntyRF+TH5iHjurLdcv8qU20MCEpDAPAkQPYhidcasdBG5xb+xbnEE1Ofz4VdZ8eJPrFv4c30mj/nrfPyINQylDKsX/8dRJ3P9Xj5iom3fQkDAmWrjnyEPyP9h8YEV8/pNtgTy/ygx/D/8mPsvcxsUTdaB8Cc/1dpoz3oqC9/5syKKksqYrLtSirFCnjsiKNvStTCnd0TEi7MixfjKEgT6/LIsMbwfkYAEJCCBCRPgaAiFAuGhjqWL5wYPd5zasXTx+2X9bbpaKgrKMmN+K3/uG1lRRNlpSqXQLNNfV/OfUj+n5CjQN2RFCuVWWZGAytSKwPy4BCQgAQn8AQGeJTjFo2RxrHf5bLHh//DdQvHaKk+RSPsn8JNa4teP5Si8D2UrH5YxpYCAylQBPJtKQAISkMDKBOqKV9WYY619Gz3hD0SoPkIbjtOWOdrbJyI4smwKCsOxEdE8uvpiROyZlb7qmcjxIsd16yQn56NSjkz5O07jn8/HqR/WX63fS6ky1S9fe5eABCQggc0igIM3fkt9yrezvxhHjyiVRGzWhaNJ8odx3Iky+LU+J2Pf2xNQmdqekZ+QgAQkIAEJSEACCwmoTLk5JCABCUhAAhKQQAEBlakCeDaVgAQkIAEJSEACKlPuAQlIQAISkIAEJFBAQGWqAJ5NJSABCUhAAhKQgMqUe0ACEpCABCQgAQkUEFCZKoBnUwlIQAISkIAEJKAy5R6QgAQkIAEJSEACBQRUpgrg2VQCEpCABCQgAQmoTLkHJCABCUhAAhKQQAEBlakCeDaVgAQkIAEJSEACKlPuAQlIQAISkIAEJFBAQGWqAJ5NJSABCUhAAhKQgMqUe0ACEpCABCQgAQkUEFCZKoBnUwlIQAISkIAEJKAy5R6QgAQkIAEJSEACBQRUpgrg2VQCEpCABCQgAQmoTLkHJCABCUhAAhKQQAEBlakCeDaVgAQkIAEJSEACKlPuAQlIQAISkIAEJFBAQGWqAJ5NJSABCUhAAhKQgMqUe0ACEpCABCQgAQkUEFCZKoBnUwlIQAISkIAEJKAy5R6QgAQkIAEJSEACBQRUpgrg2VQCEpCABCQgAQmoTLkHJCABCUhAAhKQQAEBlakCeDaVgAQkIAEJSEACKlPuAQlIQAISkIAEJFBAQGWqAJ5NJSABCUhAAhKQgMqUe0ACEpCABCQgAQkUEFCZKoBnUwlIQAISkIAEJKAy5R6QgAQkIAEJSEACBQRUpgrg2VQCEpCABCQgAQmoTLkHJCABCUhAAhKQQAEBlakCeDaVgAQkIAEJSEACKlPuAQlIQAISkIAEJFBAQGWqAJ5NJSABCUhAAhKQgMqUe0ACEpCABCQgAQkUEFCZKoBnUwlIQAISkIAEJKAy5R6QgAQkIAEJSEACBQRUpgrg2VQCEpCABCQgAQmoTLkHJCABCUhAAhKQQAEBlakCeDaVgAQkIAEJSEACKlPuAQlIQAISkIAEJFBAQGWqAJ5NJSABCUhAAhKQgMqUe0ACEpCABCQgAQkUEFCZKoBnUwlIQAISkIAEJKAy5R6QgAQkIAEJSEACBQRUpgrg2VQCEpCABCQgAQmoTLkHJCABCUhAAhKQQAEBlakCeDaVgAQkIAEJSEACKlPuAQlIQAISkIAEJFBAQGWqAJ5NJSABCUhAAhKQgMqUe0ACEpCABCQgAQkUEFCZKoBnUwlIQAISkIAEJKAy5R6QgAQkIAEJSEACBQRUpgrg2VQCEpCABCQgAQmoTLkHJCABCUhAAhKQQAEBlakCeDaVgAQkIAEJSEACKlPuAQlIQAISkIAEJFBAQGWqAJ5NJSABCUhAAhKQgMqUe0ACEpCABCQgAQkUEFCZKoBnUwlIQAISkIAEJKAy5R6QgAQkIAEJSEACBQRUpgrg2VQCEpCABCQgAQmoTLkHJCABCUhAAhKQQAEBlakCeDaVgAQkIAEJSEACKlPuAQlIQAISkIAEJFBAQGWqAJ5NJSABCUhAAhKQgMqUe0ACEpCABCQgAQkUEFCZKoBnUwlIQAISkIAEJKAy5R6QgAQkIAEJSEACBQRUpgrg2VQCEpCABCQgAQmoTLkHJCABCUhAAhKQQAEBlakCeDaVgAQkIAEJSEACKlPuAQlIQAISkIAEJFBAQGWqAJ5NJSABCUhAAhKQgMqUe0ACEpCABCQgAQkUEPg/2OtYW2xjdcoAAAAASUVORK5CYII=",true
"5dc5ca86-ba67-4ea8-8a58-6c240343eb9d",2024-01-22T10:52:44Z,2025-08-01T22:11:06Z,"e168cbe8-c8cb-4ec3-b920-be764ec09acc","59c0debe-a3a1-4ed4-8bb2-8adbe627c23f","b6ff9784-6deb-4b2f-bc74-6507b5168613","cf6b453e-942e-4776-aab5-c0a48db4baf9","Documentation","FIL-91685","data:image/png;base64,iVBORw0KGgoAAAANSUhEUgAAA4gAAAFUCAYAAABm0xKzAAAAAXNSR0IArs4c6QAAIABJREFUeF7t3d3Z5raZGGBuB3YFq60gcgVKznK26UByB+sKlFRgbwWWOkgq2LgCOxVYPstZ1IEzGA89HJokfgiCIHG/16VrJA2Jn/sBvw/PC5D8p8mHAAECBAgQIECAAAECBAhM0/RPFAgQIECAAAECBAgQIECAQBCQIBoHBAgQIECAAAECBAgQIPBRQIJoIBAgQIAAAQIECBAgQICABNEYIECAAAECBAgQIECAAIHPAlYQjQYCBAgQIECAAAECBAgQsIJoDBAgQIAAAQIECBAgQICAFURjgAABAgQIECBAgAABAgRWAraYGhIECBAgQIAAAQIECBAg8FFAgmggECBAgAABAgQIECBAgIAE0RggQIAAAQIECBAgQIAAgc8CVhCNBgIECBAgQIAAAQIECBCwgmgMECBAgAABAgQIECBAgIAVRGOAAAECBAgQIECAAAECBFYCtpgaEgQIECBAgAABAgQIECDwUUCCaCAQIECAAAECBAgQIECAgATRGCBAgAABAgQIECBAgACBzwJWEI0GAgQIECBAgAABAgQIELCCaAwQIECAAAECBAgQIECAgBVEY4AAAQIECBAgQIAAAQIEVgK2mBoSBAgQIECAAAECBAgQIPBRQIJoIBAgQIAAAQIECBAgQICABNEYIECAAAECBAgQIECAAIHPAlYQjQYCBAgQIECAAAECBAgQsIJoDBAgQIAAAQIECBAgQICAFURjgAABAgQIECBAgAABAgRWAraYGhIECBAgQIAAAQIECBAg8FFAgmggECBAgAABAgQIECBAgIAE0RggQIAAAQIECBAgQIAAgc8CVhCNBgIECBAgQIAAAQIECBCwgmgMECBAgAABAgQIECBAgIAVRGOAAAECBAgQIECAAAECBFYCtpgaEgQIECBAgAABAgQIECDwUUCCaCAQIECAAAECBAgQIECAgATRGCBAgAABAgQIECBAgACBzwJWEI0GAgQIECBAgAABAgQIELCCaAwQIECAAAECBAgQIECAgBVEY4AAAQIECBAgQIAAAQIEVgK2mBoSBAgQIECAAAECBAgQIPBRQIJoIBAgQIAAAQIECBAgQICABNEYIECAAAECBAgQIECAAIHPAlYQjQYCBAgQIECAAAECBAgQsIJoDBAgQIAAAQIECBAgQICAFURjgAABAgQIECBAgAABAgRWAraYGhIECBAgQIAAAQIECBAg8FFAgmggECBAgAABAgQIECBAgIAE0RggQIAAAQIECBAgQIAAgc8CVhCNBgIECBAgQIAAAQIECBCwgmgMECBAgAABAgQIECBAgIAVRGOAAAECBAgQIECAAAECBFYCtpgaEgQIECBAgAABAgQIECDwUUCCaCAQIECAAAECBAgQIECAgATRGCBAgAABAgQIECBAgACBzwJWEI0GAgQIECBAgAABAgQIELCCaAwQIECAAAECBAgQIECAgBVEY4AAAQIECBAgQIAAAQIEVgK2mBoSBAgQIECAAAECBAgQIPBRQIJoIBAgQIAAAQIECBAgQICABNEYIECAAAECBAgQIECAAIHPAlYQjQYCBAgQIECAAAECBAgQsIJoDBAgQIAAAQIECBAgQICAFURjgAABAgQIECBAgAABAgRWAraYGhIECBAgQIAAAQIECBAg8FFAgmggECBAgAABAgQIECBAgIAE0RggQIAAAQIECBAgQIAAgc8CVhCNBgIECBAgQIAAAQIECBCwgmgMECBAgAABAgQIECBAgIAVRGOAAAECBAgQIECAAAECBFYCtpgaEgQIECBAgAABAgQIECDwUUCCaCAQIEBgX+A/T9P0vwERIECAAAECBEYRkCCOEmn9JEAgR+C/T9P0/eKEH6dp+i6nAMcSIECAAAECBJ4oIEF8YtS0mQCBKwXWyeGyrv/x4T/C3/sQIECAAAECBF4pIEF8ZVh1igCBAoGwnTSsGoY/Y5+QKIatp7afxqT8PQECBAgQIPAoAQnio8KlsQQIXCRwtGp4VOV/kSReFBHFEiBAgAABArcISBBvYVcpAQKdCJQmhnPzwwpiSBJ9CBAgQIAAAQKvEJAgviKMOkGAQKZAznbSWNF+jsaE/D0BAgQIECDwGAETm8eESkMJEKgkcHbVcN0M20wrBUYxBAgQIECAwP0CEsT7Y6AFBAi0Ewgrh/+RWV14IM03Bw+vsc00E9ThBAgQIECAQL8CEsR+Y6NlBAjUFchNDtevtDg638/SurFSGgECBAgQIHCTgEnNTfCqJUCguUBYOUx5hUVYEfzDh9Ztve/wrzutts20eThVeIHAfH0srxOvc7kAWpEECBDoWUCC2HN0tI0AgVoCqfcdrlcNl/UflXF0Xq0+KIdATYFlMni0hTrUGcZ3+Gx9aVKzTcoiQIAAgQ4EJIgdBEETCBC4VCBla2lKgre3ejhPoE2eLw2jwk8KhOtgfnrvz9M0/aKgvJTrpKBYpxAgQIBATwISxJ6ioS0ECFwhENtamjLpPVo9/Gmapn+5ouHKJFBJIHUFPbW6lGsmtSzHESBAgEBnAhLEzgKiOQQIVBX4YZqmbw9KTJ3o7q0e/jhN03dVW6wwAnUFaieHy9alXj91e6Q0AgQIELhUQIJ4Ka/CCRC4USA2MU59PcVeOSbHNwZX1UkCsWsgqZDIQa6DGorKIECAQEcCEsSOgqEpBAhUE0iZGMd+/s33a+09+TR2frXOKIhApkDKfbeZRe4envpFS636lEOAAAECFwuY4FwMrHgCBJoLpCSHsddSxMqwatI8rCpMFIiN3aNi5le8zK+2SCnrT9M0/SqxbQ4jQIAAgQcISBAfECRNJEAgWSBlQnuU3KWsvEgOk8PhwMYCKeN/blJ412e4t3Z+hUVICvc+R+W6D7dxkFVHgACBqwUkiFcLK58AgVYCsaeVhnbsJXcpieHR+a36qB4CWwI5iWHpON57UJN5hDFJgACBlwn4wf6ygOoOgUEFziSHqZPr2LbUQel1+2aB1PE7N7N0BVyCeHOgVU+AAIFWAhLEVtLqIUDgKoGjF9jHJsUpk+vSCfVV/VUugSCQMnbXUqVfchzVZR5hPBIgQOBlAn6wvyygukNgIIHYU0ZjyWFs1dHTGQcaTA/ram5yeOZLjqPr5Ey5DyPXXAIECIwjIEEcJ9Z6SuBNAmfuGYyd+9M0Tb+epunooR1vstSXZwm0TA5jdZlDPGvsaC0BAgSSBPxwT2JyEAECHQnEEry5qVvb6WITXisiHQVaU/5BIDZ+lyecHct/nKbp64MYlG5XFVYCBAgQ6FxAgth5gDSPAIEvBFInyJJDA+dtAqljP/T7bHIYVs+/kRy+bQjpDwECBNIEJIhpTo4iQOB+gdQJcm5yeHYyfb+MFrxdIHXs1xjLsbpq1PH2eOkfAQIEHi0gQXx0+DSewDACsUlrgAirHmHyur538Ohck91hhtBjO5q6pbrGWI5dZ7aVPnYYaTgBAgTSBSSI6VaOJEDgHoHYpHVODsPkdf3xBMZ7YqbWegKx17jUetpu7DqrkYDWU1ESAQIECFwmIEG8jFbBBAhUEIhNWveSw6NVl1oT6grdUwSBQ4HYq1hqJW2x6+w30zT9TqwIECBAYAwBCeIYcdZLAk8UiE1aS5LDWhPqJ3pq87MEYuO/1liO1WNb6bPGjdYSIEDgtIAE8TShAggQuEAgNmkNVW5NkN1veEEwFNlcIHbfYa1V8Nh1JjlsHnoVEiBA4H4BCeL9MdACAgS+FIhNWiWHRszbBY62ltZKDmNJaK0VyrfHSv8IECDwOgEJ4utCqkMEHi1wRXJoFeTRQ2K4xseugRrjOZYc1qhjuMDpMAECBN4iIEF8SyT1g8DzBWIT472Vw73VllorLc+X1YOnCLRI3GLXmZXDp4wW7SRAgMBFAhLEi2AVS4BAlkBs0rqVHB5Npk1ys/gd3IFALDmsMaZj11mNOjqg1AQCBAgQOCMgQTyj51wCBGoIxCatoY71ljcPo6khr4xeBGLJYY3V8Nh1JjnsZTRoBwECBG4WkCDeHADVExhcIDZp3ZoYSw4HHzQv634sOfxpmqZ/Odnn2HUmOTwJ7HQCBAi8SUCC+KZo6guBZwnEJq1byeEP0zR9u9NNk9xnxV9rpymWHG6tnue6HT0RNZTluskVdTwBAgReLiBBfHmAdY9ApwIlk9Y/TtP09UZ/amy/65RJs14scHVyGPsCRnL44sGlawQIEDgjIEE8o+dcAgRKBGIT160Vjb2E0upHSQScc7fA1cnh0Ur73Hevsrh7FKifAAECnQpIEDsNjGYReKmA5PClgdWtZIGrk8PYNWbFPTlUDiRAgMCYAhLEMeOu1wTuEIhNXHNWDq1+3BFBdZ4ViCWHIXkL10H4s+RTco2V1OMcAgQIEHixgATxxcHVNQIdCYQJ7zcH7VknfGEi/f2HiXL4c/2RHHYUWE1JFoglb5LDZEoHEiBAgMCVAhLEK3WVTYBAEDiaGG9tdztaZZEcGlNPFEhZOQxju/QTe+jTj9M0fVdauPMIECBAYCwBCeJY8dZbAq0FjiauOcnh2dWV1v1WH4FZILZyGI4r/V18tNI+1+9LFWORAAECBLIESn8pZVXiYAIEhhOITVy3VjT2JtIeqjHc8HlNh2Mrh6GjpQlcStl+x79mKOkIAQIE2gn45dHOWk0ERhGITVy3ksO9c7zGYpRR875+xlYOz3zxEbvGzpT9vkjoEQECBAhkCUgQs7gcTIBARCA2cd1K+PYm0pJDw+2pArHkMPSr9PdvrGzXzVNHjXYTIECgE4HSX1CdNF8zCBDoSCA2cd3aSic57CiAmlJFIPYlyZn7aWPXmOSwSggVQoAAgbEFJIhjx1/vCdQSiE1cJYe1pJXTs0BKclj6tNLYNSY57HlkaBsBAgQeJCBBfFCwNJVApwKxiavksNPAaVZVAclhVU6FESBAgMBdAhLEu+TVS+AdArF3HIZVjbClbvnZe/WFFZB3jIkRexH7kuTMQ2NiZbtuRhxx+kyAAIELBSSIF+IqmsDLBXLfcRg4ts45c0/Wy4l17wECsQROcviAIGoiAQIECHwWkCAaDQQIlAgcJYdbKxp770U8M3kuabdzCNQUuHJb6dE1Fvpg5bBmJJVFgAABAn8XkCAaDAQI5AqUJIfhnPVHcpgr7/ieBK5MDmOrklv39fZkoy0ECBAg8GABCeKDg6fpBBoLxCbEeyuHW8mh1Y/GwVNdVYHYtXDmy4/YyqHksGooFUaAAAECawEJojFBgECKQGxCvJXwecdhiqxjniYQuxZKk8O9bdizj3t1nzZStJcAAQIPFZAgPjRwmk2goUBsQiw5bBgMVd0u8NeDFpxJDrdW2pfJYen7E28H0wACBAgQeJaABPFZ8dJaAq0FYvdC5SSHtsa1jp76agrEVvhKt03HvoApTTpr9l1ZBAgQIDCQgARxoGDrKoFMgVrJoa1xmfAO71Ig9+FMKZ2IXWOSwxRFxxAgQIBAVQEJYlVOhRF4jUBs4rq1Grh3jp8zrxkWw3bkiuTwh2mavj0QLV2RHDZIOk6AAAECdQRM3Oo4KoXAmwRKksOtCbTVjzeNinH7ckVyGLvGJIfjjjc9J0CAwO0CEsTbQ6ABBLoSiE1cU1cOTXC7CqvGFApIDgvhnEaAAAECzxWQID43dlpOoLZALDnc+nmxNYGWHNaOjPLuEDi6HkrHeOwa8yCnOyKtTgIECBD4QkCCaEAQIBAEjiaue1tFJYfGzlsF7kgOS5POt8ZAvwgQIEDgJgEJ4k3wqiXQkYDksKNgaMrtAnckh1YObw+7BhAgQIDALCBBNBYIjC2QmxzuvQvO6sfY4+gtvZccviWS+kGAAAECxQISxGI6JxJ4vEDuZHgvObT68fihoAMfBHKvhxQ09xymKDmGAAECBLoSkCB2FQ6NIdBMIHcyLDlsFhoV3SCQez2kNFFymKLkGAIECBDoTkCC2F1INIjA5QK5k+FwfHih91erllk5vDxUKmggEL78CA9c2vqUbp2WHDYInCoIECBA4BoBCeI1rkol0KtASXL4/UZnJIe9Rli7cgQkhzlajiVAgACBIQQkiEOEWScJfBSQHBoIBD4LSA6NBgIECBAgsCEgQTQsCIwhUCM5DO9DDFvuwp8+BJ4sIDl8cvS0nQABAgQuFZAgXsqrcAJdCOQmh+F+rDCBXn7mxFBy2EVINeKEgOTwBJ5TCRAgQOD9AhLE98dYD8cWyE0O/7rBVfqgjrHl9b5HgaPk8Mdpmr4raHTsXaJW3QtQnUKAAAEC9wlIEO+zVzOBqwWOJq7rh8zsHSs5vDpKym8l0HrlMKy2h+vMhwABAgQIPEpAgviocGksgWQByWEylQMHELgjObRyOMDA0kUCBAi8UUCC+Mao6tPoApLD0UeA/i8F7kgOrRwagwQIECDwWAEJ4mNDp+EENgWOksP19b53rHccGlxvEci9Bzel37F7DiWHKYqOIUCAAIFuBSSI3YZGwwhkC+xNXLfuhZIcZvM64WECOSvpqV2THG5LhVXa7z/91foJyMsz3NOcOtIcR4AAgRsFJIg34quaQEWBnIfMbL3GwjsOKwZDUbcLHG0rLV0hP0oOQ4dLy70dq7ABc1J4lBBuFT2aUyGv0wgQIHCfgATxPns1E6gl8Odpmr7aKGz9bf3ehM7TFmtFQjk9CFyxrfSHaZq+PejcCL9Lw8+P8M83G+9JzYm7VcQcLccSIEDgBoERfqndwKpKAs0EtlYDQ+XrSVjOCmOzxquIQGUB20rrgYZkMLwXMiSEW19AldYkQSyVcx4BAgQaCUgQG0GrhsAFApLDC1AV+ViB1slhgHrj79DSraOpA0eCmCrlOAIECNwk8MZfbjdRqpZAU4G95PAPq+1fVg6bhkVlNwlc8SqLozLfmhzG7rM8G17J4VlB5xMgQKCBgASxAbIqCFQWsHJYGVRxjxa44oE0oyWHV64a/mmaph+nafrdo0eZxhMgQGAgAQniQMHW1VcISA5fEUadqCRwxcphbBXtTU/hvCoxDA++Cp+wYjj/e6WQK4YAAQIErhaQIF4trHwC9QRSk8PU4+q1TEkE2gtcsXI4UnIY62tuRCWFuWKOJ0CAQKcCEsROA6NZBFYCKUnfFRNmgSDQo4CVw3NR2ft5UlLqvEpopbBEzzkECBDoUECC2GFQNImA5NAYIHAo8Nedvy19CEpsNe1N20pjfU0Zej9N0/Tv7itMoXIMAQIEnicgQXxezLR4LIGUlcO9CV/4Rj9MbH0IvEkg5ZrI6W8sYXpLchhWXX9f+E7D8LMkPCE5/GmlMGd0OZYAAQIPFJAgPjBomjyMQMpEWHI4zHDQ0Q8vbU+5JnKg3pwchoTw62mavv30Z45LODYkgmFFdv733PMdT4AAAQIPFZAgPjRwmv1qgaMnCy630HnH4auHgc6tBGqP9zcmh+FnR/jnm9X7UFMH08+fkkKvpEgVcxwBAgReKCBBfGFQdenxAimrJLUny49H04FXC9Qe729LDmu8ruItW2lffSHoHAECBFoISBBbKKuDQLpAysM3ak+W01vnSALtBWqP9zckh2dXCpdRnLeSurew/dhWIwECBLoUkCB2GRaNGlRgb+Vw+c1+yurioHy6/UKB2vfYPjk5nFcJQ5jDv9f6mAfUklQOAQIEXiLgF8NLAqkbjxdISfxSVhcfD6EDBD4JjJ4czkng95kJYbiP8BeJo8gcIBHKYQQIEBhJwC+HkaKtr70KxJLDo5eCu2+o16hq1xmBvTFf+uqWo5XD0jLP9G/v3JJ7CeetoeEBVjnJpN//V0RQmQQIEHiBgF8QLwiiLjxaIJYcHk1sJYePDr3G7wjU/kKk5+SwdNvo1isoYttnZ273HLr0CBAgQOBQQIJogBC4T6A0OTTBuy9mar5eYG8rdckXIj0lh6VbRoN4yovq99yWESsxvD7iaiBAgACBrgQkiF2FQ2MGEjiTHIZJng+BNwq8KTm8OiFcxj+2erh8f+obx40+ESBAgEBFAQliRUxFEUgUKE0OTfISgR32SIHYdZHTqb2yQhlXXUelr55Y3kMY2lfyuomj1cOr+psTD8cSIECAwIMEJIgPCpamvkIgNgmO/f0rEHSCwEqg5rsOWyWH8wphaPs3GRGtkRAuqwvl7dXf0wN4MogcSoAAAQJ3CkgQ79RX92gCsUmw5HC0EaG/QSB2XeQoHSVLZ1fSzqwQ/uHTymDJ6uBR/48e6BPOO9vnHHvHEiBAgMBLBCSILwmkbnQvcDQJDpPGvcfTm+B1H1oNPCFQMzk8ug8v9zpa3j8YupfzYvqUB8qcIPvi1KPV0nCg3/G1pJVDgACBgQT88hgo2Lp6m0AsOQyTvK1P7qT2tg6qmECBQE/J4ZnVwdD1v0zT9EPh/YMFdH8/5Sgp/nGapu/OFO5cAgQIEBhTQII4Ztz1up3A0SQ4tCKsHG59PI6+XYzU1F4gJFPfblRb8qVISZJ05v2DodmhnbW3i5ZEoeaqaUn9ziFAgACBFwpIEF8YVF3qRqAkOfSOw27CpyEXCexdFyUPVDnaYjmvoJW+bqL2w2Qu4pyOnmDqd/xV6solQIDAiwX88nhxcHXtVoHS5NA7Dm8Nm8ovFmiVHIaHwoTEqdd7B2syW0WsqaksAgQIEHADuzFA4AKBkuSwZGvdBU1XJIFLBbZWu376cA/frzO3bMYezhLrxPJBMuHYHraLxtq89/dHCeLcN188leo6jwABAgMKWEEcMOi6fKnA0QpJqHhrRUNyeGlIFN6JwN5WyNT7bcO18/Wn+3Z/kdGnOfm76lUTGU257NCjbaZzpWd/zix/dm39HFsn2eEBOSH5D5/wc9GHAAECBB4iIEF8SKA08xECksNHhEkjbxDYW/HbSw6XTxXd+2JlqxvrZDAc8+TVwdRQxVYR1+XMK6izz9poTsb/9dOJOVt199ocEtS9+lL76TgCBAgQaCAgQWyArIphBFK+xV9inP1GfxhYHX20QOx1FqXJ4BIlPJDmjtdM9BKYYLj3upzUNs5JYo1kMKfOsLJrhTFVzHEECBBoICBBbICsiiEE9u6t+mqn96nb6obA08nXCuwlh2Hr4d61kYvhi5a/ieWuIuY6X318GBPhfZItE9Sr+6R8AgQIPFJAgvjIsGl0ZwI5K4deY9FZ8DSnusA8wQ/3oG296zClwnkLZEgij8rwRcuXmjVWElPi0+IYW1JbKKuDAAECGwISRMOCwDmBnKcplrzn7VzrnE3gWoE5GQx/flOw+nP0AJnYipjkcD+2MbtrR8W1pS/HTKjJ9tRrvZVOgMCAAhLEAYOuy9UE/vjpqYopBdoGl6LkmF4F1olgaGfJVsBwHcwT/KOHxxwlOL5oSRslIT6/r7iVN63W9kcZD+3N1UiAwMsFJIgvD7DuXSYQHoiRun1OcnhZGBR8kcDywTG5ieDP0zRtvYYidcXvaFXetZQf8BqriVtPh122ZGuMzOPg+/wmZ5+ROrayC3YCAQIERhSQII4YdX0+K5Az4TKhPavt/CsF5kQw1BG2iIZPakK4lTSEc7cSgpTrIHb/XEoZV1o9vezlKvAc771Yz7Fdrvie6f96nKWOsdQ6rSKmSjmOAAECCQISxAQkhxBYCOQkh+HR++FBHT4E7hY4e69geBVBeBjT8sEh6z7FXmdxZBC7riSH142gdbLW6r2RIebhPYtfV+iaBLECoiIIECAwC0gQjQUC6QKxSeyyJBPadFdH1hU4kwyWvmheclg3hiOVViNR9PN2pBGjrwQIXC4gQbycWAUvEZAcviSQL+vGmZfMHz1BNJdp71Uvsd8xsevKvWW5kXj28cutqKn3Llo9fHbMtZ4AgQ4FYr+8O2yyJhFoLhC7N8rKYfOQDFfhvCq4nDTn3Me1vKcs4NXcRriX5MWSu9iTSmvd/zbcYHlZh5dJ49y1+X7ZsPXZay5eFnDdIUDgfgEJ4v0x0IK+BWIrHMvWxybEffdU63oROLMquEz+ju4XrNXX0q2lR08qtSJUKzrKIUCAAAECBQISxAI0pwwjkLNyKDkcZlhU6WiN9wouVwFbJIPrjpckh/82TdNvDwTdS1ZleCmEAAECBAiUC0gQy+2c+W4ByeG749uqdzmvFjhq05VbREsttu47PFr9i63GSw5LI+E8AgQIECBQUUCCWBFTUa8S2HvoxrqTVg5fFfbizmytCIbCcu4TnCvvMRlcw+Ted3i0pTSULTksHnpOJECAAAECdQUkiHU9lfYOgdhkNvQyTOI9ROMd8c7pRY2toetEMDxoI4ynmg+OyelT7rE5W0tjK/Guo1x9xxMgQIAAgYsFJIgXAyv+cQKpyWFYOfR5r8CVieD8BcNT9bZW17dWAGNbSkNiXLLC+lQ37SZAgAABAo8QkCA+Ikwa2UggNqGdJ/aSw0YBaVDN+omhocrSpKX0JfMNulmtir1rZPm7JPiF13EcOdpSWi0kCiJAgAABAnUFJIh1PZX2XAHJ4XNjF2t5zdXA5erfvDV0+f9ibXny36dsLY1tKQ39lxw+eRRoOwECBAi8XkCC+PoQ62CCgOQwAekBh1yRCI6WBB6FOba1NHYdud/wAReRJhIgQIAAAQmiMTC6QGxSa8WjrxFS82mh65W/O94l2JfufmtiW0tj9+4evf7iKQbaSYAAAQIEhhCQIA4RZp3cEbAdrt+hsU4ES+8L3EsC1/+/X4n7W3a0tTQkfu43vD9GWkCAAAECBKoJSBCrUSroYQKSwz4CNid+IQkJWxjPJoJhS+j8edKrI/qIxnYrtraWBttgHZLDo4/7DXuOrLYRIECAAIENAQmiYTGqwJ+nafrqoPMmtnVHRq37A5dPCg0tlATWjdO6tL3Vwx+nafo2UnV42u9T3u14raLSCRAgQIDAgwQkiA8KlqZWE5AcVqP8h4LmRHC5spS7KriVBM7J4HUtV3JqcvhT5MsV9xsaSwQIECBA4MECEsQHB0/TiwTC5PX2K8mRAAAY0ElEQVSbgzOtHKax1np/4JwMekBMmnvLo7a2lsbqlxzGhPw9AQIECBDoXECC2HmANK+qgOQwj7PWttC5Vslgnv+dR6c83XfdPl+u3BkxdRMgQIAAgUoCEsRKkIrpXsC20v0Q1VoNXNYwv/NunRx2P1A0cJIcGgQECBAgQGBgAQniwMEfpOueVvr5yaDBYt5em3tf4N5wmZ9muXwYiQeTPPviytlaOn8RIObPjrnWEyBAgACBvwtIEA2GNwukrIS84UmLy2TvqiRwHifzvYLhvyUF77t6Uq6Z5apwuH58CBAgQIAAgRcJSBBfFExd+UIgZaL7lORw617AubO1VgLXCV94x51XSIx1UaVcM8svCsLxPgQIECBAgMDLBCSILwuo7nwUiE10w2P6f93BCth65S+0ffmE1ZrJ33po2BrqYlkLpG4t9TAaY4cAAQIECLxYQIL44uAO2rVYcvjzNE2/vNjmzsRv7tpy++e8Ghj+zrbQi4P/0OJjT/idx05IDo2hhwZZswkQIECAQIqABDFFyTFPEWiRHK5X9a645y/Ve++F8hLBVEHHBYHYE37n8eR+Q+OFAAECBAgMICBBHCDIg3TxPz6sbMS2ZMbuObz6YS8loVgmgfO/W8EpkXTOWiDlCb/hHFtKjR0CBAgQIDCQgARxoGC/uKspyeGP0zT98MlgTgRb3e+3Rb/eArpe9ZMEvnjAdtC12Gr7PB5tKe0gWJpAgAABAgRaCkgQv1x1CpPy2CrUFfE5SgZCe0ZIFlLd1x6//5D4fXVFUE6Uubf1c4Q4nmBzagOBcP18n/BzLoxVW0obBEQVBAgQIECgN4E3Jogpq0m9xSG3PX+apunrTyfNScc6cQoPJlmukC3rCH+3/KwT42UiM9ezPH5Z/y9WZe3VmZoA5lq0Pn5++udcr22frSOgvlKBlAfRhLLDz4e3XK+lVs4jQIAAAQLDCrwtQUzZNjVssHV8VyC23TOcaPXPAHqyQOrPxvDlz6+e3FFtby6Q8mVCyjHhy8WjLzZbdWxuQ/gz7E7550W7ln+3bu/6i9d1e32Z2CqC6iFA4LTA2xLE1Pd4nYZTwOMEwustwj/hs/5z7sz6F/w8AYh1dl6B3VvNjZ2/N5HIPc/xBNYCqVtK5/PueCDNXvKwvJ7uiuxyZ8aynbG2Lb9QivVv2betY/fq2tv5MZex/Pv1z6awM2S9+yO0Y28HSPi7lCTvrji9od7wft7wT/g9FL7Q8SFAgMBtAhLE2+hVTKBYYOte2fWEdHkf5DzpW347/5dP34yHRsyJ8TIhXp6znDguj91KrFO3NR91fquMo3pT2rrXx63/P/d3+YXB3pcFqV8ixIK97PO63rXz+ti9/oef70cT/r02bSU3qUlKrJ/+ngCBuEDsidvxEhxBgACBEwJvSxBTt1GdIHNqBYGwjW3+hG+xQ7ISvjkNn7ClJ/x7OOa/TtP0fz8lMjmT3XB+bw+uqcCmCAIECBAYQMBDogYIsi4S6FngbQlisJ63ZoQE4T8tHubScxye3Lb1vXnL1Y/135Xex5eT+JdukUvZPrV+END83ynn1orx1orQVrtCfetVn62Vx3W7Uo6p1RflECBAgMA/CpT+HmNJgACBKgJvTBD3YNYvQZ8n0OH/X3lz/NaN63uJ0vo+ka3EIyUZydlWlnpj/dK1NNErGbQ5yWEof6QxXeJZcs5eYrwsa3nf01YdKeN267zaCev6nrKtJDq0I5Z0z8fMba5xTeS80mbr/rPwns9vSwL84bqZJ6Rb96/FfqZu9b003iXN39piu96SvNxenfLv63b08PCUEpu9c+adGnv3WNasS1n5AhLEfDNnECBQUcBkuiKmoqoL5CaH7tuoHgIFPkQg9VoJD2jaejiJ3wUPCfSNzTxK+mNfCKR+aXnHrowbSTerlhz2FhHtITCggEnBgEF/SJdz32fpl+pDAquZVQVSn1IaVvnCNRKuq/Xnxw/3/X5XtVUKI9C/QOq1c0VP5utxWXaNXQhXtFWZBAgMKCBBHDDoD+iy5PABQdLE2wVSVw3nL0/2risr77eHUgMaCbRKCpfJ3rzdef5/EsFGwVYNAQLlAhLEcjtn1hco/eVtHNePhRL7FshNDsO1tbV66GmJfcdZ684LlP5eOao5PCk7PH07XD/hWozdg32+F0ogQIBAQwET64bYqjoU2JvAxthsLY0J+fu3CaSusC+vjb2E0urh20aH/gSBWknh8n2yVgCNLQIEhhGQIA4T6q47KjnsOjwa14lA6qrh1qrgX3f64HdAJ8HVjCoC4RoJT/ItfQ/unASGL1dsBa0SEoUQIPBEAZODJ0btXW0uTQ6DgvH7rrGgN/sCqcnh1oq67aVG1psFwvieVwxL+jk/MEZCWKLnHAIEXilggv3KsD6mU2eSQ1tLHxNmDT0pcCY5DFV7OM3JADi9S4FwXYTP9wWtkxQWoDmFAIFxBCSI48S6t56eeam3x/L3Fk3tuUIg5wuUvXsJrR5eERll3imQ+oXJuo2Swjujpm4CBB4lIEF8VLhe09iUh2yEJDDcS7L1MW5fMxR0ZEcgdRIcW0m3emiIvUGgdLVQUviG6OsDAQLNBUy0m5MPXWHKikj4hR7eG7W3bSg2IR4aWOdfIVArOQwYHk7ziiExbCdSr4U1kN8Tww4ZHSdAoIaABLGGojJSBFJ+0c+/1PcmtX7pp0g75skCf058AmPKtWB76ZNHwrhtL10tDNdE+Mznjyuo5wQIEDgpIEE8Cej0JIGU5DCsGoYJ7dGxxmsS9xcHzU/4CyuzntKX79fqjJTV9dCWnBfb217aKnrqqSGQ8ntiq56UL0tqtE8ZBAgQGEbAhHuYUN/S0dSXFc8PnTmaIJgEpIdwTgq33gfmxejpjq2OTJ0Y514Dewmin/utIqueFIHU8b8sy2phiqxjCBAgUChgolAI57SoQOov/eWk19bSKOvhASnmOStQ51rj7BSBlJiFcnKTQ9tLU/Qdc6dA6thfJ4a2kN4ZNXUTIDCEgARxiDA372TqL/7lpDckLt/stNSqVzyEKU+GnUtx3cc9rz4i9RoJ7SgZ/3sJYklZV1sofyyBnLE/fzkS/pQYjjVO9JYAgRsFTBRvxH9p1amJyjI5PLr/Knfl5KWsu91K3ca7LMB1f+8oSZ0g/2mapt8U3jvq/sN7Y6z2fxRIHffzmX72G0UECBC4ScBE8Sb4F1abk6isf/HvbS0NTMbo9mAJ3t8dvCtyb4iZdN138eVMkM/Gyest7ouzmr8U+OM0TV8nosyvObJamAjmMAIECFwhYPJ9hep4ZaY+gTHIrCe+RyuO85NNxxM97nFOorEsaX4YEM/2AjkxO5scuv+wfXzV+KVAzheG8++F8KfE0EgiQIBABwISxA6C8PAmnJn4xhJL90ttD46jFdetM3wrf99FlnN9bH2BUtLyvevKFy4lms5JFQjjLny+//TKopTzPI00RckxBAgQaCwgQWwM/rLqcia/W6siR4nO2VWUl1H/vTs/ZG4r/WmaprByGD5fffgnnD9P5PaM5vclem/iuVGUc32Emmp9IeL+w3Nxc3aeQO5q4fxFSPjTimGetaMJECDQRECC2IT5lZXkTH63Jr5HW0u9imF7yOSYtxh0cwIZVqbCR2L5N4fcONX+MmTvi5daCWiLsaWO/gVKEsP5CyuJYf/x1UICBAYWkCAOHPwTXc+ZAG9Nfm0tzcOPeeWV1ubo8ATO//NpxXKUlcgQp99mPJAjRKJ2cuj+wzbje9RaSpLC+cujMNZH+Vkw6vjQbwIEXiIgQXxJIBt242xyGJp6tHpYe8LckKZ6VaWTseoNqVDgPDl86wQx57q4IjGcQ7TXDqvyFQbxwEWU/iwK405iOPDA0XUCBJ4pIEF8ZtzuanXqOw5D+/a2s8VWw4zJv90jmPOgh7vGQ2m9b3kwRYhT+OebhPs6Z6urHxjk/sPSUem8tUDJ+F6Oc4mhMUWAAIGHCpiMPzRwjZudm7Ac3etk9XA/eLnO87fz83mNh0WV6uaEKRQW/r33FcaSJzXOUC1Wx91/WGVYDl1I7s+hJdbbdwoMPTB0ngCBcQQkiOPEurSnsRW/dblHyWGsrJHHY87qbDBfJxvzQx/CyuPTP8uk8e6HWSwTwuAaewLsln2rbXbuP3z6yL+3/aWJ4dWr4veqqJ0AAQIDCow8IR8w3NldjiV0OclhONbq4T+GIDcxTLmXbN4atqwtbIMMr7n4+dNDVLZW6mLJTzgnlBGeWvrPhclS9iCcpmn5wJvl+SmrjXOfjo5d9nuZYMc8UvrS8t2DEsSUiDhmKTD/rCj5YqnVFx8iRoAAAQKNBSSIjcEfVF3uQzdij9CPJZsjjcWSSVnvk7G7VzCXCWCNxO7spXpHvDyg5mzUxjm/dLUwCN0xtseJjJ4SIECgA4GRJuUdcD+mCTnJYcqKVmz1MLWMxwAeNDT0NazmpX6eOBkLk8/vpmn6NrWTLzuuxb2GW2R7q9F3tedlYX1FdySGrwijThAgQOBaAQnitb5PLP2K5PDfPr0fbs8jtvr4RMd1m3Nc3/Qtfclq6VPjfXcy7wmmTx0517b7zNNI3/Sz6FplpRMgQOBFAhLEFwWzQld+yFj1yVn1++PBy8NzyqnQxeZFjJoYbkHfvQ31iuDPSeE8kb6ijtQy966zEb6ASTUa6TirhSNFW18JECBQUUCCWBHz4UXlbH3M2bIWS5DeOnmN9Xs9XO5efbpj+C4fppPzLsE72rqss6ekcNkur7i4e2T0Ub/EsI84aAUBAgQeKyBBfGzoqjd8b3K5rignOYw9mCY8UfOX1Xtyb4ESw3P+y6Sx5MmK52r/8uz5qa3h//7Y+Xsaj661t34JUzPWy7K2ngK8Vdfdr2DZalPOF31bX3qkPBn4KnflEiBAgEAnAhLETgJxczNSX7WQkxyGLsXKfcvEtXTr5G+mafrdzbF/QvVh6/NPnxq6fMDP0dNK54nu/FqOrfOXfQ+vo5jPeeIk+eha83M+PsrnpDA8WCmMmZxPDy+Hz/1iKvTP+wtzouxYAgQIDCRg4jBQsHe6mjqxyE3mYquHuclmj5EKdiVbI9/Q9x7jMXKb9nYAGGvbo+Lsg1u2Sg1fQoSV5pYriyU/g0bczj7yzwZ9J0CAQLaABDGb7FUnXJUcBqTY6uGTx16q23qwmKy/6vLppjO2l6aF4sy9eWk1/O2oFg/eKtm1IDHMiaJjCRAgMLDAkyfpA4etWtdj9x2Gb8T/pbC2owQxdzWysAlVTyuZkM0NkBhWDYXCVgJ711qLROUJwWiVGC4trrrmc38O/Wmapv/V+f2zTxhD2kiAAIGhBCSIQ4X7i87GVvjOTnCOks8njbvS1cKAfdZw3NGp5zkCe9fa6AlieP/qv35Ijo7uVc1xzj22xvV/Zits2O76XW6jHU+AAAECBJ40URetegKxpKfGCt9RAlpj4lRP4x9LOvty9977d6WdstsLuP/wb+ZzIhieflsjKQw7KOaHG81RzS13foBNOD/l4UfzCmHJvc3LkednUPvrUI0ECBB4jYAE8TWhTO7IUXJYc8XhqJ5eJy9hxSE8xfDrZM0vD+y1X4XdcdpDBN6yWl/CPW8fXSaIJeUsE7hlUrdV1pkvkELZ4bN8kE3Jg2aO+ljjC75SQ+cRIECAwAsEJIgvCGJGF1ombUd1nbm3MaO7yYeeuUdpa8KXXLEDCVQQePJqfW73z2y5XNY1v+Lh7KtNSt87GNoSXq2yfG1LrsX6eF9QnRV0PgECBAh8FJAgjjMQWiaHQTWsxv02wnv3N91nE8MwOUzZNjbOKNPTOwSOru3wkJJf3dGoCnUut4yG4nK3d2414Yonecbu565AES1CchglcgABAgQIpApIEFOlnn3c0WPwr5pYxN6DOIteVf9RxEoTQy+WfvZ18ObWH20zfcq4rbU62CoxXNZzV5J4x8/PN19H+kaAAAECVhCHGQP/b5qmX2z09srJRWqCGJp1ZTvmbpcmhXP7rBYOc7k8sqOpWx3n++t6WPmenzJaa3VwHbjQx79M0/RDo5X+2MO/ag6sFj8za7ZXWQQIECDwIAEriA8KVmFT9yaOLSYYOROmGvfyzVvQwp/Le3tKtqb9PE3Tv38wXz5MojAETiNwuUBqgjg3pMb1ltOpK7aLbtU/J76xB83ktD3n2JyfeTnlLu+Z7CG5z2m7YwkQIEDgYQISxIcFrKC5W6uHLd+PVTJhmidDc3eXE6L535fb0cJxJUngHmfNp7kWhMwpBLIFclbs14XPyWIs8Qjv1Fu/9iH2kJWa1+XR9Rr+7q6kcKtdZ59MKiHMvgScQIAAAQK1BCSItST7LWf9sJiwMvbLxs09M3lt3NTp7gfntO6v+t4jcNd9cHcIzg+bCXXHEts72reuMySM4RU6Xx00pvWqbg8u2kCAAAECHQpIEDsMygVNCknif/vwfr//+eFexN9dUH5qkT1PYK0apkbRcT0LlKzY99yfuW1PSwj3TMP9kCFRnD+SwieMPm0kQIDAYAISxMEC3kF3e5vAXvHY+w6YNWFwgd6us5xwLO8jDOc9YYUwp3/Lbbdv61uOg2MJECBAoFMBCWKngXl5s3qYvEoMXz7IdO+jwHyv7vcde4T7GsN90Z4U3HGQNI0AAQIExhGQII4T6956eua1E6V9ecs2tdL+O29sgR6+mJkj4FoceyzqPQECBAh0LCBB7Dg4gzRtfo1EzRWOedvWHxbb02zlGmRA6WZU4I5E8e7XT0RRHECAAAECBAj8TUCCaCT0JDBvh5vbND9C/+hR+cvHwYfzJII9RVRbeheYv6CJva4i9CM8gTN86bJ+1cW6j+tr0DXZ+yjQPgIECBAgsBCQIBoOTxJYJ4omnk+KnrYSIECAAAECBAh0LyBB7D5EGkiAAAECBAgQIECAAIE2AhLENs5qIUCAAAECBAgQIECAQPcCEsTuQ6SBBAgQIECAAAECBAgQaCMgQWzjrBYCBAgQIECAAAECBAh0LyBB7D5EGkiAAAECBAgQIECAAIE2AhLENs5qIUCAAAECBAgQIECAQPcCEsTuQ6SBBAgQIECAAAECBAgQaCMgQWzjrBYCBAgQIECAAAECBAh0LyBB7D5EGkiAAAECBAgQIECAAIE2AhLENs5qIUCAAAECBAgQIECAQPcCEsTuQ6SBBAgQIECAAAECBAgQaCMgQWzjrBYCBAgQIECAAAECBAh0LyBB7D5EGkiAAAECBAgQIECAAIE2AhLENs5qIUCAAAECBAgQIECAQPcCEsTuQ6SBBAgQIECAAAECBAgQaCMgQWzjrBYCBAgQIECAAAECBAh0LyBB7D5EGkiAAAECBAgQIECAAIE2AhLENs5qIUCAAAECBAgQIECAQPcCEsTuQ6SBBAgQIECAAAECBAgQaCMgQWzjrBYCBAgQIECAAAECBAh0LyBB7D5EGkiAAAECBAgQIECAAIE2AhLENs5qIUCAAAECBAgQIECAQPcCEsTuQ6SBBAgQIECAAAECBAgQaCMgQWzjrBYCBAgQIECAAAECBAh0LyBB7D5EGkiAAAECBAgQIECAAIE2AhLENs5qIUCAAAECBAgQIECAQPcCEsTuQ6SBBAgQIECAAAECBAgQaCMgQWzjrBYCBAgQIECAAAECBAh0LyBB7D5EGkiAAAECBAgQIECAAIE2AhLENs5qIUCAAAECBAgQIECAQPcCEsTuQ6SBBAgQIECAAAECBAgQaCMgQWzjrBYCBAgQIECAAAECBAh0LyBB7D5EGkiAAAECBAgQIECAAIE2AhLENs5qIUCAAAECBAgQIECAQPcCEsTuQ6SBBAgQIECAAAECBAgQaCMgQWzjrBYCBAgQIECAAAECBAh0LyBB7D5EGkiAAAECBAgQIECAAIE2AhLENs5qIUCAAAECBAgQIECAQPcCEsTuQ6SBBAgQIECAAAECBAgQaCMgQWzjrBYCBAgQIECAAAECBAh0LyBB7D5EGkiAAAECBAgQIECAAIE2AhLENs5qIUCAAAECBAgQIECAQPcCEsTuQ6SBBAgQIECAAAECBAgQaCMgQWzjrBYCBAgQIECAAAECBAh0LyBB7D5EGkiAAAECBAgQIECAAIE2AhLENs5qIUCAAAECBAgQIECAQPcCEsTuQ6SBBAgQIECAAAECBAgQaCMgQWzjrBYCBAgQIECAAAECBAh0LyBB7D5EGkiAAAECBAgQIECAAIE2AhLENs5qIUCAAAECBAgQIECAQPcCEsTuQ6SBBAgQIECAAAECBAgQaCMgQWzjrBYCBAgQIECAAAECBAh0LyBB7D5EGkiAAAECBAgQIECAAIE2AhLENs5qIUCAAAECBAgQIECAQPcCEsTuQ6SBBAgQIECAAAECBAgQaCMgQWzjrBYCBAgQIECAAAECBAh0LyBB7D5EGkiAAAECBAgQIECAAIE2AhLENs5qIUCAAAECBAgQIECAQPcCEsTuQ6SBBAgQIECAAAECBAgQaCPw/wHUFljNpHZevwAAAABJRU5ErkJggg==",true
"6400ce49-60f2-447e-9dbe-472513401ce5",2025-01-20T11:15:03Z,2025-08-01T22:11:06Z,"01f011dc-8d52-4de4-9524-780ccef3313b","4341470c-d268-4701-bf36-a2e450b166e1","8ac008a5-6be6-4b6e-9983-3e8b2258af9f","698359fb-447b-4da0-8eab-0de2a24bfc0f","Documentation","FIL-348366",,
"66223706-7eb3-4204-9ae6-1eebadf29fd7",2024-07-18T10:45:27Z,2025-08-01T22:11:06Z,"01f011dc-8d52-4de4-9524-780ccef3313b","c056fe92-ee03-44a1-be23-0b1725dfd3ee","8b4107d2-c184-4450-966a-819e88ba32ad","a6368b17-e129-42b3-9279-14d6d78ab8ef","Documentation","FIL-691909",,
"69249b36-efc5-46ab-9d9d-3194e21bccf9",2024-04-01T18:01:10Z,2025-08-01T22:11:06Z,"01f011dc-8d52-4de4-9524-780ccef3313b","9a69907f-5d6d-49a6-9077-54bff1341dab","6b992c9d-755b-4c95-9666-1698f3926eec","bc19bd73-18a9-4c0c-9fcf-31f525c5ce10","Documentation","FIL-158933",,
"7876c466-ebaa-479e-805e-02f2c1c8410c",2024-05-29T12:49:52Z,2025-08-01T22:11:06Z,"01f011dc-8d52-4de4-9524-780ccef3313b","ba2c1cc7-f059-414a-acf3-1fdee4ae45ab","8b4107d2-c184-4450-966a-819e88ba32ad","a6368b17-e129-42b3-9279-14d6d78ab8ef","Documentation","FIL-99652",,
"839bfbcb-5875-400f-af54-8d3efc515dd9",2024-07-29T15:09:47Z,2025-08-01T22:11:06Z,"01f011dc-8d52-4de4-9524-780ccef3313b","b4886092-ca0c-4408-91a9-644555a7b790","f366a4bc-ab80-483f-88d6-7843cb313797","e4610756-2085-46f0-9b8c-c53e9cb21079","Documentation","FIL-528498",,
"8851d68e-5aa8-4487-94b6-154123b92d6f",2024-01-30T21:11:55Z,2025-08-01T22:11:06Z,"e168cbe8-c8cb-4ec3-b920-be764ec09acc","628fe99b-63e0-44e7-8ada-0635bcfe72ed","e5a8f142-b45d-4375-973d-f0cc776663e1","362a2d4b-7db8-4972-b783-40b81cfb06ae","Documentation","FIL-415622",,
"8a5bd08d-acdb-478c-844b-14b785d90dad",2024-07-05T08:49:35Z,2025-08-01T22:11:06Z,"01f011dc-8d52-4de4-9524-780ccef3313b","f1111394-755f-4387-96a9-43d072f734b7","0e683bfd-b212-43c3-9413-ba980c3162d9","be525bea-64a9-4c92-9de7-b58f0db50e12","Documentation","FIL-592053",,
"90efa7ec-4932-4a6c-8029-85bdbca815c5",2023-12-21T10:10:15Z,2025-08-01T22:11:06Z,"e168cbe8-c8cb-4ec3-b920-be764ec09acc","dc7bf0b7-56c7-4aa3-bdac-5afae4d9d111","04650575-ff2f-4aec-9952-4693238376be","aca3f293-ec34-4351-a8e6-92d4d1414965","Documentation","FIL-492806",,
"95677b5d-eb96-4c26-b594-774546e75e11",2024-04-01T17:56:45Z,2025-08-01T22:11:06Z,"01f011dc-8d52-4de4-9524-780ccef3313b","20cad3a3-c682-432f-a530-448c8a803d70","a4951bc6-bc11-4719-918b-1c0361369e6f","05d391b7-ffaa-45a4-8827-6d519c92a5fd","Documentation","FIL-382754",,
"b222654c-da72-49b4-adbe-2e59bd92905e",2025-02-17T06:49:59Z,2025-08-01T22:11:06Z,"01f011dc-8d52-4de4-9524-780ccef3313b","5c75ba1d-c199-4004-aece-5e62b68af068","a9fcb0ef-847b-44f7-8e69-281f112d9134","d99df0dd-c3ad-490d-9751-ca53d782f349","Documentation","FIL-638875",,
"b71edebc-8c11-4ed4-8a9a-c5dacecfb063",2024-09-24T11:30:47Z,2025-08-01T22:11:06Z,"01f011dc-8d52-4de4-9524-780ccef3313b","7cdb07dc-cf4f-44f1-a63f-8cf5d6220776","6b992c9d-755b-4c95-9666-1698f3926eec","bc19bd73-18a9-4c0c-9fcf-31f525c5ce10","Documentation","FIL-44543",,
"b9b7bc57-9096-4be9-b926-4293d4a8d849",2025-01-20T16:10:45Z,2025-08-01T22:11:06Z,"01f011dc-8d52-4de4-9524-780ccef3313b","257367b0-b71b-45f4-881b-44aeaaa36780","90e8e208-1d0c-4405-a90d-b3682dd74346","b39a53e3-62cf-43c8-aa61-94f3d12e4266","Documentation","FIL-344699",,
"be94ccbc-295f-4993-ae4f-a15f89b4fb78",2025-01-24T10:46:42Z,2025-08-01T22:11:06Z,"01f011dc-8d52-4de4-9524-780ccef3313b","5dd8d88e-58bc-4e12-9cfb-55a3306b21cd","56eac7e9-af94-47c0-b4b1-2a4101a9b0c1","04be3f3e-1786-4d4b-a1cc-743721b3c18c","Documentation","FIL-415686",,
"c9c18460-5bb1-4bc4-be6d-2d2fa1889b76",2024-07-18T10:45:27Z,2025-08-01T22:11:06Z,"01f011dc-8d52-4de4-9524-780ccef3313b","c056fe92-ee03-44a1-be23-0b1725dfd3ee","8b4107d2-c184-4450-966a-819e88ba32ad","a6368b17-e129-42b3-9279-14d6d78ab8ef","Documentation","FIL-691909",,
"cb4c4d22-40cd-4d99-9e37-5a95bde5a247",2024-09-03T09:44:49Z,2025-08-01T22:11:06Z,"01f011dc-8d52-4de4-9524-780ccef3313b","6190de23-077a-4c5d-b4d4-1a88502a7d06","bea1a37b-e930-488d-afcc-72b6d412ac08","463020a7-904f-494c-a905-4d8efcf63899","Documentation","FIL-35003",,
"d0388b16-254c-486e-b383-da1613ae0eb5",2023-12-19T11:34:21Z,2025-08-01T22:11:06Z,"e168cbe8-c8cb-4ec3-b920-be764ec09acc","864421eb-96f9-41c9-b5f2-3c03c050b421","baf0c249-c211-4d56-87d0-528aeed3e86e","b77bfebd-f845-4121-9848-af1191844e05","Documentation","FIL-239170",,true
"e618b2fa-a2cd-40ea-b345-3811f649aea9",2024-01-27T12:51:32Z,2025-08-01T22:11:06Z,"e168cbe8-c8cb-4ec3-b920-be764ec09acc","b483869d-b646-4ff2-aad3-920b5dc896d2","e5a8f142-b45d-4375-973d-f0cc776663e1","362a2d4b-7db8-4972-b783-40b81cfb06ae","Documentation","FIL-699538",,
"e9ac49fb-0bcc-4bae-b47a-554a9e879d9f",2024-07-18T09:49:42Z,2025-08-01T22:11:06Z,"01f011dc-8d52-4de4-9524-780ccef3313b","ddd877f7-8b58-41b4-83f2-78e884eb5804","34a2f467-ef8e-4733-b6ad-7d176e614466","ac1aa822-9c18-4fe6-961f-636b23f63d3f","Documentation","FIL-66035",,
"ea9e4570-c3bd-43b4-962b-325c685c9a3b",2025-01-20T11:38:57Z,2025-08-01T22:11:06Z,"01f011dc-8d52-4de4-9524-780ccef3313b","84195ab2-f522-4cd0-9153-7520d31b3ffd","a9fcb0ef-847b-44f7-8e69-281f112d9134","d99df0dd-c3ad-490d-9751-ca53d782f349","Documentation","FIL-173720",,
"ed125612-b20e-492e-b9b9-7557f55a0caa",2024-10-21T07:19:30Z,2025-08-01T22:11:06Z,"01f011dc-8d52-4de4-9524-780ccef3313b","47d93cff-6005-493a-9f0c-578cfaf57506","f93f643b-5796-45aa-a79f-c8d0b609c130","7ac44f8a-6c52-4559-b16f-185332404de4","Documentation","FIL-616671",,
"f350b896-daac-4d82-8de4-e1b1f2eec29f",2024-04-17T05:57:43Z,2025-08-01T22:11:06Z,"01f011dc-8d52-4de4-9524-780ccef3313b","36169434-f12b-4d93-ab0d-7419ed0442f1","0d5fb996-1d33-40e4-a21c-63d0244f4b18","353350f0-9fa0-4d37-ad9b-54ebfc7d77ea","Documentation","FIL-447183",,
"fd1f7dec-2d5d-42ae-aa5c-dbafd6b0e647",2024-07-29T15:09:48Z,2025-08-01T22:11:06Z,"01f011dc-8d52-4de4-9524-780ccef3313b","b4886092-ca0c-4408-91a9-644555a7b790","f366a4bc-ab80-483f-88d6-7843cb313797","e4610756-2085-46f0-9b8c-c53e9cb21079","Documentation","FIL-528498",,
"ff7f3ba9-c47d-4619-bd74-f89119293963",2024-01-24T16:52:14Z,2025-08-01T22:11:06Z,"e168cbe8-c8cb-4ec3-b920-be764ec09acc","1c5ed96e-b3bd-49f7-a1b3-4c884e7449a7","2efc4a99-f8c9-4b25-b8fd-463c8f13cad2","c4b98c39-0f0b-4644-9f23-c692f4c2c469","Documentation","FIL-99856",,
