"Title","ID","Created Date","Updated Date","Owner","project","productType","details","file","fileType","fileNumber","projectType"
,"0d226682-b44b-4388-ae26-8177331e572a",2023-12-21T10:09:58Z,2023-12-21T12:33:55Z,"e168cbe8-c8cb-4ec3-b920-be764ec09acc","dc7bf0b7-56c7-4aa3-bdac-5afae4d9d111","3393a717-a333-48a2-a785-ba2eebc00f68","<p><span style=""font-weight:bold"">WebApp UI/UX</span></p><p>• Wix Stuio (Responsive Site)</p><p>• Website Wireframe</p><p> </p><p><span style=""font-weight:bold"">Design</span></p><p>• Animations (will be limted only to viewport instances, No hard animations required)</p><p>• Vectors Icon (Created only based on the Content If needed)  </p><p> </p><p><span style=""font-weight:bold"">Database Configuration</span></p><p>- Database Creation and alignment</p><p> </p><p><span style=""font-weight:bold"">Static Pages</span></p><p>• Home Page</p><p>- Design such as Layout/Sections will adapt based on their whole content.</p><p>- Design should follow something Realistic yet simple but creative</p><p>- Creative Banners (If needed - will be aligned on the wireframes that will be sent (Static but with transitions - One per page)</p><p> </p><p>• About Us Page</p><p>- Design such as Layout/Sections will adapt based on their whole content.</p><p> </p><p>• Partners Page</p><p>- Gallery Page of their Partners together with logo and some descriptive elements.</p><p>- Will not require any subpages or site actions</p><p> </p><p>• Projects</p><p>- Gallery Page of their Projects togther with Images and some descriptive elements.</p><p>- Will not require any subpages or site actions</p><p> </p><p>• Contact us</p><p>- Basic Contact Us pages; Website contact informations &amp; Google Street adress Map (If needed) with Basic Inquiry Form (Sendgrid API).</p><p> </p><p><span style=""font-weight:bold"">Dynamic Pages</span></p><p>• Product Page (Main Page)</p><p>- 6 Main Category listing</p><p>- Each Main Category has its own Page connecting to a dynamic pages of the products (see below structure)</p><p>- Dynamic Pages Layout and Style (will be subject for discussion with the team and client after the submission of a wireframe sample for Kitchen Emission systems product; as some product might have their own layout)</p><p> </p><p>- Kitchen Emission Systems (Category Page)</p><p>Dynamic Page</p><p>1. EK series Ecology units</p><p>2. ES series Electrostatic Precipitator</p><p>3. EH series Exhaust Hoods</p><p> </p><p>- Indoor air quality</p><p>Dynamic Page</p><p>1. EP series Ducted Inline Filter Box</p><p>2. UP series UV sterilization</p><p>3. SP series Air Purification Range</p><p> </p><p>- Air conditioning systems</p><p>Dynamic Page</p><p>1. Fresh air handling units</p><p>2. DX systems</p><p>3. VRF system</p><p> </p><p>- Air Movement systems</p><p>Dynamic Page</p><p>1. Ventilation fans</p><p>2. Smoke Extract fans</p><p>3. Kitchen Extract fans</p><p> </p><p>- Air Balancing</p><p>Dynamic Page</p><p>1. Fire and smoke dampers.</p><p>2. Vollum control dampers</p><p>3. Cable operated dampers.</p><p> </p><p>- Industrial Ventilation</p><p>Dynamic Page</p><p>1. Pollution control units</p><p>2. Odor treatment systems</p><p>3. Dust collectors</p><p>4. Industrial fans.</p><p> </p><p> </p><p>• Technical Resources</p><p>- Main Page housing eight different Content connected to One Dynamic Page</p><p>- Design and Layout will be of 2 options</p><p>- One Paged</p><p>- Common Dynamic Page (like Product Page)</p><p> </p><p>-Dynamic Content/Pages</p><p>- Introduction To Kitchen Exhaust Design</p><p>- How electrostatic precipitator (ESP) Works</p><p>- Design And Selection for Electrostatic Precipitator</p><p>- Choosing Double Pass ESP</p><p>- Mounting Arrangements And Equipment Options</p><p>- Cleaning Your Esp</p><p>- Self-Regulating Power Pack</p><p>- UV Lights- Design and Terms</p><p> </p><p>• Functionality</p><p>- SendGrid API</p><p>- Subscription on Footer with capability of Sending the site visitor their PDF</p><p> </p><p> </p><p> </p>","90efa7ec-4932-4a6c-8029-85bdbca815c5","Documentation","FIL-492806","afcdcc00-4ed7-45f9-80de-42be32d36741"
,"0d6dc6a7-332b-44c0-92b4-9d0630fe49a3",2024-04-01T17:56:40Z,2024-04-01T17:56:47Z,"01f011dc-8d52-4de4-9524-780ccef3313b","20cad3a3-c682-432f-a530-448c8a803d70","64533648-470a-4167-b761-f81e1960ec5a","<ul><li>Social Media Business Accounts Creation</li><li>Profile Write-up with contacts and links</li><li>Brand mood board with grid preview</li><li>Content calendar for 12 posts</li><li>8 static images / 4 reels  in different formats:</li><li>Square (1:1)</li><li>Story (9:16)</li><li>Instagram highlight covers</li><li>Repurpose reels on TikTok</li><li>Social Media Post templates in PNG and AI file types – editable files</li></ul>","95677b5d-eb96-4c26-b594-774546e75e11","Documentation","FIL-382754",
,"23a48914-03dd-4ccc-95e8-3d7540e48ed5",2024-04-01T06:12:24Z,2024-04-02T06:21:26Z,"01f011dc-8d52-4de4-9524-780ccef3313b","2aecd8c8-af66-4dc1-acc8-86f4545f04fb","64533648-470a-4167-b761-f81e1960ec5a","<p>3 Months Social Media Marketing Retainer (May - July)</p><ul><li>Monthly content calendar and strategy</li><li>Monthly mood board (See Pitch Deck for mood board and content samples)</li><li>Asset creation (photos and videos from stock library of Mutant, Photoshoot/Videography and/or client)</li><li>16 posts per month on Instagram/Facebook (10 Static Images, 6 Reels - 30-60s) - repurposed as story</li><li>Tiktok - repurposed reels from Instagram</li><li>Set-up auto messaging and chat</li><li>Community Management</li><li>Monthly performance audit + Competitor Analysis</li><li>Pixel creation for remarketing ads</li></ul><p> </p><p><span style=""font-weight:bold"">Goal for the first month:</span></p><p>· Increase your social media followers organically (no bots/fake accounts) first month:</p><p>o TikTok  - 150-500 followers</p><p>o Instagram – 300 - 700 followers</p><p>· Increase your social media engagement rate</p><p>· Drive traffic to your website/booking page to increase potential reservations</p>","0dafbf47-9cd1-450d-8f03-7f3e20417cbf","Documentation","FIL-104733",
,"247358a5-e02b-4926-9d12-76073ab112ed",2024-01-23T06:12:31Z,2024-01-23T06:12:51Z,"e168cbe8-c8cb-4ec3-b920-be764ec09acc","24c82f1b-47fb-4df0-b039-1155c759647b","5adee711-6197-4bbf-b057-460cfbc157db","<ul><li>4 Logo Options</li><li>Color Pallete</li><li>Business Cards</li><li>Social Media Templates</li><li>Receipt &amp; Invoices</li><li>Brand Guidelines / Brandbook</li></ul>","4666c5f3-06ef-496e-99d3-b80cee589a71","Documentation","FIL-465828",
,"2548ea29-3252-4d74-aa2c-a441ebff1a24",2024-04-01T06:21:15Z,2024-04-01T06:21:46Z,"01f011dc-8d52-4de4-9524-780ccef3313b","946ae734-e628-4852-9764-1d2b095c7df3","64533648-470a-4167-b761-f81e1960ec5a","<ul><li>1 month content calendar and strategy</li><li>Moodboard</li><li>Assets creation</li><li>15 posts (11 Static Images/Motion Graphic, 4 Reels - 30-60s) - repurposed as story</li><li>Tiktok - repurposed reels from Instagram</li><li>Set-up auto messaging and chat</li><li>Community Management</li><li>Bi-weekly analytics and reporting</li><li>Performance audit</li><li>Photoshoot &amp; videography (2 hours)</li></ul>","32f29cfa-d305-437f-8aa4-16b8dd2e8b4b","Documentation","FIL-292852",
,"25cca59c-b304-4fe6-8a80-9020e9b73063",2024-07-05T08:49:30Z,2024-07-05T08:49:37Z,"01f011dc-8d52-4de4-9524-780ccef3313b","f1111394-755f-4387-96a9-43d072f734b7","3393a717-a333-48a2-a785-ba2eebc00f68","<p><span style=""font-weight:bold"">You may use the same design as Mentora.</span></p><p> </p><p>Project Scope – Web Redesign with additional Features</p><p><span style=""font-weight:bold"">A.</span> <span style=""font-weight:bold"">Web Redesign</span></p><p>- Home Page</p><p>- About Us</p><p>- Contact Us</p><p>- Services/Courses</p><p>- Trading Tools</p><p>- Meet the Founder</p><p>- Best Trading Partner</p><p>- Trade Signals</p><p>- Community &amp; Discussion</p><p>· The redesign aims to provide user experience enhancements making it much more interactive and interesting</p><p><span style=""font-weight:bold"">Scopes Included</span></p><p>- Artworks/ Media assets</p><p>- Web Animations and Interaction (Limited only to Wix capabilities)</p><p><span style=""font-weight:bold"">A1. Home Page</span></p><p>Includes:</p><p>· Header: Logo, navigation menu</p><p>· Hero Section: Engaging image or video for Forex traders</p><p>· About Us Section: Brief introduction to the Forex trading company/organization</p><p>· Courses Overview: Highlights of key Forex trading services or courses offered</p><p>· Featured Trading Tools: Quick links to Tools Created</p><p>· Meet the Founder: Brief introduction to the founders or key team members</p><p>· Community &amp; Discussion Link: Encouragement to engage with the Forex trading community (Discord Link)</p><p>· Contact Information: Footer with contact details and social media links</p><p><span style=""font-weight:bold"">A2. About Us</span></p><p>Includes:</p><p>· Company Overview: History, mission statement, and core values</p><p>· Team Members: Brief bios and photos of team members</p><p>· Achievements: Milestones, awards, and recognitions</p><p>· Philosophy: Founding principles and vision</p><p>· Commitment: Customer service philosophy and quality commitment</p><p>· Testimonials: If required</p><p><span style=""font-weight:bold"">A3. Contact Us</span></p><p>Includes:</p><p>· Contact Form: Fields for name, email, subject, and message</p><p>· Contact Information: Phone number, email address, physical address (if applicable)</p><p>· Map: Office Location map (if applicable)</p><p>· Social Media Links: Links to social media profiles for additional contact options</p><p><span style=""font-weight:bold"">A4. Courses</span></p><p>Includes:</p><p>· Course Descriptions: Detailed descriptions of each course offered</p><p>· Benefits: Key benefits and outcomes for Traders</p><p>· Pricing: Pricing structure (if applicable)</p><p>· Testimonials: Customer testimonials or success stories related to courses</p><p>· Connected to Wix Online Programs (If techstack will be wix)</p><p><span style=""font-weight:bold"">A5. Trading Tools</span></p><p>Includes:</p><p>· Tool Descriptions: Overview and benefits of the trading tools</p><p>· Integration: API usage</p><p>· Tutorials/Guides: How-to guides or video tutorials for using Forex trading tools effectively (if applicable)</p><p>· User Feedback: Reviews or testimonials on the effectiveness of trading tools (if applicable)</p><p><span style=""font-weight:bold"">A6. Meet the Founder</span></p><p>Includes:</p><p>· Founder Profiles: Background, expertise, and contributions (Full Bio)</p><p>· Vision &amp; Mission: Founder&#x27;s vision &amp; Mission for starting the Forex trading company</p><p><span style=""font-weight:bold"">A7. Best Trading Partner</span></p><p>Includes:</p><p>· Partner Profiles: Overview of partner brokers, platforms, or other broker technology providers/partners</p><p><span style=""font-weight:bold"">A8. Trading Signals</span></p><p>Includes:</p><p>· Informative: Informations about plans and signals via VIP Trading Academy</p><p>· Offers: List available membership option via discord Platform</p><p><span style=""font-weight:bold"">A8. Community and Discussion</span></p><p>Includes:</p><p>· Discussion Forum: Redirect To Discord Group Channel</p><p>· Events: Schedule of webinars, workshops, or live trading sessions for Forex traders</p><p>· Informative: Additional Information about the Community</p><p><span style=""font-weight:bold"">B.</span> <span style=""font-weight:bold"">3rdParty Tools</span></p><p><span style=""font-weight:bold"">B.1 Interactive Trading Course</span></p><p>Wix Online Programs, It provides the following:</p><p>· Interactive Courses with Video upload if needed</p><p>· Quizzes per modules/per section</p><p>· Certificate upon completion</p><p>· Admin Dashboard to navigate/check trainees progress</p><p>· Additional minor features are included in this documentation: <br/>  <span style=""text-decoration:underline""><a href=https://support.wix.com/en/article/online-programs-an-overview target=undefined>Online Programs: An Overview | Help Center | Wix.com</a></span></p><p><span style=""font-weight:bold"">B.2 Trading Tools</span></p><p>· Lot Size Calculator – Calculation of potential trade size and risk management</p><p>· Usage of API to capture the proper forex symbol as well as its current position from market</p><p>· System calculation using the formula:  (Account Balance * Risk Percentage) / (Stop-Loss in Pips * Pip Value) = Lot Size.</p><p>API to use:</p><p><span style=""text-decoration:underline""><a href=https://www.alphavantage.co/documentation/ target=undefined>API Documentation | Alpha Vantage</a></span></p><p><span style=""font-weight:bold"">B.2 Trading Hours Map</span></p><p>· Informative page of trading hours for different timezone</p><p>· Database declared doesn’t need any API to capture</p><p><span style=""font-weight:bold"">C.</span> <span style=""font-weight:bold"">Techstack and Timeline</span></p><p><span style=""font-weight:bold"">C.1 Wix Studio</span></p><p>- Frontend</p><p>- Backend</p><p>- Database</p><p>Development Time 3-4 Weeks (giving the API implementation full week to implement)</p>","8a5bd08d-acdb-478c-844b-14b785d90dad","Documentation","FIL-592053",
,"2e53223f-2c61-49c7-9aba-5c9856eb4af7",2024-07-18T09:48:45Z,2024-07-18T09:48:45Z,"01f011dc-8d52-4de4-9524-780ccef3313b","ddd877f7-8b58-41b4-83f2-78e884eb5804","0936c80e-f162-4d57-9a08-47b2a24b60d0","<p><span style=""font-weight:bold"">I. Project Overview</span></p><p>This scope outlines the services provided for online Public Relations (PR) distribution of your original article to a target audience of over 2,000 online news websites.</p><p><span style=""font-weight:bold"">Please note:</span> Distributing an article to such a vast number of websites with guaranteed placement is unlikely. However, we can leverage various strategies to maximize the reach and potential pick-up of your article by relevant online publications.</p><p><span style=""font-weight:bold"">II. Pre-Distribution</span></p><ul><li><span style=""font-weight:bold"">Article Review &amp; Optimization:</span> We&#x27;ll review your article for newsworthiness, relevance to target audiences, and adherence to journalistic standards.</li><li><span style=""font-weight:bold"">Target Audience &amp; Media List Development:</span> We&#x27;ll collaborate with you to define your target audience and develop a comprehensive media list comprising relevant online news websites, industry publications, and blogs with a good domain authority.</li><li><span style=""font-weight:bold"">Press Release Creation (Optional):</span> We can craft a compelling press release summarizing your article&#x27;s key points to generate media interest.</li></ul><p><span style=""font-weight:bold"">III. Online PR Distribution Strategy</span></p><ul><li><span style=""font-weight:bold"">Press Release Distribution Services (Optional):</span> We can utilize paid press release distribution services to disseminate your press release (if created) to a wide network of online media outlets.</li><li><span style=""font-weight:bold"">Media Outreach &amp; Pitching:</span> We&#x27;ll conduct personalized email outreach to journalists, editors, and bloggers on your target media list, pitching your article and highlighting its newsworthy aspects.</li><li><span style=""font-weight:bold"">Social Media Promotion:</span> We&#x27;ll promote your article on your social media channels to generate additional online buzz and potential media attention.</li></ul><p><span style=""font-weight:bold"">IV. Reporting &amp; Monitoring</span></p><ul><li><span style=""font-weight:bold"">Distribution Report:</span> We&#x27;ll provide a comprehensive report detailing the media outlets contacted, the number of pitches sent, and any secured placements.</li><li><span style=""font-weight:bold"">Brand Mention Monitoring:</span> We&#x27;ll monitor online mentions of your brand and article to gauge the overall impact of the PR campaign.</li></ul>",,"Documentation","FIL-559243",
,"2fbcf1f6-6d2c-49ef-a820-e5cd5a03218e",2024-07-29T15:09:22Z,2024-08-05T07:18:06Z,"01f011dc-8d52-4de4-9524-780ccef3313b","b4886092-ca0c-4408-91a9-644555a7b790","3393a717-a333-48a2-a785-ba2eebc00f68","<p><span style=""font-weight:bold"">Website Design &amp; Development</span></p><p>· Database Creation</p><p>o Users</p><p>o Workshops</p><p>o Discounts</p><p>o Bookings</p><p>· Design and development of Homepage along with global headers and footers</p><p>· Design and development of 4 static subpages (Workshop, Coaching, Consultancy, FAQ).</p><p>· Design and development of 2 dynamic subpages for workshops (templates).</p><p>· Online forms</p><p>· Single language module (English)</p><p>· Redirection to Calendly (CTA)</p><p>· Custom Js chart integration</p><p>· Responsive breakpoints for Desktop, Tablet and Mobile</p><p>· Social media links connection</p><p>· SendGrid email integration</p><p> </p><p><span style=""font-weight:bold"">Website Settings</span></p><p>· Favicon Creation</p><p>· Basic SEO Optimisation</p><p>· Google Search Console Registration</p><p>· Google Analytics Integration</p><p> </p><p><span style=""font-weight:bold"">Note: Client is required to provide the following during development:</span></p><p>· Branding guidelines</p><p>· Image asset</p><p>· Text content</p><p>· Social media links</p><p>· Access to domain provider to connect the site</p><p>· Access to official email to be used on automated emails</p><p> </p><p><span style=""font-weight:bold"">Finalisation &amp; Launch</span></p><p>· Conduct thorough testing and debugging to ensure website functionality across different devices and browsers.</p><p>· Launch the website and provide handover documentation with login credentials and maintenance instructions.</p>",,"Documentation","FIL-673678",
,"35d34dae-c618-48fb-8a48-32ed8767730d",2024-07-29T10:19:11Z,2024-07-29T10:19:11Z,"01f011dc-8d52-4de4-9524-780ccef3313b","95f56020-38f5-4243-9485-5b776381ae67","3393a717-a333-48a2-a785-ba2eebc00f68","<p><span style=""font-weight:bold""><span style=""text-decoration:underline"">Clinic CRM System (Full Recreation of Hubspot)</span></span></p><p><span style=""font-weight:bold"">Marketing Module:</span></p><p>-Enables the creation, execution, and tracking of marketing campaigns across various channels such as email, social media, online advertising, and more.</p><p>-Facilitates lead generation activities through lead capture forms, landing pages, targeted outreach, and social media engagement.</p><p>-Manages social media advertising campaigns across platforms such as Facebook, Instagram, Twitter, LinkedIn, etc. Allows for the creation, targeting, and optimization of ads to reach specific audiences and objectives. Provides analytics and insights into ad performance.</p><p>-Provides insights into campaign performance, including metrics such as open rates, click-through rates, conversion rates, and social media engagement metrics like likes, shares, and comments.</p><p> </p><p><span style=""font-weight:bold"">Sales/Leads Module:</span></p><p>-Tracks leads through the sales pipeline from initial contact to conversion.</p><p>- Manages sales opportunities, including contact interactions, deal stages, and probability of closure.</p><p>-Provides visibility into sales performance metrics such as pipeline value, win/loss ratios, and sales forecasts.</p><p> </p><p><span style=""font-weight:bold"">Support Module:</span></p><p>-Manages customer support inquiries and issues through a centralized ticketing system.</p><p>Service Level Agreements (SLAs): Sets expectations for response times and resolution times for support tickets.</p><p> </p><p><span style=""font-weight:bold"">Finance Module:</span></p><p>-Manages invoicing processes, including generation, distribution, and tracking of invoices.</p><p>-Tracks expenses incurred by the organization and categorizes them for budgeting and reporting purposes.</p><p> </p><p><span style=""font-weight:bold"">Reports Module:</span></p><p>- Allows users to create and customize reports tailored to their specific needs and preferences.</p><p>-Automatically generates and delivers reports on a scheduled basis to relevant stakeholders.</p><p> </p><p><span style=""font-weight:bold"">Contacts Module:</span></p><p>-Stores and organizes contact information for leads, customers, partners, and other stakeholders.</p><p>-Segments contacts into groups based on criteria such as demographics, behaviors, or interests for targeted communication.</p><p>-Integrates seamlessly with other modules such as marketing, sales, and support for a unified view of customer interactions.</p><p> </p><p><span style=""font-weight:bold"">Main Dashboard:</span></p><p>- Provides a centralized view of important metrics and KPIs across various aspects of the business.</p><p>- Updates in real-time to provide the latest information and insights.</p><p>-Shortcuts and links to frequently accessed features or tasks for streamlined navigation and productivity.</p>",,"Documentation","FIL-529328",
,"3e24e63e-e963-435f-85f9-103fc71681ec",2023-12-21T11:10:24Z,2023-12-21T12:34:34Z,"e168cbe8-c8cb-4ec3-b920-be764ec09acc","dc7bf0b7-56c7-4aa3-bdac-5afae4d9d111","5adee711-6197-4bbf-b057-460cfbc157db","<p><span style=""font-weight:bold"">Usage of Company Brand</span></p><ul><li>Website Layout colors will be limited only to their Logo Color Palettes</li><li>Any Color adjusments will be subject for discussion</li><li>Main Font we&#x27;ll be using is Helvetica as required by client, supporting fonts will be from our team (standard fonts only)</li></ul>","90efa7ec-4932-4a6c-8029-85bdbca815c5","Documentation","FIL-492806",
,"4352902a-d686-4744-8cdf-324c5e9287d9",2024-07-18T09:48:45Z,2024-07-18T09:48:45Z,"01f011dc-8d52-4de4-9524-780ccef3313b","ddd877f7-8b58-41b4-83f2-78e884eb5804","3393a717-a333-48a2-a785-ba2eebc00f68","<p><span style=""font-weight:bold"">SEO Focused Landing Page for Bookings</span></p><p><span style=""font-weight:bold"">I. Planning &amp; Goal Setting</span></p><ul><li><span style=""font-weight:bold"">Define Target Audience:</span> Identify your ideal customer for this landing page.</li><li><span style=""font-weight:bold"">Landing Page Goal:</span> Determine the primary action you want visitors to take (e.g., contact form submission, download a white paper).</li><li><span style=""font-weight:bold"">Keyword Research:</span> Conduct keyword research to identify relevant terms with good search volume and low competition.</li></ul><p><span style=""font-weight:bold"">II. Content Development &amp; Optimization</span></p><ul><li><span style=""font-weight:bold"">Compelling Headline &amp; Subheading:</span> Craft a clear and captivating headline that incorporates your target keyword and grabs visitor attention. Write a subheading that elaborates on the value proposition.</li><li><span style=""font-weight:bold"">Benefits-Oriented Content:</span> Develop engaging content that highlights the benefits of your product or service, addressing the specific needs of your target audience.</li><li><span style=""font-weight:bold"">Strong Call to Action (CTA):</span> Include a clear and concise CTA that encourages visitors to take the desired action.</li></ul><p><span style=""font-weight:bold"">III. On-Page SEO Optimization</span></p><ul><li><span style=""font-weight:bold"">SEO Page Title &amp; Meta Description:</span> Create a search-engine-friendly page title and meta description that includes your target keyword and accurately summarizes the landing page content.</li><li><span style=""font-weight:bold"">Header Tags &amp; Keyword Integration:</span> Employ H1, H2, and H3 tags strategically throughout the content, naturally incorporating your target keyword and its variations.</li><li><span style=""font-weight:bold"">Image Optimization:</span> Optimize images for faster loading speed by resizing and using descriptive alt text with your target keyword.</li></ul><p><span style=""font-weight:bold"">IV. Wix Studio Design &amp; Functionality</span></p><ul><li><span style=""font-weight:bold"">Landing Page Template Selection:</span> Choose a visually appealing Wix Studio template that aligns with your brand and complements the landing page content.</li><li><span style=""font-weight:bold"">Mobile Responsiveness:</span>  Ensure the landing page design adapts seamlessly to different devices (desktop, tablet, mobile) for optimal user experience.</li><li><span style=""font-weight:bold"">Form Integration:</span> Integrate a relevant form (e.g., contact form, newsletter signup) based on your landing page goal.</li><li><span style=""font-weight:bold"">Clear Navigation:</span> While minimalism is encouraged for landing pages, consider including minimal navigation for easy access to other relevant pages on your website.</li></ul><p><span style=""font-weight:bold"">V. Launch &amp; Monitoring</span></p><ul><li><span style=""font-weight:bold"">Website Integration and Testing:</span>  Publish the landing page within your Wix Studio website and perform thorough testing across different devices and browsers.</li><li><span style=""font-weight:bold"">SEO Monitoring &amp; Analytics:</span> Submit the landing page to search engines and utilize Wix Analytics to track visitor behavior and conversions.</li><li><span style=""font-weight:bold"">A/B Testing (Optional):</span> Consider A/B testing different versions of headlines, CTAs, or design elements to optimize conversion rates.</li></ul>",,"Documentation","FIL-559243",
,"4a41205a-3a8a-4a0b-9e33-88507102b8ea",2024-07-29T10:19:11Z,2024-07-29T10:19:11Z,"01f011dc-8d52-4de4-9524-780ccef3313b","95f56020-38f5-4243-9485-5b776381ae67","3393a717-a333-48a2-a785-ba2eebc00f68","<p><span style=""font-weight:bold""><span style=""text-decoration:underline"">Hospital Management System</span></span></p><p><span style=""font-weight:bold"">(Complete Recreation of Axenita)</span></p><p> </p><p><span style=""font-weight:bold"">Main Dashboard (Calendar):</span></p><p>-Provides an overview of important   events, appointments, and tasks in a calendar format.</p><p>-Allows users to quickly visualize their schedule and upcoming   activities.</p><p>-May include features like drag-and-drop functionality, color-coding for different types of events, and reminders.</p><p><span style=""font-style:italic"">Added Seperate Flow for Consultation</span></p><p> </p><p><span style=""font-weight:bold"">Agenda/Calendar Module:</span></p><p>-Offers a detailed view of scheduled appointments, meetings,   and events.</p><p>-Enables users to schedule, reschedule, and cancel appointments easily.</p><p>-May include options for recurring appointments and integration with   other modules like patient consultations   or staff meetings.</p><p> </p><p><span style=""font-weight:bold"">Contacts Module:</span></p><p>-Stores and organizes contact information for patients, clients, staff members, and other stakeholders.</p><p>-Allows users to add, edit, and categorize contacts for easy retrieval.</p><p>-May include features for importing/exporting contacts and linking contacts to appointments or   tasks.</p><p><span style=""font-style:italic"">Consultation   - Adding sub consultations, Arrange by Consultation Tiers. Notes Update: fetch from document and manual update: saved</span></p><p> </p><p><span style=""font-weight:bold"">Invoice Module:</span></p><p>Handles billing and invoicing processes for services rendered.</p><p>Generates invoices automatically based on predefined rates or services provided.</p><p>Tracks payment status, overdue invoices, and payment history.</p><p><span style=""font-style:italic"">Creating Billable Codes for Consultations to tag invoice items and Consultation Tags</span></p><p> </p><p><span style=""font-weight:bold"">Document Handling Module:</span></p><p>-Manages electronic documents such as patient records, reports, and administrative paperwork.</p><p>-Enables users to upload, store, and retrieve documents securely.</p><p>-May include features for version control, document sharing, and access permissions.</p><p> </p><p><span style=""font-weight:bold"">Consultation Module:</span></p><p>-Supports patient consultations by providing tools for documenting medical history, symptoms, diagnoses, and treatment plans.</p><p>-Facilitates communication between healthcare providers and patients.</p><p> </p><p><span style=""font-weight:bold"">Statistics Module:</span></p><p>-Compiles and analyzes data to generate statistical reports and insights.</p><p>-Offers visualization tools such as charts and graphs to present data in a meaningful way.</p><p>-Helps users identify trends, patterns, and areas for improvement.</p><p> </p><p><span style=""font-weight:bold"">Configuration Module:</span></p><p>-Allows administrators to customize and configure system settings according to the organization&#x27;s needs.</p><p>-Provides options for managing user permissions, system preferences, and integration with other software tools.</p><p>-Ensures flexibility and scalability of the system to adapt to changing requirements.</p>",,"Documentation","FIL-529328",
,"4f519ab1-ff07-42a5-ab09-c9f2804769a3",2023-12-19T11:00:50Z,2023-12-21T06:58:29Z,"e168cbe8-c8cb-4ec3-b920-be764ec09acc","864421eb-96f9-41c9-b5f2-3c03c050b421","3393a717-a333-48a2-a785-ba2eebc00f68","<p><span style=""font-weight:bold"">Branding</span></p><ul><li>Logo Finalization</li><li>Brand Guidelines Finalization</li><li>Brand Collaterals Finalization</li><li>Brand Templates Finalization</li></ul>","d0388b16-254c-486e-b383-da1613ae0eb5","Documentation","FIL-239170","3393a717-a333-48a2-a785-ba2eebc00f68"
,"50619003-aded-4daf-9408-b4bc5d3e40a2",2025-01-24T06:12:38Z,2025-03-03T07:11:56Z,"01f011dc-8d52-4de4-9524-780ccef3313b","5dd8d88e-58bc-4e12-9cfb-55a3306b21cd","64533648-470a-4167-b761-f81e1960ec5a","<p><span style=""font-weight:bold"">Monthly Activities:</span></p><ul><li>Account Creation / Profile Optimisation</li><li>Monthly Strategy Creation</li><li>Monthly Content Calendar Creation</li><li>Post Scheduling</li><li>Cross Platform Posting</li><li>Community Management</li><li>Monthly Analytics &amp; Reporting</li></ul><p><span style=""font-weight:bold"">Content Creation</span></p><ul><li>6 Reels</li><li>9 Static / Carousel Posts</li><li>3-5 Daily Stories</li></ul><p><span style=""font-weight:bold"">Platforms</span></p><ul><li>Facebook</li><li>LinkedIn</li><li>TikTok</li><li>Instagram</li><li>YouTube</li></ul>","be94ccbc-295f-4993-ae4f-a15f89b4fb78","Documentation","FIL-415686",
,"572d5fc1-4d2e-46f2-bef0-40ceaccc88bc",2024-07-29T10:19:11Z,2024-07-29T10:19:11Z,"01f011dc-8d52-4de4-9524-780ccef3313b","95f56020-38f5-4243-9485-5b776381ae67","3393a717-a333-48a2-a785-ba2eebc00f68","<p><span style=""font-weight:bold""><span style=""text-decoration:underline"">General System</span></span></p><p><span style=""font-weight:bold"">HMS + CRM</span></p><p> </p><p><span style=""font-weight:bold"">Account Module</span></p><p>–Develop a secure login system for doctors, nurses, administrative staff, and other healthcare professionals.</p><p>-Will be controlled by an authenticator and implementation of RBAC Accesses Added Seperate Flow for Consultation</p>",,"Documentation","FIL-529328",
,"5f3216fc-e1d4-4b41-a254-2d1098ac28ec",2024-07-18T10:42:40Z,2024-07-18T10:44:58Z,"01f011dc-8d52-4de4-9524-780ccef3313b","c056fe92-ee03-44a1-be23-0b1725dfd3ee","64533648-470a-4167-b761-f81e1960ec5a","<p><span style=""font-weight:bold""><span style=""text-decoration:underline"">Marketing &amp; Sales Push</span></span> </p><p>Planned &amp; Paid Campaigns </p><p>Ad Campaign </p><p>Influencer Campaign </p><p>Campaign Management</p><p> </p><p>Month 1 ad spend - AED 2500</p><p>Month 2 ad spend - AED 2500</p><p>Month 3 ad spend - AED 750 INFLUENCER BUDGET</p>",,"Documentation","FIL-212876",
,"60e1dfc4-135a-4a22-b9ca-0974c6237559",2024-07-29T10:19:11Z,2024-07-29T10:19:11Z,"01f011dc-8d52-4de4-9524-780ccef3313b","95f56020-38f5-4243-9485-5b776381ae67","3393a717-a333-48a2-a785-ba2eebc00f68","<p><span style=""font-weight:bold""><span style=""text-decoration:underline"">Servers</span></span></p><p><span style=""font-weight:bold"">Operational Servers</span></p><p>(12 Units)</p><p>Server Specifications:</p><p>Motherboard: Gigabyte b760 ds3h ddr4</p><p>Processor: Intel i5-14400F</p><p>RAM: Corsair Vengeance (16gbx2)   ddr4 3600 mhz GPU: Asus Dual Geforce RTX 4060 OC Edition 8gb ddr6 ROM: Kingston 1tb nv1 nvme (ssd)</p><p>Case:Montech Fighter 500 Black Tempered Glass</p><p>PSU: DeepCool PF750 750W 80 Plus</p><p>Fan/Cooler : Thermaltake ux200 SE Cooler</p><p> </p><p><span style=""font-weight:bold"">Server Setup</span></p><p>Set up &amp; Installation</p>",,"Documentation","FIL-529328",
,"61ba126c-f881-4490-a431-15cc0fa1da29",2024-01-26T07:02:23Z,2024-01-26T07:02:23Z,"e168cbe8-c8cb-4ec3-b920-be764ec09acc","05bd34fe-837c-45da-987c-099d06911ed9","74bc6f85-06a7-480e-a30e-155b42f29627","<p>Annual Hosting</p>",,"Documentation","FIL-662709",
,"63fcc562-71a4-4ba8-8828-ae220a506a48",2023-12-19T11:00:50Z,2023-12-19T11:34:24Z,"e168cbe8-c8cb-4ec3-b920-be764ec09acc","864421eb-96f9-41c9-b5f2-3c03c050b421","3393a717-a333-48a2-a785-ba2eebc00f68","<p>Editor X Hosting Website (Annual Fee)</p>","d0388b16-254c-486e-b383-da1613ae0eb5","Documentation","FIL-239170",
,"69335cee-6fd7-4eaa-ae60-fdeda3829e36",2025-02-17T06:49:16Z,2025-02-17T06:50:02Z,"01f011dc-8d52-4de4-9524-780ccef3313b","5c75ba1d-c199-4004-aece-5e62b68af068","aec19a7f-1b0b-4085-837e-7981ac0d259e","<p><span style=""font-weight:bold"">1. Brand Guidelines &amp; Mockups</span></p><ul><li>Comprehensive brand guidelines, including:</li><ul><li>Web front page mockup</li><li>Patterns and visual assets</li><li>Merchandising and swag items</li></ul><li>Usage mockups for:</li><ul><li>Profile, contracts, and reports</li><li>E-catalogue</li><li>Promotional branding</li></ul></ul><p><span style=""font-weight:bold"">Timeline:</span> 1 week from project approval</p>","b222654c-da72-49b4-adbe-2e59bd92905e","Documentation","FIL-638875",
,"6b70f96b-b602-42b7-ab2e-516edd792527",2024-04-01T06:12:51Z,2024-04-01T06:12:55Z,"01f011dc-8d52-4de4-9524-780ccef3313b","2aecd8c8-af66-4dc1-acc8-86f4545f04fb","64533648-470a-4167-b761-f81e1960ec5a","<p>AED 500.00 budget per month for boosted posts</p>","0dafbf47-9cd1-450d-8f03-7f3e20417cbf","Documentation","FIL-104733",
,"704fd679-3d87-43a2-80e8-6ef701632403",2024-09-09T19:56:58Z,2024-09-09T19:56:58Z,"01f011dc-8d52-4de4-9524-780ccef3313b","8258e745-6aa1-4076-80f8-42b7d2bbcfb4","64533648-470a-4167-b761-f81e1960ec5a","<p><span style=""font-weight:bold"">Social Media &amp; Ad Campaign Creation / Management</span></p><p> </p><p><span style=""font-weight:bold"">1. Content Creation &amp; Management</span></p><ul><li>Instagram &amp; Facebook</li><li>Social Media Content Creation - 12 Posts (Single Language) / mo</li><li>Photo / Graphics Production 8 Photos / Graphics / mo</li><li>Reel Videos Production (Up to 30sec) - 4 Reels / mo</li><li>Website Blog Posts (Shared on Social) 1x / mo</li><li>Monthly Content Calendar &amp; Post Scheduling</li><li>Alt Tags and Location Tags</li><li>Competitor Account Analysis and Comparison - Up to 3 Competitors</li><li>Community Management</li><li>Performance Audit and Analytics – Monthly</li><li>4 hours monthly allocated photoshoot/videography</li></ul><p> </p><p><span style=""font-weight:bold"">2. Ad Campaign Creation &amp; Management</span></p><ul><li>(1)       15-30 Second Video Ad per Platform</li><li>Asset creation (photos and videos from stock library of Mutant, Photoshoot/Videography and/or client)</li><li>Campaign Creation</li><li>Monthly performance audit, analytics and reporting</li><li>Pixel creation for remarketing ads</li><li>*Excl. Ad Spend</li></ul>",,"Documentation","FIL-625126",
,"7260663d-6968-4b4f-80ac-60d40fd359bb",2023-12-21T11:08:54Z,2023-12-21T11:11:30Z,"e168cbe8-c8cb-4ec3-b920-be764ec09acc","dc7bf0b7-56c7-4aa3-bdac-5afae4d9d111","74bc6f85-06a7-480e-a30e-155b42f29627","<p class=""font_8""><strong>Domain</strong></p>
<p class=""font_8"">- Client will provide the Domain and its access</p>
<p class=""font_8"">&nbsp;</p>
<p class=""font_8""><strong>Hosting</strong></p>
<p class=""font_8"">- Pointing of Website to their current domain hosting</p>
<p class=""font_8"">&nbsp;</p>
<p class=""font_8""><strong>Subscriptions</strong></p>
<p class=""font_8""><strong>- </strong>12 Month Subscription</p>","90efa7ec-4932-4a6c-8029-85bdbca815c5","Documentation","FIL-492806",
,"74d4329b-8642-4de9-af96-5465a504b746",2023-12-19T11:00:50Z,2023-12-19T11:34:24Z,"e168cbe8-c8cb-4ec3-b920-be764ec09acc","864421eb-96f9-41c9-b5f2-3c03c050b421","3393a717-a333-48a2-a785-ba2eebc00f68","<p><span style=""font-weight:bold"">TeachWorks EditorX Website</span></p><ul><li>Custom Animations &amp; Infographics</li><li>Corporate Pages</li><li>Responsive Breakpoints</li><li>Content Database &amp; Manager</li><li>3 Design Revisions</li></ul>","d0388b16-254c-486e-b383-da1613ae0eb5","Documentation","FIL-239170",
,"78438f49-40b5-4042-a908-ea4dd83373f5",2024-09-03T09:44:45Z,2024-09-03T09:44:51Z,"01f011dc-8d52-4de4-9524-780ccef3313b","6190de23-077a-4c5d-b4d4-1a88502a7d06","64533648-470a-4167-b761-f81e1960ec5a","<p><span style=""font-weight:bold"">3 MONTHS SOCMED RETAINER</span></p><ul><li>Instagram, Facebook, TikTok, LinkedIn, Youtube</li><li>Social Media Content Creation - 12 Posts (Single Language) / mo</li><li>Photo / Graphics Production 8 Photos / Graphics / mo</li><li>Reel Videos Production (Up to 30sec) - 4 Reels / mo</li><li>Website Blog Posts (Shared on Social) 1x / mo</li><li>Monthly Content Calendar &amp; Post Scheduling</li><li>Alt Tags and Location Tags</li><li>Competitor Account Analysis and Comparison - Up to 3 Competitors</li><li>Community Management</li><li>Performance Audit / Analytics &amp; Reporting  - Monthly</li></ul>","cb4c4d22-40cd-4d99-9e37-5a95bde5a247","Documentation","FIL-35003",
,"7fab35c0-9bd7-4c1a-96e9-a657d14a55a6",2024-01-27T12:51:29Z,2024-02-02T01:53:00Z,"e168cbe8-c8cb-4ec3-b920-be764ec09acc","b483869d-b646-4ff2-aad3-920b5dc896d2","5adee711-6197-4bbf-b057-460cfbc157db","<ul><li>Brand Guidelines</li><li>Logo</li><li>Fonts</li><li>Graphical Elements</li><li>Stationaries</li><li>Email Signatures</li><li>Business Cards (Digital and Print) – exclusive of print charge</li></ul>","e618b2fa-a2cd-40ea-b345-3811f649aea9","Documentation","FIL-699538",
,"80a72882-b648-4524-80dd-0c937d3e7b2c",2024-01-26T07:02:23Z,2024-01-26T07:02:23Z,"e168cbe8-c8cb-4ec3-b920-be764ec09acc","05bd34fe-837c-45da-987c-099d06911ed9","3393a717-a333-48a2-a785-ba2eebc00f68","<p>CRM System -</p><p>Setup Cost - AED 5,000</p><p>Annual Cost - AED 8,000</p><p><span style=""font-weight:bold"">1. Contact Management:</span></p><ul><li><span style=""font-weight:bold"">Store and Organize Customer Information:</span>Names, email addresses, phone numbers, social media handles, company information, job titles, etc.</li><li><span style=""font-weight:bold"">Track Interactions:</span>Phone calls, emails, meetings, support tickets, website visits, purchase history, etc.</li><li><span style=""font-weight:bold"">Create Comprehensive Customer Profiles:</span>360-degree view of each customer&#x27;s history and preferences for personalized interactions.</li></ul><p><span style=""font-weight:bold"">2. Lead Management:</span></p><ul><li><span style=""font-weight:bold"">Capture Leads from Various Sources:</span>Website forms, email campaigns, social media, events, referrals, etc.</li><li><span style=""font-weight:bold"">Qualify and Score Leads:</span>Identify the most promising leads based on their interest and fit for your business.</li><li><span style=""font-weight:bold"">Track Progress through the Sales Pipeline:</span>Visualize lead status and move them through stages like &quot;Contacted,&quot; &quot;Qualified,&quot; &quot;Proposal Sent,&quot; &quot;Closed Won,&quot; etc</li></ul><p><span style=""font-weight:bold"">3. Customer Service:</span></p><ul><li><span style=""font-weight:bold"">Manage Customer Tickets and Issues:</span>Centralize support requests, track progress, and ensure timely resolution.</li><li><span style=""font-weight:bold"">Create a Knowledge Base:</span>Provide self-service resources for customers to find answers to common questions.</li><li><span style=""font-weight:bold"">Track Customer Satisfaction:</span>Measure customer feedback and identify areas for improvement.</li></ul><p><span style=""font-weight:bold"">4. Reporting and Analytics:</span></p><ul><li><span style=""font-weight:bold"">Generate Reports on Key Metrics:</span>Sales pipeline, lead conversion rates, customer lifetime value, customer satisfaction, etc.</li><li><span style=""font-weight:bold"">Gain Insights into Customer Behavior:</span>Identify trends, patterns, and opportunities to improve sales and marketing efforts.</li><li><span style=""font-weight:bold"">Make Data-Driven Decisions:</span>Use insights to optimize strategies, personalize campaigns, and improve customer experiences.</li></ul>",,"Documentation","FIL-662709",
,"8122e010-a2be-4349-a560-3928af53b181",2024-01-26T07:02:23Z,2024-01-26T07:02:23Z,"e168cbe8-c8cb-4ec3-b920-be764ec09acc","05bd34fe-837c-45da-987c-099d06911ed9","74bc6f85-06a7-480e-a30e-155b42f29627","<p>App Hosting &amp; Store Pushing for Apple &amp; Android</p>",,"Documentation","FIL-662709",
,"861609e9-5ac2-4749-b4a1-639cb07bb7fd",2024-04-01T06:21:41Z,2024-04-01T06:21:46Z,"01f011dc-8d52-4de4-9524-780ccef3313b","946ae734-e628-4852-9764-1d2b095c7df3","64533648-470a-4167-b761-f81e1960ec5a","<p>AED 500.00 per month boosted post budget</p>","32f29cfa-d305-437f-8aa4-16b8dd2e8b4b","Documentation","FIL-292852",
,"8c9f9482-f4ec-4de7-b291-d3aa4ed95278",2024-01-22T10:52:39Z,2024-01-22T10:52:47Z,"e168cbe8-c8cb-4ec3-b920-be764ec09acc","59c0debe-a3a1-4ed4-8bb2-8adbe627c23f","5adee711-6197-4bbf-b057-460cfbc157db","<p><span style=""font-weight:bold"">1. Market Scope:</span></p><ul><li><span style=""font-weight:bold"">Target Audience:</span> Identify your ideal customer, including their demographics, interests, needs, and pain points. This helps tailor your brand voice, messaging, and offerings.</li><li><span style=""font-weight:bold"">Competitive Landscape:</span> Analyze your competitors, their strengths and weaknesses, and any potential gaps in the market you can fill.</li><li><span style=""font-weight:bold"">Positioning:</span> Define your brand&#x27;s unique value proposition and how it stands out from competitors.</li></ul><p> </p><p><span style=""font-weight:bold"">2. Brand Identity Scope:</span></p><ul><li><span style=""font-weight:bold"">Core Values &amp; Mission:</span> Identify your brand&#x27;s guiding principles and purpose, shaping its decisions and communication.</li><li><span style=""font-weight:bold"">Brand Personality:</span> Define the characteristics you want your brand to embody, such as trustworthy, innovative, or playful.</li><li><span style=""font-weight:bold"">Messaging &amp; Storytelling:</span> Craft a compelling brand narrative that resonates with your target audience and showcases your value proposition.</li></ul><p> </p><p><span style=""font-weight:bold"">3. Visual Identity Scope:</span></p><ul><li><span style=""font-weight:bold"">Logo &amp; Graphic Design:</span> Develop a visual language that reflects your brand personality and values, including logo, colors, fonts, and imagery.</li><li><span style=""font-weight:bold"">Brand Guidelines:</span> Create a document outlining your visual identity standards to ensure consistent use across all touchpoints.</li></ul><p> </p>","5dc5ca86-ba67-4ea8-8a58-6c240343eb9d","Documentation","FIL-91685",
,"9413ff46-bbed-437f-83a4-23bd7b1ebb29",2025-01-20T11:14:59Z,2025-01-20T16:04:32Z,"01f011dc-8d52-4de4-9524-780ccef3313b","4341470c-d268-4701-bf36-a2e450b166e1","64533648-470a-4167-b761-f81e1960ec5a","<p><span style=""font-weight:bold"">Kudotrade (3-month retainer)</span></p><ul><li>Google my Business</li><li>12 Posts / Month</li><li>3-4 Stories a week</li><li>Monthly Content Calendar &amp; Strategy</li><li>Post / Story Scheduling</li><li>Monthly Analytics &amp; Reporting</li></ul>","6400ce49-60f2-447e-9dbe-472513401ce5","Documentation","FIL-348366",
,"94f95c98-e25b-414f-abf0-d05b335a703a",2024-02-08T16:18:29Z,2024-02-08T16:21:06Z,"e168cbe8-c8cb-4ec3-b920-be764ec09acc","1212678d-037b-475a-b187-a27821e2d3c8","64533648-470a-4167-b761-f81e1960ec5a","<p><span style=""font-weight:bold"">Account Creation</span></p><ul><li>Facebook</li><li>LinkedIn</li><li>Instagram</li><li>TikTok</li><li>YouTube</li></ul>","038acfcb-751a-42d3-aeac-42b8b57c5674","Documentation","FIL-427684",
,"a472ce9f-debf-4c4b-b954-8d365c887d17",2024-01-31T14:35:43Z,2024-01-31T14:35:43Z,"e168cbe8-c8cb-4ec3-b920-be764ec09acc","628fe99b-63e0-44e7-8ada-0635bcfe72ed","3393a717-a333-48a2-a785-ba2eebc00f68","<ul><li>UI/UX Design Creation</li><li>Website Images and Content Creation</li><li>Custom Forms</li><li>Pages</li><li>Home</li><li>About</li><li>Contact</li><li>Property Gallery + Booking Guesty</li><li>FAQ</li><li>Blogs / Articles</li><li>SEO Settings (Title, Description and Images)</li><li>Google Search Registration</li><li>Google Analytics Setup</li><li>Google Business Profile Creation</li><li>Marketing Integration (Pixels)</li></ul>","8851d68e-5aa8-4487-94b6-154123b92d6f","Documentation","FIL-415622",
,"a5ea183d-cf63-467c-9bc7-64759d56a8c5",2024-07-29T15:09:22Z,2024-07-29T15:09:22Z,"01f011dc-8d52-4de4-9524-780ccef3313b","b4886092-ca0c-4408-91a9-644555a7b790","74bc6f85-06a7-480e-a30e-155b42f29627","<p>Wix Studio Subscription</p>",,"Documentation","FIL-673678",
,"ad64c4c9-42b4-4177-9692-1be4479d0b10",2024-09-24T11:30:43Z,2024-09-24T11:30:50Z,"01f011dc-8d52-4de4-9524-780ccef3313b","7cdb07dc-cf4f-44f1-a63f-8cf5d6220776","64533648-470a-4167-b761-f81e1960ec5a","<p><span style=""font-weight:bold"">Social Media Marketing</span></p><ul><li>Social Media Content Creation - 12 Posts (Single Language) / mo</li><li>Photo / Graphics Production - 8 Photos / Graphics / mo</li><li>Reel Videos Production (Up to 30sec) - 2 Reels / mo</li><li>Stories - Minimum of 4 Stories / mo</li><li>Website Blog Posts (Shared on Social) - 2x / mo</li><li>Monthly Content Calendar &amp; Post Scheduling</li><li>Alt Tags &amp; Location Tags</li><li>Competition Account Analysis and Comparison</li><li>Analytics &amp; Reporting</li><li>SEO implementation on Social Media</li><li>Community Management</li><li>Performance Audit - Monthly</li></ul>","b71edebc-8c11-4ed4-8a9a-c5dacecfb063","Documentation","FIL-44543",
,"b0563760-e3b3-44b8-9ff7-e1c30cd17bb8",2024-04-01T18:00:55Z,2024-04-01T18:01:12Z,"01f011dc-8d52-4de4-9524-780ccef3313b","9a69907f-5d6d-49a6-9077-54bff1341dab","5adee711-6197-4bbf-b057-460cfbc157db","<p><span style=""font-weight:bold"">1. Brand Origination:</span></p><p>- Brand Identity: Defining the unique characteristics of the company or product.</p><p>- Target Audience: Identifying the specific demographic the brand aims to engage.</p><p>- Brand Personality: Establishing the desired emotional and behavioral traits of the brand.</p><p> </p><p><span style=""font-weight:bold"">2. Logo Design:</span></p><p>- Concept Development: Generating visual ideas reflecting the brand&#x27;s essence.</p><p>- Graphic Elements: Crafting distinctive symbols or icons embodying the brand.</p><p>- Colour Palette: Choosing emotive colors in line with the brand&#x27;s identity.</p><p>- Typography: Selecting fonts that complement the brand&#x27;s personality.</p><p>- Layout and Composition: Structuring elements for visual coherence and appeal.</p>","69249b36-efc5-46ab-9d9d-3194e21bccf9","Documentation","FIL-158933",
,"b7d22a54-b2f9-4303-8729-98a262d46fa0",2025-02-17T06:49:38Z,2025-02-17T06:50:02Z,"01f011dc-8d52-4de4-9524-780ccef3313b","5c75ba1d-c199-4004-aece-5e62b68af068","aec19a7f-1b0b-4085-837e-7981ac0d259e","<p><span style=""font-weight:bold"">2. Billboard Templates</span></p><ul><li><span style=""font-weight:bold"">Chef-Themed Billboard:</span> Featuring chefs, suitable for event promotions and sponsors.</li><li><span style=""font-weight:bold"">RNF to HORECA Billboard:</span> Announcing the transition from RNF to HORECA.</li><li><span style=""font-weight:bold"">Sponsorship Billboard:</span> Designed for sponsorship advertisements.</li></ul><p><span style=""font-weight:bold"">Timeline:</span> 3 days from project approval</p>","b222654c-da72-49b4-adbe-2e59bd92905e","Documentation","FIL-638875",
,"b86125ad-ebef-40f0-977c-28143fd46a51",2024-01-31T14:36:27Z,2024-01-31T14:36:27Z,"e168cbe8-c8cb-4ec3-b920-be764ec09acc","628fe99b-63e0-44e7-8ada-0635bcfe72ed","74bc6f85-06a7-480e-a30e-155b42f29627","<ul><li>12 months Web hosting</li><li>12 SSL Security Certificate</li><li>12 months domain</li></ul>","8851d68e-5aa8-4487-94b6-154123b92d6f","Documentation","FIL-415622",
,"baf503ca-d0b2-4c68-8cdf-6898ce4eb4cc",2024-04-17T05:57:39Z,2024-04-17T05:57:45Z,"01f011dc-8d52-4de4-9524-780ccef3313b","36169434-f12b-4d93-ab0d-7419ed0442f1","5adee711-6197-4bbf-b057-460cfbc157db","<p><span style=""font-weight:bold"">1. Brand Origination:</span></p><p>- Brand Identity: Defining the unique characteristics of the company or product.</p><p>- Target Audience: Identifying the specific demographic the brand aims to engage.</p><p>- Brand Personality: Establishing the desired emotional and behavioral traits of the brand.</p><p><span style=""font-weight:bold"">2. Brand Book:</span></p><p>- Concept Development: Generating visual ideas reflecting the brand&#x27;s essence.</p><p>- Graphic Elements: Crafting distinctive symbols or icons embodying the brand.</p><p>- Colour Palette: Choosing emotive colors in line with the brand&#x27;s identity.</p><p>- Typography: Selecting fonts that complement the brand&#x27;s personality.</p><p>- Layout and Composition: Structuring elements for visual coherence and appeal.</p><p>- Stationeries (Letterhead, Businesscard, Email Signature)</p><p>- Social Media Banners and Instagram Highlights (LinkedIn, Facebook, YouTube)</p>","f350b896-daac-4d82-8de4-e1b1f2eec29f","Documentation","FIL-447183",
,"c06423c5-3bb7-438c-847d-a398ba4449bd",2024-07-29T10:19:11Z,2024-07-29T10:19:11Z,"01f011dc-8d52-4de4-9524-780ccef3313b","95f56020-38f5-4243-9485-5b776381ae67","3393a717-a333-48a2-a785-ba2eebc00f68","<p><span style=""font-weight:bold""><span style=""text-decoration:underline"">Creative Design</span></span></p><p><span style=""font-weight:bold"">Creative Design and Layout to be provided</span></p><p><span style=""font-weight:bold"">throughout the development of the corporate page and system pages</span></p><p> </p><p><span style=""font-weight:bold"">This will include the following:</span></p><p>-Design Elements (Following the brandingcreated)</p><p>-Color Scheme</p><p>-Typographies</p><p>-Image and Video Assets</p><p>-Layout and Structuring</p><p>-Navigation</p><p>-Animations (if applicable)</p>",,"Documentation","FIL-529328",
,"c0c10b9f-7ddc-4447-94bb-ebfed80f869f",2024-07-29T10:19:11Z,2024-07-29T10:19:11Z,"01f011dc-8d52-4de4-9524-780ccef3313b","95f56020-38f5-4243-9485-5b776381ae67","3393a717-a333-48a2-a785-ba2eebc00f68","<p><span style=""font-weight:bold""><span style=""text-decoration:underline"">Mobile Application</span></span></p><p><span style=""font-weight:bold"">IOS / Android Web App</span></p><p>-Development of a mobile application mirroring the functionalities of the corresponding web platform (Core functions same as web)</p><p>-App will be developed as a shell application, providing seamless access to the web functions through a mobile interface, ensuring optimal performance, user experience, and alignment with your brand identity.</p><p>-Compatibility across various devices and operating systems and users flexibility&quot;</p>",,"Documentation","FIL-529328",
,"c2f031ee-2a8b-4f1f-9a85-09ab70f905e6",2025-01-20T11:38:55Z,2025-01-20T11:39:48Z,"01f011dc-8d52-4de4-9524-780ccef3313b","84195ab2-f522-4cd0-9153-7520d31b3ffd","64533648-470a-4167-b761-f81e1960ec5a","<p><span style=""font-weight:bold"">Social Media Management</span></p><ul><li>Monthly Strategy Creation</li><li>Monthly Content Calendar</li><li>Monthly Content Creation (12 posts a month + 3-4 stories a week) per event, includes:</li></ul><p>o Editing</p><p>o Publishing and Distribution</p><ul><li>Daily Post/Story Scheduling</li><li>Monthly Analytics and Reporting</li></ul>","ea9e4570-c3bd-43b4-962b-325c685c9a3b","Documentation","FIL-173720",
,"c78c5b6f-7ef6-4f5c-ad96-a7230db5683a",2024-02-08T16:20:42Z,2024-09-27T05:45:04Z,"e168cbe8-c8cb-4ec3-b920-be764ec09acc","1212678d-037b-475a-b187-a27821e2d3c8","64533648-470a-4167-b761-f81e1960ec5a","<p><span style=""font-weight:bold"">Social Media Account Management - 12 Month Retainer</span></p><ul><li>Monthly Social Media Strategy</li><li>Monthly Social Media Calendar</li><li>Asset Creation / Content creation</li><li>16 posts a month (10 static and 6 reels)</li><li>2 blog posts a month (website and social media)</li><li>Community management and engagement</li><li>4 hours of photography/videography for social media content + edits</li><li>Monthly Analytics &amp; Report</li></ul>","038acfcb-751a-42d3-aeac-42b8b57c5674","Documentation","FIL-427684",
,"cd67ebd2-ac9e-4844-b12a-bab96d0156f0",2024-07-29T10:19:11Z,2024-07-29T10:19:11Z,"01f011dc-8d52-4de4-9524-780ccef3313b","95f56020-38f5-4243-9485-5b776381ae67","3393a717-a333-48a2-a785-ba2eebc00f68","<p><span style=""font-weight:bold""><span style=""text-decoration:underline"">Corporate Pages</span></span></p><p><span style=""font-weight:bold"">Home Page</span></p><p>-Introduction to the company, highlighting its key features, products, and services.</p><p>-Integration of multimedia elements such as images, videos, and animations to enhance user engagement.</p><p>-Responsive design for compatibility across various devices and screen sizes.</p><p> </p><p> </p><p><span style=""font-weight:bold"">About Us</span></p><p>-Detailed information about the company&#x27;s history, mission, vision, and values.</p><p>-Description of the company&#x27;s achievements, milestones, and awards.</p><p> </p><p><span style=""font-weight:bold"">Product Page</span></p><p>-Detailed information about comprehensive solution for hospitals, combining a Hospital Management System (HMS) and Customer Relationship Management (CRM) capabilities.</p><p> </p><p><span style=""font-weight:bold"">Contact Us</span></p><p>-Contact form with fields for name, email, subject, and message, allowing users to send inquiries directly.</p><p>-Display of company contact information including address, phone number, and email.</p><p> </p><p><span style=""font-weight:bold"">Legal Pages</span></p><p>-Terms &amp; Conditions: Detailed terms of service regarding system Usage</p><p>-Privacy Policy: Comprehensive privacy statement outlining data collection, usage, and protection practices.</p><p>-FAQ: Frequently asked questions section addressing common inquiries about the company, system, and services.</p><p> </p><p><span style=""font-weight:bold"">Dynamic Pages</span></p><p>Dynamic Pages Linking to 2 System</p>",,"Documentation","FIL-529328",
,"d0fbe85e-ebf0-4080-91b8-779617e6846a",2024-01-26T07:02:23Z,2024-01-26T07:02:23Z,"e168cbe8-c8cb-4ec3-b920-be764ec09acc","05bd34fe-837c-45da-987c-099d06911ed9","5adee711-6197-4bbf-b057-460cfbc157db","<p><span style=""font-weight:bold"">Brand Origination</span></p><ul><li>4 Logo Options</li><li>Color Pallete</li><li>Business Cards</li><li>Social Media Templates</li><li>Receipt &amp; Invoices</li><li>Brand Guidelines</li></ul>",,"Documentation","FIL-662709",
,"d3aea4ad-451b-4d91-9e34-cdb0e6e97c97",2024-05-29T12:49:48Z,2024-05-29T12:49:55Z,"01f011dc-8d52-4de4-9524-780ccef3313b","ba2c1cc7-f059-414a-acf3-1fdee4ae45ab","3393a717-a333-48a2-a785-ba2eebc00f68","<p><span style=""font-weight:bold"">Perfume Ecommerce WEB APP</span></p><p><span style=""font-weight:bold"">Framework:</span> Laravel Framework</p><p><span style=""font-weight:bold"">Programming languages:</span><br/>Back-end : PHP Storm</p><p>Front-end: HTML, CSS, Vanila JS / Vue.js.</p><p><span style=""font-weight:bold"">Database:</span> MYSQL<br/> <span style=""font-weight:bold"">APIs:</span>  stripe Payment gateway (online payment)</p><p> </p><p><span style=""font-weight:bold"">WEB APP Pages &amp; Functionalities:</span></p><ul><li>Home page (sections):</li></ul><p>   - Carousel “photos gallery”</p><p>   - Top Selling Perfumes</p><p>   - New Arrival Perfumes</p><p>   - Upcoming Perfumes</p><p>   - Customer Reviews</p><ul><li>About us</li><li>Contact</li><li>Perfumes / Gallery</li></ul><p>o Filter by category [men, women, unisex, extra category you can create via the admin portal]</p><ul><li>Footer pages:</li></ul><p>o Terms</p><p>o FAQ</p><p>o Reviews</p><p>o Login</p><p>     - Email</p><p>     - password</p><p>o Signup</p><p>o My Account</p><ul><li>Client Portal:</li></ul><p>o Update profile</p><p>o Change password</p><p>o My Cart</p><p>o My Orders</p><p>o Wishlist page “favorite page”</p><ul><li>Admin portal</li></ul><p>o User Management</p><p>       - View clients’ information</p><p>o Categories Management</p><p>       - View Categories</p><p>       - Create New Category</p><p>       - Update Category Name</p><p>o Products “Perfumes” management</p><p>       - View products</p><p>       - Create product</p><p>       - Update product</p><p>       - Ability to add extra price “shipment fees”</p><p>o Orders management</p><p>o Discount management</p><p>       - Add discount to specific products</p><p>       - Discount duration date</p><p>       - Active/Deactive discount</p><p>o Profile:</p><p>       - Change password</p><p>       - Update personal information</p><ul><li>Checkout / payment procedure:</li></ul><p>o Payment gateway: Stripe</p><p>o Add product to cart</p><p>o Login / continue as guest</p><p>o Fill billing form</p><p>o Checkout stripe gateway page</p><p>o Email Notification to Admin and Client After Checkout</p><p>Time line breakdown regarding Main Offer after design approved:</p><p> </p><p> </p><p><span style=""font-weight:bold"">No. of work days</span></p><p> - Web app Pages : 15</p><p> - Client portal: 5</p><p> - Admin Dashboard: 15</p><p><span style=""font-weight:bold"">Total Work Hours: 35</span></p><p> </p><p>The timeline is based on considerations for the standard/basic web application details and is subject to adjustment depending on the client&#x27;s specific requirements. Any additional features or modifications requested by the client may lead to an increase or decrease in the overall project timeline.</p>","7876c466-ebaa-479e-805e-02f2c1c8410c","Documentation","FIL-99652",
,"dbdfb478-80c9-4a20-9e32-474523769a85",2025-01-20T16:10:42Z,2025-01-28T06:05:15Z,"01f011dc-8d52-4de4-9524-780ccef3313b","257367b0-b71b-45f4-881b-44aeaaa36780","64533648-470a-4167-b761-f81e1960ec5a","<p><span style=""font-weight:bold"">Exec-Tech (3-month retainer)</span></p><ul><li>6 Posts / Month</li><li>2 Stories a week</li><li>Monthly Content Calendar &amp; Strategy</li><li>Post / Story Scheduling</li><li>Monthly Analytics &amp; Reporting</li></ul><p> </p><p><span style=""font-weight:bold"">Updated Change to Deliverables:</span></p><p> </p><p>2x per week Linkedin (Sending on Mondays)</p><p>1x every 2 weeks on Meta</p><p> </p><p>= 8x post linkedin, 2 post meta (repost from linkedin), no stories</p><p> </p>","b9b7bc57-9096-4be9-b926-4293d4a8d849","Documentation","FIL-344699",
,"e0cdb1a3-af97-4600-ae2c-139a64b7f919",2024-10-21T07:19:26Z,2025-02-27T06:39:44Z,"01f011dc-8d52-4de4-9524-780ccef3313b","47d93cff-6005-493a-9f0c-578cfaf57506","64533648-470a-4167-b761-f81e1960ec5a","<p>Up to 4 Social Media Channels</p><p>12 Posts (Single Language) monthly</p><p>8 Photos / Graphics / monthly</p><p>4 Reels / monthly</p><p>Min. 6 Stories / mo</p><p>Monthly reporting</p><p>Alt Tags / Hashtags / Location Tags</p><p>Competitor Analysis and Comparison</p><p>Community Management</p><p>Performance Audit Monthly</p><p>2 Hours of Studio Time / Month</p>","ed125612-b20e-492e-b9b9-7557f55a0caa","Documentation","FIL-616671",
,"e1468cee-d3e4-4b6f-84c0-6d90496bb582",2024-01-26T07:02:23Z,2024-01-26T07:02:23Z,"e168cbe8-c8cb-4ec3-b920-be764ec09acc","05bd34fe-837c-45da-987c-099d06911ed9","d406eff1-25c2-46d8-abc7-4cd0f77fb9a3","<ul><li>Request rides from a variety of vehicles, including:Cars (Economy, Business, and Max)</li><li>Track your driver&#x27;s location and ETA in real-time.</li><li>Get fare estimates before booking.</li><li>Pay with cash or card.</li><li>Trip scheduling</li><li>Driver Pereference</li><li>Real-time traffic updates</li><li>In-app chat with customer support</li><li>Loyalty program (Points)</li></ul>",,"Documentation","FIL-662709",
,"e427e2b4-ffe3-4c33-8a90-46b01d9dae74",2024-01-31T14:36:27Z,2024-01-31T14:37:08Z,"e168cbe8-c8cb-4ec3-b920-be764ec09acc","628fe99b-63e0-44e7-8ada-0635bcfe72ed","d3bc611b-69d2-4ced-9750-dddddbf73be5","<ul><li>Email Package (Up to 10 mailbox)</li><li>Email Setup</li></ul>","8851d68e-5aa8-4487-94b6-154123b92d6f","Documentation","FIL-415622",
,"f06e0335-dc88-4b33-afd1-e0ffe78e97b4",2025-02-17T06:49:56Z,2025-02-17T06:50:02Z,"01f011dc-8d52-4de4-9524-780ccef3313b","5c75ba1d-c199-4004-aece-5e62b68af068","aec19a7f-1b0b-4085-837e-7981ac0d259e","<p><span style=""font-weight:bold"">3. Sponsorship Brochure</span></p><ul><li>Sponsorship brochure incorporating the new branding.</li></ul><p><span style=""font-weight:bold"">Timeline:</span> 3 days from project approval</p>","b222654c-da72-49b4-adbe-2e59bd92905e","Documentation","FIL-638875",
,"f22e2f4f-336f-4698-8fe1-1585014590f9",2024-01-26T07:02:23Z,2024-01-26T07:02:23Z,"e168cbe8-c8cb-4ec3-b920-be764ec09acc","05bd34fe-837c-45da-987c-099d06911ed9","d406eff1-25c2-46d8-abc7-4cd0f77fb9a3","<p>Domain Registration</p>",,"Documentation","FIL-662709",
,"f313c411-5484-43c2-87d7-d42a07755b29",2024-07-29T10:19:11Z,2024-07-29T10:19:11Z,"01f011dc-8d52-4de4-9524-780ccef3313b","95f56020-38f5-4243-9485-5b776381ae67","74bc6f85-06a7-480e-a30e-155b42f29627","<p><span style=""font-weight:bold""><span style=""text-decoration:underline"">Hosting</span></span></p><p><span style=""font-style:italic"">Annual Fee</span></p><p> </p><p><span style=""font-weight:bold""><span style=""text-decoration:underline"">Server Side Hosting</span></span></p><p>Web Hosting + SSL (AWS / Hostinger ) - Capacity Basis</p><p>- Annual Cloud Hosting for Physical Server Connection (Testing Phase)</p><p>- Connection of Defined domains to Hosting</p><p>-SSL Security certifcates (https redirect) , Firewall configuration , malware scanning</p><p>-Local backup to Physical Server</p><p> </p><p><span style=""font-weight:bold"">Server Requirements</span></p><p>- Handling and Configuration of Test and Live Servers</p><p>-Create Infrastructure and live connection to Hosting</p><p>-Performance checking, Security and scalability</p>",,"Documentation","FIL-529328",
,"f9746fb7-c3ef-4b58-aeb8-ac7be81a5b4c",2023-12-21T11:03:31Z,2023-12-21T11:12:19Z,"e168cbe8-c8cb-4ec3-b920-be764ec09acc","dc7bf0b7-56c7-4aa3-bdac-5afae4d9d111","3393a717-a333-48a2-a785-ba2eebc00f68","<p class=""font_8""><strong>Technical Settings &amp; Requirements</strong></p>
<p class=""font_8"">&nbsp;</p>
<p class=""font_8"">- Basic SEO Adjustment (will be based on their content)</p>
<p class=""font_8"">- General Website Setings</p>","90efa7ec-4932-4a6c-8029-85bdbca815c5","Documentation","FIL-492806","3393a717-a333-48a2-a785-ba2eebc00f68"
