review_reason,invoice,productType,notes,price,quantity,amount,Title,ID,Created Date,Updated Date,Owner
Parent invoice e9eba498-c1a3-48bb-9389-8cdecf5a379e is not in the invoices CSV,e9eba498-c1a3-48bb-9389-8cdecf5a379e,3393a717-a333-48a2-a785-ba2eebc00f68,"<p><span style=""font-weight:bold"">Development</span></p><p>Main Pages &amp; Landing Pages</p><p>Arabic Language Switcher</p><p>Projects Repeater</p><p>Blog Setup</p><p>Basic SEO Setup &amp; Connetion</p>",14800,1,14800,,0031b138-5f93-4dc2-b604-063aa2a0ce8c,2023-01-23T11:17:16Z,2023-01-23T11:28:39Z,e168cbe8-c8cb-4ec3-b920-be764ec09acc
Parent invoice c872c9c8-3873-4bb4-a61e-8c0629ef9f83 is blocked because its project match is unresolved,c872c9c8-3873-4bb4-a61e-8c0629ef9f83,5adee711-6197-4bbf-b057-460cfbc157db,<p>One-Pager Document - Elite Vacations</p>,50,1,50,,0338f536-9c64-4b7b-b0c4-fc7e98ed440d,2025-05-16T07:20:33Z,2025-05-16T07:20:33Z,01f011dc-8d52-4de4-9524-780ccef3313b
Parent invoice 2bbae55d-07b8-4131-a738-6ca9813ce178 is blocked because its project match is unresolved,2bbae55d-07b8-4131-a738-6ca9813ce178,9ce7b764-0240-4003-b858-3a24dc3e71f3,"<p><span style=""font-weight:bold"">Programmatic Campaign Management</span></p><p><span style=""font-weight:bold"">Target: 20-30 Registrations</span></p><p> </p><p>Campaign Optimization</p><p>Campaign Overwatch</p><p>Campaign Reporting</p><p>Campaign and Lead Tracking</p>",8000,1,8000,,0563f24b-249d-4564-9c73-9417562fd1f8,2025-04-25T08:35:16Z,2025-04-25T08:35:16Z,01f011dc-8d52-4de4-9524-780ccef3313b
Parent invoice 74645202-84ef-432c-ba47-c68978547851 is blocked because its project match is unresolved,74645202-84ef-432c-ba47-c68978547851,3393a717-a333-48a2-a785-ba2eebc00f68,"<p><span style=""font-weight:bold"">Scope of Work</span></p><ul><li>Create A field for the WIX App CRM to handle Gender options</li><li>Create Prompts and validation for pages needed to specify a gender</li><li>Configure the full CRM Database</li></ul><p> </p><p><span style=""font-weight:bold"">Note:</span> </p><p>Mutant will handle the backend development and ensure that any popups or fields we create are aligned with your current design.</p>",1000,1,1000,,0b2e7fe1-4f40-466a-9a84-f947c3223d46,2025-11-05T11:05:26Z,2025-11-05T11:05:33Z,01f011dc-8d52-4de4-9524-780ccef3313b
Parent invoice 8abdd507-3ecf-46df-bb46-ab972fa0b993 is blocked because its project match is unresolved,8abdd507-3ecf-46df-bb46-ab972fa0b993,cb3328a7-5aff-4fe7-921f-b585c4163dc8,,160,1,160,,0e9dca52-639a-4b23-a1ff-a485d7d2cade,2024-03-06T07:29:55Z,2024-03-06T07:29:55Z,01f011dc-8d52-4de4-9524-780ccef3313b
Parent invoice 62e7e98e-6f86-4ada-a464-7bf41e4e6950 is blocked because its project match is unresolved,62e7e98e-6f86-4ada-a464-7bf41e4e6950,9ce7b764-0240-4003-b858-3a24dc3e71f3,<p>Google - Agency Fee</p>,5000,1,5000,,0ff6a458-6bec-4cf9-86eb-7793206b7f65,2023-04-27T10:57:42Z,2023-04-27T11:06:16Z,e168cbe8-c8cb-4ec3-b920-be764ec09acc
Parent invoice 60fa59e1-43fa-4ee9-8a64-f60438b430b6 is blocked because its project match is unresolved,60fa59e1-43fa-4ee9-8a64-f60438b430b6,3393a717-a333-48a2-a785-ba2eebc00f68,"<p><span style=""font-weight:bold"">Property Listing</span></p><p>-	Able to Create listing with specific details such as </p><p>•	Photos upload – Bulk or single</p><p>•	Price based on system currency</p><p>•	Location – accuracy based (geotagging/geolocation if necessary)</p><p>•	Bedroom/bathrooms count</p><p>•	Dimensions</p><p>•	Any Additional Text Areas for information</p><p> </p><p><span style=""font-weight:bold"">Listing Management</span></p><p>-	Design a detailed view for each listing, displaying all property details and photos in a clear and organized layout.</p><p>-	Edit and update each listings</p><p> </p><p><span style=""font-weight:bold"">User Accounts</span></p><p>-	User Registration and Logins</p><p>-	Specific Roles (if applicable)</p><p>-	Various authentication such as OTP / Email (if needed)</p><p> </p><p><span style=""font-weight:bold"">Profile Management</span></p><p>-	Able to view Specific details of the Customer/User such as</p><p>•	Profile Overview</p><p>•	Profile Details (Update/ Delete information)</p><p>•	Profile Image Upload</p><p>•	Password Change</p><p> </p><p><span style=""font-weight:bold"">Search and Filter</span></p><p>-	Able to search specific listings/property via phrases or keywords</p><p>-	Auto-suggestion</p><p>-	Able to provide Provide a variety of filter options to refine search results based on different criteria (e.g., location, price range, property type).</p><p> </p><p><span style=""font-weight:bold"">Advanced Filtering</span></p><p>-	Offer advanced filtering options for users who want to narrow down search results further.</p><p>-	Include filters for specific amenities, property features, or other custom criteria.</p><p> </p><p><span style=""font-weight:bold"">Property Details</span></p><p>-	Able to view Specific details of Properties such as</p><p>•	Property Overview</p><p>•	Property Details</p><p> </p><p><span style=""font-weight:bold"">Map View</span></p><p>-	Detailed Map Integration using Google Maps API via Geotagging/Geolocation (GPS if needed)</p><p> </p><p><span style=""font-weight:bold"">Favorites and Alerts</span></p><p>-	Save any tagged listing as favorite </p><p>-	Received alerts or notification with the same details as the saved property</p><p>-	Receive alerts or notifications for changes regarding the favorites property</p><p> </p><p><span style=""font-weight:bold"">Alerts and Notifications</span></p><p>-	Saved search functionality that’s able to alert/notify user for any specific listing preferences</p><p> </p><p><span style=""font-weight:bold"">Contact and Inquiries</span></p><p>-	Able to receive any inquiries via contact Form on a specific Page</p><p>-	Able to contact the owner of listing directly</p><p> </p><p><span style=""font-weight:bold"">Advanced Map Functionality</span></p><p><span style=""font-weight:bold"">-	Neighborhood overlays, points of interest, drop box for location selection (countries, cities, regions), crime maps</span></p><p> </p><p><span style=""font-weight:bold"">Market Analytics and Insights</span></p><p>-	Able to show Different demographics and statistics of property such as</p><p>•	Price history</p><p>•	CMA</p><p>•	Number of Sellers vs Buyers</p><p>•	Any other Market KPI</p><p> </p><p><span style=""font-weight:bold"">Financial Tools</span></p><p>-	Able to create a mortgage and financing assistance via calculator of the following:</p><p>•	Pre-qualified</p><p>•	Loan comparison</p><p>•	Refinancing</p><p> </p><p><span style=""font-weight:bold"">User Engagement and Interaction</span></p><p>-	Able to provide Reviews and ratings per listing</p><p>-	FAQ Section</p><p> </p><p><span style=""font-weight:bold"">Virtual and Augmented Reality Tours</span></p><p>-	Provide a 3d Rendered of the Property/listing (if needed)</p><p>-	AR Feature for furnitures or renovations visualization (if applicable)</p><p> </p><p><span style=""font-weight:bold"">Agent and Broker Features</span></p><p>-	Agent Profile Ratings</p><p>-	Agent Contact details</p><p>-	Able to create and provide a lead generation Tool</p><p> </p><p><span style=""font-weight:bold"">Social Integration and Sharing</span></p><p>-	Social share of listing on different social networks</p><p>-	Collaborative Wishlist</p><p>-	Social share of experience and reviews</p><p> </p><p><span style=""font-weight:bold"">Accessibility Features</span></p><p>-	Multi Language Support</p><p> </p><p><span style=""font-weight:bold"">Environmental and Sustainability Information</span></p><p>-	Highlight specific information regarding ESI standards and provide the property sustainability scores via icons or numerical figures</p><p> </p><p><span style=""font-weight:bold"">Responsiveness</span></p><p>-	Responsiveness Via Mobile and Tablet</p><p>-	Responsiveness via different Desktop sizes</p><p> </p><p> </p>",300000,1,300000,,117c48eb-e7d7-4d5c-a273-3d5a874b5c48,2024-04-04T05:47:57Z,2024-04-04T05:47:57Z,01f011dc-8d52-4de4-9524-780ccef3313b
Parent invoice 2f8684bf-708a-4eaf-a1e8-7c71a69b43d1 is blocked because its project match is unresolved,2f8684bf-708a-4eaf-a1e8-7c71a69b43d1,3393a717-a333-48a2-a785-ba2eebc00f68,"<p><span style=""font-weight:bold"">Laravel-based E-Commerce, wholesale and QC Platform</span></p><p> </p><p><span style=""font-weight:bold"">1.</span> <span style=""font-weight:bold"">UI/UX Design</span></p><p>Custom UI/UX for web (responsive). includes 2 refinement rounds</p><p> </p><p><span style=""font-weight:bold"">2.</span> <span style=""font-weight:bold"">Development</span></p><p>Full Laravel build with frontend and backend Includes all B2C, Wholesale, Admin &amp; QC functionalities</p><p>· Stripe &amp; bank transfer payment gateways</p><p>· Multi-language support</p><p>· Email notifications</p><p>· Features include product filtering, booking engine, inventory, QC modules, wholesale profiles, admin management, course booking engine, roasting profile PDFs, customer feedback on QC, blog/news module, and more.</p><p> </p><p><span style=""font-weight:bold"">3. Shipment Integration</span></p><p>Integration with DHL &amp; 1 Local courier. Includes scheduling logic and shipping APIs May be expedited with valid DHL credentials</p><p> </p><p><span style=""font-weight:bold"">4. Testing</span></p><p>Manual QA on all features, payment flows and responsive views. Final bug-fix and polish before launch.</p><p>-Included in development</p><p> </p><p><span style=""font-weight:bold"">5. Basic SEO Setup</span></p><p>Clean URLs, meta setup, on-page SEO essentials.</p><p> </p>",58950,1,58950,,122542a2-7662-45c5-91e5-d42084354010,2025-08-12T08:06:58Z,2025-08-12T08:06:58Z,01f011dc-8d52-4de4-9524-780ccef3313b
Parent invoice 5ae46c66-972a-4f87-99e0-aaf37fafc6b5 is not in the invoices CSV,5ae46c66-972a-4f87-99e0-aaf37fafc6b5,74bc6f85-06a7-480e-a30e-155b42f29627,"<p><span style=""font-weight:bold"">Editor X Premium &amp; Hosting</span></p>",2775,1,2775,,12490c1a-5ef8-469d-ac30-9e8f1b7e6a64,2023-01-23T11:42:39Z,2023-01-23T11:42:39Z,e168cbe8-c8cb-4ec3-b920-be764ec09acc
Parent invoice 1c15de4e-a4e2-418f-937b-b6bd37bbbcbc is not in the invoices CSV,1c15de4e-a4e2-418f-937b-b6bd37bbbcbc,3393a717-a333-48a2-a785-ba2eebc00f68,"<p class=""font_8""><strong>Laravel Hosting</strong></p>
<ul class=""font_8"">
  <li><p class=""font_8"">Deployment Hosting (Annual Fee)</p></li>
</ul>",1500,1,1500,,16d6e357-09a5-47ed-95d2-2bcbe7924fdc,2023-05-24T04:27:56Z,2023-06-05T11:13:20Z,e168cbe8-c8cb-4ec3-b920-be764ec09acc
Parent invoice 2bbae55d-07b8-4131-a738-6ca9813ce178 is blocked because its project match is unresolved,2bbae55d-07b8-4131-a738-6ca9813ce178,cb3328a7-5aff-4fe7-921f-b585c4163dc8,,1450,1,1450,,1963ce23-f895-445f-ab40-2ff7699096ac,2025-04-25T08:35:57Z,2025-04-25T08:35:57Z,01f011dc-8d52-4de4-9524-780ccef3313b
Parent invoice 62e7e98e-6f86-4ada-a464-7bf41e4e6950 is blocked because its project match is unresolved,62e7e98e-6f86-4ada-a464-7bf41e4e6950,9ce7b764-0240-4003-b858-3a24dc3e71f3,<p>Yandex - Media Spend</p>,15000,1,15000,,1c0cbb89-0f67-41d6-9297-6aeb38921108,2023-04-27T10:58:25Z,2023-04-27T11:06:23Z,e168cbe8-c8cb-4ec3-b920-be764ec09acc
Parent invoice c883fffc-90dd-4de7-bc64-dbb39294edd0 is not in the invoices CSV,c883fffc-90dd-4de7-bc64-dbb39294edd0,3393a717-a333-48a2-a785-ba2eebc00f68,<p>Advanced Hosting for Video Feeds</p><p>Editor X (Annual Fee)</p>,3000,1,3000,,1ff01b3b-aa45-4b26-b19f-91ec70d52ac3,2023-05-01T06:09:08Z,2023-05-01T07:55:05Z,e168cbe8-c8cb-4ec3-b920-be764ec09acc
Parent invoice c872c9c8-3873-4bb4-a61e-8c0629ef9f83 is blocked because its project match is unresolved,c872c9c8-3873-4bb4-a61e-8c0629ef9f83,5adee711-6197-4bbf-b057-460cfbc157db,<p>Create Brand Guidelines for Elite Vacations</p>,0,1,0,,200d3b06-2e05-4442-b676-291527706769,2025-05-16T07:20:33Z,2025-05-16T07:20:33Z,01f011dc-8d52-4de4-9524-780ccef3313b
Parent invoice 0f387d2d-4188-4f03-869f-48b490b40122 is not in the invoices CSV,0f387d2d-4188-4f03-869f-48b490b40122,3393a717-a333-48a2-a785-ba2eebc00f68,,3000,1,3000,,20d1a772-fc20-43e5-8fa0-083412eb8eff,2023-01-23T10:07:37Z,2023-01-23T10:07:37Z,e168cbe8-c8cb-4ec3-b920-be764ec09acc
Parent invoice c872c9c8-3873-4bb4-a61e-8c0629ef9f83 is blocked because its project match is unresolved,c872c9c8-3873-4bb4-a61e-8c0629ef9f83,cb3328a7-5aff-4fe7-921f-b585c4163dc8,,55,1,55,,260093d5-5326-4f49-b924-b0b014f6f538,2025-05-16T09:32:22Z,2025-05-16T09:32:22Z,01f011dc-8d52-4de4-9524-780ccef3313b
Parent invoice 2f8684bf-708a-4eaf-a1e8-7c71a69b43d1 is blocked because its project match is unresolved,2f8684bf-708a-4eaf-a1e8-7c71a69b43d1,cb3328a7-5aff-4fe7-921f-b585c4163dc8,,2947.5,1,2947.5,,27af5b6b-9dc5-4f23-9bd7-4acd5185e052,2025-08-12T08:07:14Z,2025-08-12T08:07:57Z,01f011dc-8d52-4de4-9524-780ccef3313b
Parent invoice f01c0a81-45df-4b38-9bbe-b5a3616edbbd is blocked because its project match is unresolved,f01c0a81-45df-4b38-9bbe-b5a3616edbbd,74bc6f85-06a7-480e-a30e-155b42f29627,<p>Website Hosting Annual</p>,2500,1,2500,,28bb17f2-92ec-478e-ae80-c4a5b8e57f50,2024-08-22T06:03:56Z,2024-08-22T06:03:56Z,01f011dc-8d52-4de4-9524-780ccef3313b
Parent invoice 10f115fa-6ae5-4e39-b80f-0f393a899bb1 is blocked because its project match is unresolved,10f115fa-6ae5-4e39-b80f-0f393a899bb1,64533648-470a-4167-b761-f81e1960ec5a,"<p><span style=""font-weight:bold"">Social Media &amp; Content Creation + Performance Ads</span></p><ul><li>Daily Stories</li><li>2-3 post a week</li><li>Boost Budget 500 AED (Directly debited from Client Card)</li><li>Performance Ads Management &amp; Monitoring</li><li>Community Management, Strategy, Reporting</li></ul><p> </p><p><span style=""font-weight:bold"">Platforms:</span></p><p>META Facebook, Instagram, Pinterest, &amp; LinkedIn</p>",4000,1,4000,,28bc5cc1-96c2-4909-895e-429ad91bdde5,2026-04-30T11:31:30Z,2026-04-30T11:31:30Z,01f011dc-8d52-4de4-9524-780ccef3313b
Parent invoice 2f8b2c03-3149-4ec2-a4e4-b1e64278b596 is blocked because its project match is unresolved,2f8b2c03-3149-4ec2-a4e4-b1e64278b596,9ce7b764-0240-4003-b858-3a24dc3e71f3,<p>FB Business Account Upgrade</p>,2000,1,2000,,2bc3823e-e43a-485f-ae22-fc60e26d8c1a,2023-07-03T05:06:06Z,2023-07-03T05:06:12Z,e168cbe8-c8cb-4ec3-b920-be764ec09acc
Parent invoice c883fffc-90dd-4de7-bc64-dbb39294edd0 is not in the invoices CSV,c883fffc-90dd-4de7-bc64-dbb39294edd0,3393a717-a333-48a2-a785-ba2eebc00f68,<p>Maintenance (20 Hrs)</p>,6400,1,6400,,2fd0c807-fa62-4e6b-9705-412647597dfd,2023-05-01T06:10:18Z,2023-05-01T06:10:18Z,e168cbe8-c8cb-4ec3-b920-be764ec09acc
Parent invoice 523194a3-154f-4a15-a5e3-a2eca6474ec8 is blocked because its project match is unresolved,523194a3-154f-4a15-a5e3-a2eca6474ec8,74bc6f85-06a7-480e-a30e-155b42f29627,<p>Annual Hosting</p>,2000,1,2000,,335ae894-33b4-4d1b-a4bf-aa081d103f56,2024-11-20T09:32:36Z,2024-11-20T09:32:36Z,01f011dc-8d52-4de4-9524-780ccef3313b
Parent invoice 62e7e98e-6f86-4ada-a464-7bf41e4e6950 is blocked because its project match is unresolved,62e7e98e-6f86-4ada-a464-7bf41e4e6950,9ce7b764-0240-4003-b858-3a24dc3e71f3,<p>Google - Media Spend</p><p> </p><p> </p><p> </p>,5000,1,5000,,39eb6fe3-b264-46f5-b7a4-64a78f175063,2023-04-27T10:30:22Z,2023-04-27T11:06:08Z,e168cbe8-c8cb-4ec3-b920-be764ec09acc
Parent invoice 073b9e97-d76c-4256-98f1-53bfd1db23f9 is blocked because its project match is unresolved,073b9e97-d76c-4256-98f1-53bfd1db23f9,74bc6f85-06a7-480e-a30e-155b42f29627,"<p><span style=""font-weight:bold"">1. Website Technical Maintenance &amp; SEO: (Commercial)</span></p><ul><li><span style=""font-weight:bold"">Website Platform Updates:</span>Regularly update the Content Management System (CMS), plugins, themes, and other software components to the latest stable versions. Testing and deployment of updates in a staging environment before pushing to the live site. Backup the website database and files before updates.</li><li><span style=""font-weight:bold"">Security Monitoring and Management:</span>Implement and maintain security measures, including firewalls, malware scanning, and intrusion detection. Regularly monitor website security logs and address any potential vulnerabilities. Install and manage SSL certificates.</li><li><span style=""font-weight:bold"">Performance Optimization:</span>Monitor website loading speed and performance metrics. Optimize website code, images, and other assets for faster loading times. Implement caching mechanisms and content delivery networks (CDNs) as needed. Monitor Website uptime.</li><li><span style=""font-weight:bold"">Database Management:</span>Regularly backup the website database. Optimize database performance. Address database related issues.</li><li><span style=""font-weight:bold"">Broken Link Management:</span>Perform routine checks for broken links and correct them.</li></ul><p><span style=""font-weight:bold"">2. Content Maintenance:</span></p><ul><li><span style=""font-weight:bold"">Content Updates and Revisions:</span>Update existing website content as needed, including text, images, videos, and other media. Ensure content accuracy and consistency. Implement SEO best practices for content updates.</li><li><span style=""font-weight:bold"">New Content Creation and Publication:</span>Create and publish new website content, such as blog posts, articles, and product descriptions. Format and optimize content for web display. Manage content scheduling and publishing calendars.</li><li><span style=""font-weight:bold"">Image and Media Management:</span>Optimize and upload images and videos for web use. Manage image and media libraries. Ensure all images and videos are properly tagged with alt text.</li><li><span style=""font-weight:bold"">SEO Monitoring and Optimization:</span>Monitor website search engine rankings and traffic. Implement on-page and off-page SEO strategies. Perform keyword research and analysis.</li><li><span style=""font-weight:bold"">User Feedback and Support:</span>Monitor website user feedback and address any issues or concerns. Provide basic website support to users.</li></ul><p><span style=""font-weight:bold"">3. Reporting and Communication:</span></p><ul><li>Provide regular reports on website performance, security, and content updates.</li><li>Communicate with stakeholders regarding website maintenance activities and issues.</li><li>Maintain clear and organized documentation.</li></ul><p><span style=""font-weight:bold"">Deliverables:</span></p><ul><li>Regular website maintenance reports.</li><li>Updated website content.</li><li>Optimized website performance.</li><li>Secure and functional website.</li></ul>",3500,6,21000,,3a4b3d5a-da2a-493f-af09-779f6318e34c,2025-03-21T14:42:31Z,2025-03-21T14:42:31Z,01f011dc-8d52-4de4-9524-780ccef3313b
Parent invoice f01c0a81-45df-4b38-9bbe-b5a3616edbbd is blocked because its project match is unresolved,f01c0a81-45df-4b38-9bbe-b5a3616edbbd,5adee711-6197-4bbf-b057-460cfbc157db,"<h3>1. Branding Origination</h3><ul><li>Develop a comprehensive brand identity that accurately reflects the client&#x27;s vision and values.</li><li>Create a distinctive and memorable logo that effectively communicates the brand&#x27;s essence.</li><li>Develop brand guidelines to ensure consistent brand application across all marketing materials.</li><li>Establish a strong brand foundation for future marketing and communication efforts.</li></ul><h3>2. Project Deliverables</h3><p>Brand Exercise</p><ul><li>Conduct in-depth market research and competitive analysis.</li><li>Define target audience and customer personas.</li><li>Develop brand positioning and messaging.</li><li>Create brand story and value proposition.</li><li>Define brand attributes, personality, and tone of voice.</li></ul><p>Brand Identity Development</p><ul><li>Develop brand name and tagline (if applicable).</li><li>Create a comprehensive brand identity guidebook.</li><li>Design a distinctive and memorable logo.</li><li>Develop a comprehensive color palette and typography system.</li><li>Create visual brand assets (icons, patterns, imagery).</li></ul><p>Brand Guidelines</p><ul><li>Develop comprehensive brand guidelines for internal and external use.</li><li>Establish brand standards for logo usage, color application, typography, and imagery.</li><li>Provide clear instructions for brand application across various platforms.</li></ul><p>Presentations and Deliverables</p><ul><li>Present brand strategy and research findings to the client.</li><li>Present logo concepts and brand identity options.</li><li>Deliver final brand identity package, including logo files, brand guidelines, and visual assets.</li></ul>",8000,1,8000,,3a8444cd-4fd8-4bc3-aa1c-e2083de5945d,2024-08-22T06:03:56Z,2024-08-22T06:03:56Z,01f011dc-8d52-4de4-9524-780ccef3313b
Parent invoice 2bbae55d-07b8-4131-a738-6ca9813ce178 is blocked because its project match is unresolved,2bbae55d-07b8-4131-a738-6ca9813ce178,9ce7b764-0240-4003-b858-3a24dc3e71f3,"<p><span style=""font-weight:bold"">Programmatic Ad Spend</span></p>",15000,1,15000,,3bcedbbd-a36a-4f7b-8408-4e384274dcf3,2025-04-25T08:35:16Z,2025-04-25T08:35:16Z,01f011dc-8d52-4de4-9524-780ccef3313b
Parent invoice a29dd623-d78b-4228-a9ce-1ad5a3c07e2f is blocked because its project match is unresolved,a29dd623-d78b-4228-a9ce-1ad5a3c07e2f,cb3328a7-5aff-4fe7-921f-b585c4163dc8,,275,1,275,,3d14f01c-d2aa-42e2-a4c4-deb018fb57f3,2026-02-03T10:03:36Z,2026-02-03T10:03:36Z,01f011dc-8d52-4de4-9524-780ccef3313b
Parent invoice 0c390535-3996-44be-94e4-c03b882cbdfc is blocked because its project match is unresolved,0c390535-3996-44be-94e4-c03b882cbdfc,d406eff1-25c2-46d8-abc7-4cd0f77fb9a3,<p>Passport API</p>,34000,1,34000,,3d51187a-9d5e-4bf4-a671-12e71b2b487c,2023-03-07T14:25:35Z,2023-03-07T14:27:12Z,e168cbe8-c8cb-4ec3-b920-be764ec09acc
Parent invoice bf036b9a-7b34-4da6-9ecd-27e1aa53a559 is not in the invoices CSV,bf036b9a-7b34-4da6-9ecd-27e1aa53a559,3393a717-a333-48a2-a785-ba2eebc00f68,<p>Arabic Site Project</p>,1950,1,1950,,43093c08-510e-4603-8a6c-831097150254,2023-02-05T13:47:02Z,2023-02-05T13:49:08Z,e168cbe8-c8cb-4ec3-b920-be764ec09acc
Parent invoice 0a72716b-e0e9-4b17-aa72-e982fe799dbc is not in the invoices CSV,0a72716b-e0e9-4b17-aa72-e982fe799dbc,3393a717-a333-48a2-a785-ba2eebc00f68,<p>Digital &amp; Social Media Marketing</p><p>Account 1: Aspire Security</p><p>Account 2: Alliance Security</p><p>Account 3: REVO</p>,18000,1,18000,,441ba49a-5cd6-4c64-8526-58751f8de68d,2023-02-13T07:49:00Z,2023-02-13T07:56:52Z,e168cbe8-c8cb-4ec3-b920-be764ec09acc
Parent invoice 27974d7e-40cf-48a5-b3a6-09677b1eb984 is blocked because its project match is unresolved,27974d7e-40cf-48a5-b3a6-09677b1eb984,0936c80e-f162-4d57-9a08-47b2a24b60d0,"<p><span style=""font-weight:bold"">Google Campaign EN/IT (30 Days Campaign)</span></p><p>Set up &amp; Execution</p><p>4 Landing Pages</p><p>4 Properties</p><p>4 Property Domains</p>",12650,1,12650,,47deaa3b-7d5b-4950-9099-739a55448a27,2023-05-15T13:51:49Z,2023-05-17T07:49:25Z,e168cbe8-c8cb-4ec3-b920-be764ec09acc
Parent invoice 523194a3-154f-4a15-a5e3-a2eca6474ec8 is blocked because its project match is unresolved,523194a3-154f-4a15-a5e3-a2eca6474ec8,cb3328a7-5aff-4fe7-921f-b585c4163dc8,,600,1,600,,492fbf9b-ca69-4cfa-95dd-2c5ab6b507a8,2024-11-20T09:37:28Z,2024-11-20T09:37:28Z,01f011dc-8d52-4de4-9524-780ccef3313b
Parent invoice eeb9e90f-9efa-403e-9c6a-32c8bf6b280d is blocked because its project match is unresolved,eeb9e90f-9efa-403e-9c6a-32c8bf6b280d,cb3328a7-5aff-4fe7-921f-b585c4163dc8,,400,1,400,,4d29f1df-c564-4784-b092-d7f75f5378be,2026-04-24T11:22:56Z,2026-04-24T11:22:56Z,01f011dc-8d52-4de4-9524-780ccef3313b
Parent invoice 74645202-84ef-432c-ba47-c68978547851 is blocked because its project match is unresolved,74645202-84ef-432c-ba47-c68978547851,cb3328a7-5aff-4fe7-921f-b585c4163dc8,,50,1,50,,5049cdbe-fc78-46db-ade5-6a922d0f0080,2025-11-05T11:05:43Z,2025-11-05T11:05:43Z,01f011dc-8d52-4de4-9524-780ccef3313b
Parent invoice f01c0a81-45df-4b38-9bbe-b5a3616edbbd is blocked because its project match is unresolved,f01c0a81-45df-4b38-9bbe-b5a3616edbbd,3393a717-a333-48a2-a785-ba2eebc00f68,"<h3>Project Objectives</h3><ul><li>Develop a professional and user-friendly corporate website that accurately reflects the client&#x27;s brand identity and values.</li><li>Create a website that effectively communicates the company&#x27;s products, services, and mission.</li><li>Optimize the website for search engines to improve visibility and organic traffic.</li><li>Ensure the website is responsive and accessible across different devices.</li></ul><p> </p><p>Website Design and Development</p><ul><li>Conduct website audit (if applicable) to assess current website performance.</li><li>Develop website information architecture and sitemap.</li><li>Design website layout and user interface (UI).</li><li>Develop website content management system (CMS) (if applicable).</li><li>Develop custom website features and functionalities as required.</li><li>Integrate website with existing systems (CRM, email marketing, etc.) (if applicable).</li><li>Implement responsive design for optimal viewing on different devices.</li></ul><p>Content Creation and Management</p><ul><li>Develop website content (copy, images, videos) based on provided materials or create new content.</li><li>Optimize website content for search engines (SEO).</li><li>Manage and update website content as needed.</li></ul><p>Website Testing and Launch</p><ul><li>Conduct thorough website testing (browser compatibility, mobile responsiveness, performance).</li><li>Implement website analytics and tracking tools.</li><li>Launch website and provide necessary training to client.</li></ul>",10000,1,10000,,568a57e1-9765-4db5-876d-c7ee585430c8,2024-08-22T06:03:56Z,2024-08-22T06:03:56Z,01f011dc-8d52-4de4-9524-780ccef3313b
Parent invoice 8abdd507-3ecf-46df-bb46-ab972fa0b993 is blocked because its project match is unresolved,8abdd507-3ecf-46df-bb46-ab972fa0b993,3393a717-a333-48a2-a785-ba2eebc00f68,<p>Overtime Charges for IIRN</p>,3200,1,3200,,583f9870-3d86-4c86-b14e-4b91d5247b75,2024-03-06T07:29:41Z,2024-03-06T07:29:41Z,01f011dc-8d52-4de4-9524-780ccef3313b
Parent invoice c872c9c8-3873-4bb4-a61e-8c0629ef9f83 is blocked because its project match is unresolved,c872c9c8-3873-4bb4-a61e-8c0629ef9f83,5adee711-6197-4bbf-b057-460cfbc157db,<p>10 Page Document - Elite Vacation Homes</p>,50,10,500,,5d346bfe-d3e3-4343-89b7-79872ddc1ac1,2025-05-16T07:20:33Z,2025-05-16T07:20:33Z,01f011dc-8d52-4de4-9524-780ccef3313b
Parent invoice 10f115fa-6ae5-4e39-b80f-0f393a899bb1 is blocked because its project match is unresolved,10f115fa-6ae5-4e39-b80f-0f393a899bb1,cb3328a7-5aff-4fe7-921f-b585c4163dc8,,400,1,400,,70d3607c-3784-4c2a-9ef5-300fbabe8d53,2026-04-30T11:31:53Z,2026-04-30T11:31:53Z,01f011dc-8d52-4de4-9524-780ccef3313b
Parent invoice 0aaaee04-ec4b-4eb9-ae3f-27ebcc361ea0 is blocked because its project match is unresolved,0aaaee04-ec4b-4eb9-ae3f-27ebcc361ea0,9ce7b764-0240-4003-b858-3a24dc3e71f3,"<p><span style=""font-weight:bold"">Search Engine Optimisation (Growth Monthly Package) - APRIL</span></p><ul><li><span style=""font-weight:bold"">Ideal For:</span> Growing organic traffic steadily</li><li><span style=""font-weight:bold"">Keyword Strategy:</span> Expanded keyword refinement to improve search targeting</li><li><span style=""font-weight:bold"">On-Page SEO:</span> Optimisation of priority pages to enhance visibility and performance</li><li><span style=""font-weight:bold"">Technical SEO:</span> Ongoing technical improvements to support site health and ranking</li><li><span style=""font-weight:bold"">Content Support:</span> Recommendations for content optimisation</li><li><span style=""font-weight:bold"">Internal Linking:</span> Implementation of improved internal linking structure</li><li><span style=""font-weight:bold"">Monitoring &amp; Reporting:</span> Monthly SEO performance reporting</li><li><span style=""font-weight:bold"">Timeline:</span> 3–6 months</li><li><span style=""font-weight:bold"">Expected Impact:</span> Gradual growth in traffic and search rankings</li><li><span style=""font-weight:bold"">Website Content:</span> Basic website content updates and changes</li></ul><p><span style=""font-weight:bold"">Reporting &amp; Communication </span></p><p>Monthly SEO performance reports   </p><p>Keyword and traffic trend analysis   </p><p>Insights &amp; recommendations for the following month     </p><p> </p><p><span style=""font-weight:bold"">Notes &amp; Expectations  </span> </p><p>SEO is a long-term strategy; results vary based on competition and market conditions   </p><p>Rankings and traffic improvements cannot be guaranteed</p>",7000,1,7000,,70d78e53-c214-42ba-b5ed-6798af21c9d9,2026-03-24T11:50:29Z,2026-04-30T11:40:52Z,01f011dc-8d52-4de4-9524-780ccef3313b
Parent invoice 4ca5158d-6b52-41fd-8d0f-470130d0d200 is blocked because its project match is unresolved,4ca5158d-6b52-41fd-8d0f-470130d0d200,64533648-470a-4167-b761-f81e1960ec5a,"<h2>Workscope: Social Media Management for LMN Clothing Brand (Monthly) - 3 Months</h2><h2> </h2><h3>Project Scope</h3><p>This project outlines the scope of work for managing LMN Clothing Brand&#x27;s social media presence across Facebook, Instagram, Snapchat, and TikTok. The goal is to increase brand awareness, engagement, and drive sales through strategic content creation and community management.</p><h3>Key Deliverables</h3><h3> </h3><h3>Target: 2000 Followers (3 Months)</h3><h3> </h3><p><span style=""font-weight:bold"">Content Creation:</span></p><ul><li><span style=""font-weight:bold"">Reels:</span> 4 engaging Reels per month, each tailored to the specific platform&#x27;s audience and algorithm.</li><li><span style=""font-weight:bold"">Story Posts:</span> 3 captivating Story posts per week, showcasing behind-the-scenes, product highlights, and brand updates.</li><li><span style=""font-weight:bold"">Feed Posts:</span> 20 high-quality feed posts per month, including product showcases, lifestyle images, and promotional content.</li></ul><p><span style=""font-weight:bold"">Community Management:</span></p><ul><li><span style=""font-weight:bold"">Engagement:</span> Actively engage with the audience by responding to comments, messages, and mentions in a timely and professional manner.</li><li><span style=""font-weight:bold"">Crisis Management:</span> Monitor social media channels for potential crises and respond promptly and effectively.</li><li><span style=""font-weight:bold"">Influencer Partnerships:</span> Identify and collaborate with relevant influencers to expand brand reach and credibility.</li></ul><p><span style=""font-weight:bold"">Analytics and Reporting:</span></p><ul><li><span style=""font-weight:bold"">Track Performance:</span> Monitor key metrics such as impressions, reach, engagement rate, and click-through rates.</li><li><span style=""font-weight:bold"">Generate Reports:</span> Provide monthly reports detailing social media performance, including insights and recommendations.</li></ul><h3>Monthly Tasks</h3><ol><li><span style=""font-weight:bold"">Content Calendar:</span>Create a detailed content calendar outlining all scheduled posts, including visuals, captions, and posting times.</li><li><span style=""font-weight:bold"">Content Creation:</span>Develop engaging content, including text, visuals, and videos, aligned with the brand&#x27;s voice and aesthetic. Source or create high-quality visuals, such as product images, lifestyle shots, and graphics.</li><li><span style=""font-weight:bold"">Platform Management:</span>Schedule and publish posts across all platforms. Monitor and respond to comments, messages, and notifications. Engage with the community through likes, shares, and meaningful comments.</li><li><span style=""font-weight:bold"">Analytics and Reporting:</span>Track key metrics and generate monthly reports. Analyze data to identify trends, opportunities, and areas for improvement.</li></ol><p><span style=""font-weight:bold"">Disclaimer:</span></p><p>Our design and account management teams are available to assist you from Monday to Friday. However, to accommodate special events or promotions, we may be available on weekends, provided we receive at least one week&#x27;s advance notice.</p><p>Please note that response times may vary during weekends and holidays.</p>",10000,3,30000,,78a658a8-e67e-4358-bea7-ca41b4c6d671,2024-11-28T09:30:03Z,2024-11-28T09:30:03Z,01f011dc-8d52-4de4-9524-780ccef3313b
Parent invoice 523194a3-154f-4a15-a5e3-a2eca6474ec8 is blocked because its project match is unresolved,523194a3-154f-4a15-a5e3-a2eca6474ec8,3393a717-a333-48a2-a785-ba2eebc00f68,"<p><span style=""font-weight:bold"">1. Project Overview</span></p><ul><li><span style=""font-weight:bold"">Project Goal:</span> To develop a dynamic and user-friendly art gallery website using the Laravel framework to showcase and sell artwork online.</li><li><span style=""font-weight:bold"">Target Audience:</span> Art enthusiasts, collectors, and artists.</li><li><span style=""font-weight:bold"">Key Features:</span>Homepage with featured artworks and latest exhibitions<br/>Artwork listings with detailed information, high-resolution images, and pricing<br/>Artist profiles showcasing their work and biography<br/>Secure online shopping cart for purchasing artworks<br/>Blog section for sharing art news and insights<br/>Contact form for inquiries and feedback<br/>Admin panel for managing content, orders, and users<br/></li></ul><p><span style=""font-weight:bold"">2. Technical Requirements</span></p><ul><li><span style=""font-weight:bold"">Framework:</span> Laravel</li><li><span style=""font-weight:bold"">Database:</span> MySQL or PostgreSQL</li><li><span style=""font-weight:bold"">Frontend:</span> HTML, CSS, JavaScript</li><li><span style=""font-weight:bold"">Design:</span> Modern, minimalist design with a focus on showcasing artwork</li><li><span style=""font-weight:bold"">Hosting:</span> Shared hosting or VPS</li></ul><p><span style=""font-weight:bold"">3. Development Scope</span></p><p><span style=""font-weight:bold"">3.1 Frontend Development</span></p><ul><li><span style=""font-weight:bold"">Homepage:</span>Hero section with a captivating image and tagline<br/>Featured artworks carousel<br/>Latest exhibitions section<br/>Call to action for exploring the gallery<br/></li><li><span style=""font-weight:bold"">Artwork Listings:</span>Filter and search functionality (artist, medium, price range)<br/><br/>Detailed artwork pages with:High-resolution images<br/>Artist information<br/>Artwork description<br/>Price and availability<br/>Purchase button<br/></li><li><span style=""font-weight:bold"">Artist Profiles:</span>Biography and statement<br/>Featured artworks<br/>Contact information<br/></li><li><span style=""font-weight:bold"">Blog:</span>Blog post listings<br/>Individual blog post pages with comments and social sharing<br/></li><li><span style=""font-weight:bold"">Contact Page:</span>Contact form with name, email, message fields<br/>Google Map integration for physical gallery location<br/></li></ul><p><span style=""font-weight:bold"">3.2 Backend Development</span></p><ul><li><span style=""font-weight:bold"">User Authentication and Authorization:</span>User registration and login<br/>Role-based access control (admin, user)<br/></li><li><span style=""font-weight:bold"">Admin Panel:</span>Dashboard with key metrics<br/>Artwork management (add, edit, delete)<br/>Artist management (add, edit, delete)<br/>Order management<br/>Blog post management<br/>User management<br/></li><li><span style=""font-weight:bold"">E-commerce Functionality:</span>Shopping cart<br/>Checkout process (payment integration)<br/>Order confirmation and tracking<br/></li><li><span style=""font-weight:bold"">Database Design:</span>User table<br/>Artwork table<br/>Artist table<br/>Order table<br/>Blog post table<br/></li></ul><p> </p><p><span style=""font-weight:bold"">4. Project Deliverables</span></p><ul><li>Fully functional Laravel-based art gallery website</li><li>Clean, well-structured code</li><li>Comprehensive documentation</li><li>Deployment to a production server</li></ul>",8000,1,8000,,7ab49f43-08fa-4f02-b20b-e8944d5b3a5d,2024-11-20T09:32:36Z,2024-11-20T09:32:36Z,01f011dc-8d52-4de4-9524-780ccef3313b
Parent invoice 27974d7e-40cf-48a5-b3a6-09677b1eb984 is blocked because its project match is unresolved,27974d7e-40cf-48a5-b3a6-09677b1eb984,0936c80e-f162-4d57-9a08-47b2a24b60d0,"<p><span style=""font-weight:bold"">Emirates   Campaign</span></p><p>Media Spend</p><p>Set up &amp;   execution</p>",6250,1,6250,,815edaaa-9860-4a55-a582-eb09c97f8ac6,2023-05-17T06:11:23Z,2023-05-17T07:50:51Z,e168cbe8-c8cb-4ec3-b920-be764ec09acc
Parent invoice 1c15de4e-a4e2-418f-937b-b6bd37bbbcbc is not in the invoices CSV,1c15de4e-a4e2-418f-937b-b6bd37bbbcbc,3393a717-a333-48a2-a785-ba2eebc00f68,"<p class=""font_8""><strong>Advanced Hosting for Video Feeds</strong></p>
<ul class=""font_8"">
  <li><p class=""font_8"">Laravel Media Server (Annual Fee)</p></li>
</ul>",3500,1,3500,,83d258e0-b850-4c53-a2fd-eec47fa9d444,2023-05-24T04:28:59Z,2023-06-05T11:13:13Z,e168cbe8-c8cb-4ec3-b920-be764ec09acc
Parent invoice c872c9c8-3873-4bb4-a61e-8c0629ef9f83 is blocked because its project match is unresolved,c872c9c8-3873-4bb4-a61e-8c0629ef9f83,5adee711-6197-4bbf-b057-460cfbc157db,<p>11 Page Document - Management Packages (Elite Vacations)</p>,50,11,550,,8bdd0222-edf7-44dc-b1d8-9098dc136f8b,2025-05-16T07:20:33Z,2025-05-16T07:20:33Z,01f011dc-8d52-4de4-9524-780ccef3313b
Parent invoice 4ca5158d-6b52-41fd-8d0f-470130d0d200 is blocked because its project match is unresolved,4ca5158d-6b52-41fd-8d0f-470130d0d200,3393a717-a333-48a2-a785-ba2eebc00f68,"<h3>LMN E-Commerce Website</h3><h3> </h3><h3>Phase 1: Project Setup and Backend Development</h3><ol><li><span style=""font-weight:bold"">Project Setup:</span>Set up a new Laravel project. Configure the project environment (database, authentication, etc.). Install required dependencies (Laravel packages, Ziina payment gateway SDK).</li><li><span style=""font-weight:bold"">Backend Development:</span> <span style=""font-weight:bold"">Product Management:</span>Create a robust product management system to manage product information (name, description, price, images, categories, attributes, etc.). Implement features for adding, editing, and deleting products. Integrate product images and variants (e.g., size, color).  <span style=""font-weight:bold"">Category and Attribute Management:</span>Create a hierarchical category system to organize products. Implement attribute management to define product variations (e.g., size, color, material).  <span style=""font-weight:bold"">User Management:</span>Implement user registration, login, and profile management. Implement roles and permissions for different user types (admin, customer).  <span style=""font-weight:bold"">Order Management:</span>Develop a comprehensive order management system to track orders from placement to delivery. Implement features for order confirmation, payment processing, shipping, and tracking. Integrate with the Ziina payment gateway for secure payment processing.  <span style=""font-weight:bold"">Inventory Management:</span>Implement inventory tracking to monitor stock levels and manage low-stock alerts.  <span style=""font-weight:bold"">CRM Integration:</span>Develop a CRM system inspired by Shopify&#x27;s backend, providing features like customer management, order history, and analytics.</li></ol><h3>Phase 2: Frontend Development</h3><ol><li><span style=""font-weight:bold"">Frontend Design and Development:</span>Design and develop a user-friendly and visually appealing frontend using modern web technologies (HTML, CSS, JavaScript). Implement a responsive design to ensure optimal user experience across different devices. Develop a seamless checkout process, including guest checkout and account creation. Implement a robust search and filtering system to help users find products easily. Create a visually appealing product page, showcasing product details, images, and customer reviews. Design and implement a user-friendly cart and checkout process.</li></ol><h3>Phase 3: Testing and Deployment</h3><ol><li><span style=""font-weight:bold"">Testing:</span>Conduct thorough unit, integration, and functional testing to identify and fix bugs. Perform security testing to ensure the application is protected against vulnerabilities. Conduct performance testing to optimize the website&#x27;s speed and responsiveness.</li><li><span style=""font-weight:bold"">Deployment:</span>Deploy the website to a production server, ensuring optimal performance and security. Configure the server environment (web server, database server, etc.). Implement a deployment strategy to streamline the deployment process.</li></ol>",15000,1,15000,,8e60d4ed-93b3-4e23-9fd8-c8372e2dbfe2,2024-11-28T09:30:03Z,2024-11-28T09:30:03Z,01f011dc-8d52-4de4-9524-780ccef3313b
Parent invoice 1c15de4e-a4e2-418f-937b-b6bd37bbbcbc is not in the invoices CSV,1c15de4e-a4e2-418f-937b-b6bd37bbbcbc,3393a717-a333-48a2-a785-ba2eebc00f68,"<p><span style=""font-weight:bold"">Design &amp; Development</span>  </p><ul><li>UI / UX and Implementation (2-3 design options) </li><li>Responsive Breakpoints </li><li>Portfolio Website Pages </li><li>Custom Contact Forms </li><li>Advanced Media Gallery </li><li>Content Manager Database </li><li>Creation Database </li><li>Connection Minified Code </li><li>Revisions </li><li>Laravel Staging Server (Up to 3 revisions only)</li></ul>",14000,1,14000,,900313a7-8821-41bf-932a-f9ca786516a0,2023-05-24T04:26:56Z,2023-05-24T04:26:56Z,e168cbe8-c8cb-4ec3-b920-be764ec09acc
Parent invoice e9eba498-c1a3-48bb-9389-8cdecf5a379e is not in the invoices CSV,e9eba498-c1a3-48bb-9389-8cdecf5a379e,3393a717-a333-48a2-a785-ba2eebc00f68,"<p><span style=""font-weight:bold"">Design</span></p><p>UI / UX Implementation Editor X</p><p>UI Design</p><p>UX Design</p><p>Image Sourcing</p><p>Arabic Website UI / UX</p><p> </p><p> </p>",11100,1,11100,,9208e6d6-2636-4020-961a-b8b0024e6dea,2023-01-23T10:24:52Z,2023-01-23T11:28:22Z,e168cbe8-c8cb-4ec3-b920-be764ec09acc
Parent invoice 4ca5158d-6b52-41fd-8d0f-470130d0d200 is blocked because its project match is unresolved,4ca5158d-6b52-41fd-8d0f-470130d0d200,74bc6f85-06a7-480e-a30e-155b42f29627,<p>Website Hosting - Annual</p>,2000,1,2000,,94662df0-53f4-4972-92eb-d3b2da9866ee,2024-11-28T09:30:03Z,2024-11-28T09:30:03Z,01f011dc-8d52-4de4-9524-780ccef3313b
Parent invoice 60fa59e1-43fa-4ee9-8a64-f60438b430b6 is blocked because its project match is unresolved,60fa59e1-43fa-4ee9-8a64-f60438b430b6,cb3328a7-5aff-4fe7-921f-b585c4163dc8,<p>5% VAT</p>,15700,1,15700,,a19b315d-3b02-4276-ab8a-597a1fcd1bef,2024-04-04T05:47:57Z,2024-04-04T05:47:57Z,01f011dc-8d52-4de4-9524-780ccef3313b
Parent invoice db481c68-b3cd-4bd5-ac93-b448c79df504 is not in the invoices CSV,db481c68-b3cd-4bd5-ac93-b448c79df504,74bc6f85-06a7-480e-a30e-155b42f29627,"<p><span style=""font-weight:bold"">Website Maintenance</span></p><p>Bug Fixing &amp; Testing</p><p>Website Updates</p><p>Database &amp; Files Backup</p><p>Basic SEO Settings &amp; Updates</p>",4440,1,4440,,a24546db-82a7-47e8-baa9-3cc6561ca2cd,2023-01-23T11:38:07Z,2023-01-23T11:38:07Z,e168cbe8-c8cb-4ec3-b920-be764ec09acc
Parent invoice 4ca5158d-6b52-41fd-8d0f-470130d0d200 is blocked because its project match is unresolved,4ca5158d-6b52-41fd-8d0f-470130d0d200,9ce7b764-0240-4003-b858-3a24dc3e71f3,"<p><span style=""font-weight:bold"">Workscope: Basic SEO Monthly Package for LMN</span></p><p><span style=""font-weight:bold"">Key Objective:</span></p><ul><li>To improve the organic visibility of the client&#x27;s online clothing store on search engines, primarily Google, and drive targeted traffic to the website.</li><li>At least 30 Backlinks / Month</li><li>2 Blogs / Month</li></ul><p><span style=""font-weight:bold"">Monthly Deliverables:</span></p><ol><li><span style=""font-weight:bold"">Keyword Research and Optimization:</span>Conduct in-depth keyword research to identify high-traffic, relevant keywords for the client&#x27;s target audience and products.<br/><br/>Optimize on-page SEO elements, including:Title tags<br/>Meta descriptions<br/>Header tags (H1, H2, etc.)<br/>Image alt text<br/>URL structure<br/>Ensure content is keyword-rich and user-friendly.<br/></li><li><span style=""font-weight:bold"">Content Creation and Optimization:</span>Create high-quality, SEO-optimized blog posts on relevant topics like fashion trends, style tips, and product reviews.<br/>Optimize existing product descriptions and category pages for better search engine visibility.<br/></li><li><span style=""font-weight:bold"">Link Building:</span>I mplement a strategic link-building campaign to acquire high-quality backlinks from authoritative websites in the fashion and ecommerce industry.<br/>Utilize techniques like guest posting, outreach, and broken link building.<br/></li><li><span style=""font-weight:bold"">Technical SEO Audit and Optimization:</span>Conduct regular technical SEO audits to identify and fix issues that may be hindering website performance.<br/>Optimize website speed and mobile-friendliness.<br/>Ensure proper XML sitemap and robots.txt implementation.<br/>Fix broken links and 404 errors.<br/></li><li><span style=""font-weight:bold"">Google Analytics and Search Console Monitoring:</span>Track website traffic, user behavior, and keyword rankings using Google Analytics.<br/>Monitor search engine performance and identify opportunities for improvement using Google Search Console.<br/>Generate monthly reports to provide insights and recommendations.<br/></li><li><span style=""font-weight:bold"">Competitor Analysis:</span>Conduct regular competitor analysis to identify strengths, weaknesses, and opportunities.<br/>Learn from successful SEO strategies of competitors and adapt them to the client&#x27;s business.<br/></li></ol>",5000,1,5000,,a5eff401-b726-49f1-8b6a-47d252159107,2024-11-28T09:30:03Z,2024-11-28T09:30:03Z,01f011dc-8d52-4de4-9524-780ccef3313b
Parent invoice 0c390535-3996-44be-94e4-c03b882cbdfc is blocked because its project match is unresolved,0c390535-3996-44be-94e4-c03b882cbdfc,d406eff1-25c2-46d8-abc7-4cd0f77fb9a3,<p>Passport Renewal + Processing System</p>,25500,1,25500,,ae11fd6c-9c6e-4189-a796-9f4d6f2182b4,2023-03-07T14:24:50Z,2023-03-07T14:24:50Z,e168cbe8-c8cb-4ec3-b920-be764ec09acc
Parent invoice 523194a3-154f-4a15-a5e3-a2eca6474ec8 is blocked because its project match is unresolved,523194a3-154f-4a15-a5e3-a2eca6474ec8,3393a717-a333-48a2-a785-ba2eebc00f68,"<p><span style=""font-weight:bold"">1. Project Overview</span></p><ul><li><span style=""font-weight:bold"">Project Goal:</span> To develop a user-friendly CRM system to manage customer relationships and sales processes.</li><li><span style=""font-weight:bold"">Target Audience:</span> Sales and customer support teams.</li><li><span style=""font-weight:bold"">Key Features:</span>Contact Management<br/>Lead Management<br/>Deal Pipeline<br/>Task Management<br/>Basic Reporting<br/></li></ul><p><span style=""font-weight:bold"">2. Technical Requirements</span></p><ul><li><span style=""font-weight:bold"">Framework:</span> Laravel</li><li><span style=""font-weight:bold"">Database:</span> MySQL or PostgreSQL</li><li><span style=""font-weight:bold"">Frontend:</span> HTML, CSS, JavaScript</li><li><span style=""font-weight:bold"">Design:</span> Clean, intuitive user interface</li><li><span style=""font-weight:bold"">Hosting:</span> Shared hosting or VPS</li></ul><p><span style=""font-weight:bold"">3. Development Scope</span></p><p><span style=""font-weight:bold"">3.1 Frontend Development</span></p><ul><li><span style=""font-weight:bold"">Dashboard:</span>Overview of key metrics (e.g., number of leads, deals won)<br/>Customizable widgets for quick access to important information<br/></li><li><span style=""font-weight:bold"">Contact Management:</span>Add, edit, and delete contacts<br/>View contact details (name, phone number, email, address)<br/>Add notes and tasks to contacts<br/></li><li><span style=""font-weight:bold"">Lead Management:</span>Create and manage leads<br/>Assign leads to sales representatives<br/>Track lead status (e.g., qualified, unqualified, converted)<br/></li><li><span style=""font-weight:bold"">Deal Pipeline:</span>Visualize the sales pipeline with drag-and-drop functionality<br/>Track deal progress through different stages (e.g., prospecting, qualification, negotiation, closed won, closed lost)<br/></li><li><span style=""font-weight:bold"">Task Management:</span>Create, assign, and prioritize tasks<br/>Set deadlines and reminders<br/>Track task progress and completion status<br/></li><li><span style=""font-weight:bold"">Basic Reporting:</span>Generate reports on sales performance, lead conversion rates, and other key metrics<br/></li></ul><p><span style=""font-weight:bold"">3.2 Backend Development</span></p><ul><li><span style=""font-weight:bold"">User Authentication and Authorization:</span>User registration and login<br/>Role-based access control (admin, sales rep, customer support)<br/></li><li><span style=""font-weight:bold"">Database Design:</span>User table<br/>Contact table<br/>Lead table<br/>Deal table<br/>Task table<br/></li><li><span style=""font-weight:bold"">API Development:</span>RESTful API for data exchange between frontend and backend<br/></li></ul><p> </p><p><span style=""font-weight:bold"">4. Project Deliverables</span></p><ul><li>Fully functional CRM system</li><li>Clean, well-structured code</li><li>Comprehensive documentation</li><li>Deployment to a production server</li></ul>",2000,1,2000,,aeddbea8-cc0e-4c15-b5dd-900dffae273e,2024-11-20T09:32:36Z,2024-11-20T09:32:36Z,01f011dc-8d52-4de4-9524-780ccef3313b
Parent invoice 073b9e97-d76c-4256-98f1-53bfd1db23f9 is blocked because its project match is unresolved,073b9e97-d76c-4256-98f1-53bfd1db23f9,74bc6f85-06a7-480e-a30e-155b42f29627,"<p><span style=""font-weight:bold"">1. Website Technical Maintenance &amp; SEO: (Main Website)</span></p><ul><li><span style=""font-weight:bold"">Website Platform Updates:</span>Regularly update the Content Management System (CMS), plugins, themes, and other software components to the latest stable versions.<br/>Testing and deployment of updates in a staging environment before pushing to the live site.<br/>Backup the website database and files before updates.<br/></li><li><span style=""font-weight:bold"">Security Monitoring and Management:</span>Implement and maintain security measures, including firewalls, malware scanning, and intrusion detection.<br/>Regularly monitor website security logs and address any potential vulnerabilities.<br/>Install and manage SSL certificates.<br/></li><li><span style=""font-weight:bold"">Performance Optimization:</span>Monitor website loading speed and performance metrics.<br/>Optimize website code, images, and other assets for faster loading times.<br/>Implement caching mechanisms and content delivery networks (CDNs) as needed.<br/>Monitor Website uptime.<br/></li><li><span style=""font-weight:bold"">Database Management:</span>Regularly backup the website database.<br/>Optimize database performance.<br/>Address database related issues.<br/></li><li><span style=""font-weight:bold"">Broken Link Management:</span>Perform routine checks for broken links and correct them.<br/></li></ul><p><span style=""font-weight:bold"">2. Content Maintenance:</span></p><ul><li><span style=""font-weight:bold"">Content Updates and Revisions:</span>Update existing website content as needed, including text, images, videos, and other media.<br/>Ensure content accuracy and consistency.<br/>Implement SEO best practices for content updates.<br/></li><li><span style=""font-weight:bold"">New Content Creation and Publication:</span>Create and publish new website content, such as blog posts, articles, and product descriptions.<br/>Format and optimize content for web display.<br/>Manage content scheduling and publishing calendars.<br/></li><li><span style=""font-weight:bold"">Image and Media Management:</span>Optimize and upload images and videos for web use.<br/>Manage image and media libraries.<br/>Ensure all images and videos are properly tagged with alt text.<br/></li><li><span style=""font-weight:bold"">SEO Monitoring and Optimization:</span>Monitor website search engine rankings and traffic.<br/>Implement on-page and off-page SEO strategies.<br/>Perform keyword research and analysis.<br/></li><li><span style=""font-weight:bold"">User Feedback and Support:</span>Monitor website user feedback and address any issues or concerns.<br/>Provide basic website support to users.<br/></li></ul><p><span style=""font-weight:bold"">3. Reporting and Communication:</span></p><ul><li>Provide regular reports on website performance, security, and content updates.</li><li>Communicate with stakeholders regarding website maintenance activities and issues.</li><li>Maintain clear and organized documentation.</li></ul><p><span style=""font-weight:bold"">Deliverables:</span></p><ul><li>Regular website maintenance reports.</li><li>Updated website content.</li><li>Optimized website performance.</li><li>Secure and functional website.</li></ul>",3500,4,14000,,b7d833f2-56a4-4106-a871-cc484d012ae0,2025-03-21T14:42:31Z,2025-03-21T14:42:31Z,01f011dc-8d52-4de4-9524-780ccef3313b
Parent invoice 2bbae55d-07b8-4131-a738-6ca9813ce178 is blocked because its project match is unresolved,2bbae55d-07b8-4131-a738-6ca9813ce178,9ce7b764-0240-4003-b858-3a24dc3e71f3,"<p><span style=""font-weight:bold"">Online PR for Nigeria</span></p><p> </p><p><span style=""font-weight:bold"">Project Goal:</span> To increase brand awareness, improve reputation, and drive positive engagement within the Nigerian market through online news coverage.</p><p><span style=""font-weight:bold"">Target Audience:</span> Nigerian consumers, industry professionals, and relevant stakeholders.</p>",6000,1,6000,,baee0c27-0558-46b6-8fbe-9c7cec48692f,2025-04-25T08:35:16Z,2025-04-25T08:35:16Z,01f011dc-8d52-4de4-9524-780ccef3313b
Parent invoice 62e7e98e-6f86-4ada-a464-7bf41e4e6950 is blocked because its project match is unresolved,62e7e98e-6f86-4ada-a464-7bf41e4e6950,9ce7b764-0240-4003-b858-3a24dc3e71f3,<p>Yandex - Agency Fee</p>,10000,1,10000,,c78735e1-fd37-41c3-98b4-cb63326df41d,2023-04-27T10:58:55Z,2023-04-27T11:06:31Z,e168cbe8-c8cb-4ec3-b920-be764ec09acc
Parent invoice c883fffc-90dd-4de7-bc64-dbb39294edd0 is not in the invoices CSV,c883fffc-90dd-4de7-bc64-dbb39294edd0,3393a717-a333-48a2-a785-ba2eebc00f68,<p>Design &amp; Development</p><p> </p><p>UI / UX and Implementation (2-3 design options)</p><p>Responsive Breakpoints</p><p>Portfolio Website Pages</p><p>Custom Contact Forms</p><p>Advanced Media Gallery</p><p>Content Manager</p><p>Database Creation</p><p>Database Connection</p><p>Minified Code</p><p>Revisions</p><p>Annual Hosting &amp; Subscription - Editor X</p>,9000,1,9000,,c84b8e3e-a708-4022-b3d6-3c27d280e918,2023-05-01T06:07:44Z,2023-05-01T06:08:09Z,e168cbe8-c8cb-4ec3-b920-be764ec09acc
Parent invoice f01c0a81-45df-4b38-9bbe-b5a3616edbbd is blocked because its project match is unresolved,f01c0a81-45df-4b38-9bbe-b5a3616edbbd,64533648-470a-4167-b761-f81e1960ec5a,"<h3><span style=""font-weight:bold"">Social Media Management (Monthly)</span></h3><ul><li>Increase brand awareness and engagement on social media platforms.</li><li>Grow follower count and build a loyal community.</li><li>Drive website traffic and generate leads.</li><li>Enhance brand reputation and customer satisfaction.</li><li>Achieve specific KPIs (e.g., likes, shares, comments, conversions).</li></ul><h3><span style=""font-weight:bold"">Monthly Deliverables</span></h3><ul><li><span style=""font-weight:bold"">Content Creation and Curation:</span>Develop and create engaging social media content aligned with the brand voice and target audience.<br/>Curate relevant industry content and share with the audience.<br/>Create a content calendar for the month outlining posting schedule and themes.<br/></li><li><span style=""font-weight:bold"">Social Media Posting:</span>Publish scheduled content across all designated platforms.<br/>Ensure timely and consistent posting.<br/>Optimize content for each platform&#x27;s algorithm and best practices.<br/></li><li><span style=""font-weight:bold"">Community Management:</span>Monitor and respond to comments, messages, and mentions in a timely manner.<br/>Build relationships with followers and engage in conversations.<br/>Identify and address customer inquiries and complaints.<br/></li><li><span style=""font-weight:bold"">Social Media Analytics and Reporting:</span>Track and analyze key performance indicators (KPIs) such as reach, engagement, impressions, and conversions.<br/>Provide monthly performance reports with insights and recommendations.<br/>Identify trends and opportunities for improvement.<br/></li></ul>",7000,12,84000,,c8add55b-0455-493f-964a-c09474eb1a9c,2024-08-22T06:03:56Z,2024-08-22T06:03:56Z,01f011dc-8d52-4de4-9524-780ccef3313b
Parent invoice 00724084-8aab-4996-b404-d46c13291eae is blocked because its project match is unresolved,00724084-8aab-4996-b404-d46c13291eae,74bc6f85-06a7-480e-a30e-155b42f29627,<p>For Kuwait Build &amp; Design 2024</p>,1500,1,1500,,cbd89386-b973-4f1b-910c-ad8724fec18c,2023-10-23T06:51:16Z,2023-10-23T06:52:41Z,e168cbe8-c8cb-4ec3-b920-be764ec09acc
Parent invoice f01c0a81-45df-4b38-9bbe-b5a3616edbbd is blocked because its project match is unresolved,f01c0a81-45df-4b38-9bbe-b5a3616edbbd,cb3328a7-5aff-4fe7-921f-b585c4163dc8,,5225,1,5225,,cbe63317-ed34-4825-91b9-d9b382bed78d,2024-08-22T06:05:03Z,2024-08-22T06:05:03Z,01f011dc-8d52-4de4-9524-780ccef3313b
Parent invoice eeb9e90f-9efa-403e-9c6a-32c8bf6b280d is blocked because its project match is unresolved,eeb9e90f-9efa-403e-9c6a-32c8bf6b280d,9ce7b764-0240-4003-b858-3a24dc3e71f3,"<p><span style=""font-weight:bold"">SEO &amp; AEO</span></p><ul><li>LinkedIn Articles (for Sunday Montalbano&#x27;s Account)</li><li>Blogs (5 per month)</li><li>Basic AEO Foundation</li><li>Monthly Reporting</li></ul><p> </p><p>Original Rate: AED 7,400</p><p>Lowered Rate: AED 4,000</p>",4000,1,4000,,d085060e-6379-430a-b596-f0c483a3de44,2026-04-24T11:22:08Z,2026-04-24T11:23:23Z,01f011dc-8d52-4de4-9524-780ccef3313b
Parent invoice 60fa59e1-43fa-4ee9-8a64-f60438b430b6 is blocked because its project match is unresolved,60fa59e1-43fa-4ee9-8a64-f60438b430b6,74bc6f85-06a7-480e-a30e-155b42f29627,"<p>Annual Hosting </p><p><span style=""font-style:italic"">Maintenance, is not included and will be on a separate document.</span></p><p> </p>",14000,1,14000,,dc6e1850-449a-48f1-a206-c831b1b2ae40,2024-04-04T05:47:57Z,2024-04-04T05:47:57Z,01f011dc-8d52-4de4-9524-780ccef3313b
Parent invoice 7a78327b-6898-43ff-91b3-d28b37274af0 is blocked because its project match is unresolved,7a78327b-6898-43ff-91b3-d28b37274af0,3393a717-a333-48a2-a785-ba2eebc00f68,<p>Structure &amp; Design</p><p>Reference Pages</p><p>Mobile &amp; tablet Design Breakpoint</p><p>APIs &amp; Website Setting</p><p>Revisions &amp; Requests</p><p>Premium Subscription</p>,11020,1,11020,,dd9c72e9-a91f-48f6-b3d1-938877854393,2023-01-10T11:15:09Z,2023-01-11T10:44:13Z,e168cbe8-c8cb-4ec3-b920-be764ec09acc
Parent invoice 0c390535-3996-44be-94e4-c03b882cbdfc is blocked because its project match is unresolved,0c390535-3996-44be-94e4-c03b882cbdfc,d406eff1-25c2-46d8-abc7-4cd0f77fb9a3,<p>OCR Optical Character Recognition System (Usable in all existing and future 111 apps)</p>,40500,1,40500,,e76ab208-996f-4017-9c9d-0fb7efeb3500,2023-03-07T14:25:12Z,2023-03-07T14:25:12Z,e168cbe8-c8cb-4ec3-b920-be764ec09acc
Parent invoice 675d704d-7c6c-4a1d-8eb4-f6fce21bc345 is blocked because its project match is unresolved,675d704d-7c6c-4a1d-8eb4-f6fce21bc345,afcdcc00-4ed7-45f9-80de-42be32d36741,<p>Flipbook API for Macallan Portal </p><p>(Annual Fee)</p>,11060,1,11060,,ea3ec476-5e23-44a2-b6f5-18e83db0dd2a,2024-02-12T09:51:40Z,2024-02-13T08:55:08Z,e168cbe8-c8cb-4ec3-b920-be764ec09acc
Parent invoice 675d704d-7c6c-4a1d-8eb4-f6fce21bc345 is blocked because its project match is unresolved,675d704d-7c6c-4a1d-8eb4-f6fce21bc345,cb3328a7-5aff-4fe7-921f-b585c4163dc8,<p>VAT</p>,553,1,553,,ebf32b3b-f309-4b22-a163-8acf7819a8f8,2024-02-12T09:51:40Z,2024-02-12T09:51:40Z,e168cbe8-c8cb-4ec3-b920-be764ec09acc
Parent invoice 10f115fa-6ae5-4e39-b80f-0f393a899bb1 is blocked because its project match is unresolved,10f115fa-6ae5-4e39-b80f-0f393a899bb1,9ce7b764-0240-4003-b858-3a24dc3e71f3,"<p><span style=""font-weight:bold"">SEO &amp; AEO</span></p><ul><li>LinkedIn Articles (for Sunday Montalbano&#x27;s Account)</li><li>Blogs (5 per month)</li><li>Basic AEO Foundation</li><li>Monthly Reporting</li></ul>",4000,1,4000,,ec096810-5d3c-4347-b168-376ef3346283,2026-04-30T11:30:47Z,2026-04-30T11:30:47Z,01f011dc-8d52-4de4-9524-780ccef3313b
Parent invoice a29dd623-d78b-4228-a9ce-1ad5a3c07e2f is blocked because its project match is unresolved,a29dd623-d78b-4228-a9ce-1ad5a3c07e2f,bc868749-c654-4d7e-95b0-6279f19026d7,"<p><span style=""font-weight:bold"">Commercial Summary</span></p><p><span style=""font-weight:bold"">Video Production – World Health Expo</span></p><p> </p><p><span style=""font-weight:bold"">Pre-Production (Included)</span></p><p>• Storyboard</p><p>• Script and key messaging</p><p> </p><p><span style=""font-weight:bold"">Concept: Day in a Life</span></p><p> </p><p><span style=""font-weight:bold"">Production</span></p><p>• Crew: up to 3 (lead + second angle)</p><p>• Shoot: Full day on site (6 to 8 hours)</p><p>• Coverage: Interviews, b-roll, event moments</p><p> </p><p><span style=""font-weight:bold"">Deliverable</span></p><p>• 1 highlight video (approx. 9:16) Instagram Reel &amp; Linkedin</p><p> </p><p><span style=""font-weight:bold"">Post-Production</span></p><p>• Editing included</p><p>• 1 revision round</p><p> </p><p><span style=""font-weight:bold"">Talent</span></p><p>Provided by client</p><p> </p><p><span style=""font-weight:bold"">Rush Delivery</span></p><p>Next day (time confirmed by client)</p>",5500,1,5500,,f2bf836a-b599-434c-a82d-6cfa430eef0d,2026-02-03T10:03:07Z,2026-02-03T10:15:16Z,01f011dc-8d52-4de4-9524-780ccef3313b
Parent invoice eeb9e90f-9efa-403e-9c6a-32c8bf6b280d is blocked because its project match is unresolved,eeb9e90f-9efa-403e-9c6a-32c8bf6b280d,64533648-470a-4167-b761-f81e1960ec5a,"<p><span style=""font-weight:bold"">Social Media &amp; Content Creation + Performance Ads </span></p><ul><li>Daily Stories</li><li>2-3 post a week</li><li>Boost Budget 500 AED (Directly debited from Client Card)</li><li>Performance Ads Management &amp; Monitoring</li><li>Community Management, Strategy, Reporting</li></ul><p>Platforms: </p><p>META Facebook, Instagram, Pinterest, &amp; LinkedIn</p><p> </p><p>Original Rate: AED 7,000</p><p>Lowered Rate: AED 4,000</p>",4000,1,4000,,fa0890f7-ffbb-4418-8f12-9f6cebfe59f2,2026-04-24T11:22:08Z,2026-04-24T11:22:08Z,01f011dc-8d52-4de4-9524-780ccef3313b