review_reason,invoiceNumber,slug,Invoice Details,Invoices (Item),Client Receipt,Client Payment Confirmation,company,contact,project,invoiceDate,po,total,notes,status,paymentSchedules,search,ID,Created Date,Updated Date,Owner,companyInvoice,quotation,paymentDueDate
Multiple projects found for ATEX International Exhibitions; CSV does not identify which one,INV-REV23MM-096,inv-rev23mm-096,/dashboard-invoice/inv-rev23mm-096,/public-invoice/inv-rev23mm-096/00724084-8aab-4996-b404-d46c13291eae,/receipt/inv-rev23mm-096/00724084-8aab-4996-b404-d46c13291eae,/payment-confirmation/inv-rev23mm-096/00724084-8aab-4996-b404-d46c13291eae,f9c4b9cf-50cd-44a2-ba40-f853a021b41f,2969a5b1-27f4-4a9e-bde4-8ee5ecf4dd85,,2023-10-22T16:00:00Z,N/A,1500,,Paid,,"INV-REV23MM-096, ATEX International Exhibitions",00724084-8aab-4996-b404-d46c13291eae,2023-10-23T06:50:14Z,2024-07-18T07:42:43Z,e168cbe8-c8cb-4ec3-b920-be764ec09acc,ATEX International Exhibitions,,
No matching project/company found from CSV search text or client name,INV-25MM-024,inv-25mm-024,/dashboard-invoice/inv-25mm-024,/public-invoice/inv-25mm-024/073b9e97-d76c-4256-98f1-53bfd1db23f9,/receipt/inv-25mm-024/073b9e97-d76c-4256-98f1-53bfd1db23f9,/payment-confirmation/inv-25mm-024/073b9e97-d76c-4256-98f1-53bfd1db23f9,56eac7e9-af94-47c0-b4b1-2a4101a9b0c1,04be3f3e-1786-4d4b-a1cc-743721b3c18c,,2025-03-21T14:36:31Z,,35000,,Cancelled,,"INV-25MM-024, E L I T E Property Brokerage LLC",073b9e97-d76c-4256-98f1-53bfd1db23f9,2025-03-21T14:42:30Z,2025-05-16T10:08:33Z,01f011dc-8d52-4de4-9524-780ccef3313b,E L I T E Property Brokerage LLC,ffbda60f-b45a-4954-845b-d465a9d4de2c,
No matching project/company found from CSV search text or client name,INV-26MM-165,inv-26mm-165,/dashboard-invoice/inv-26mm-165,/public-invoice/inv-26mm-165/0aaaee04-ec4b-4eb9-ae3f-27ebcc361ea0,/receipt/inv-26mm-165/0aaaee04-ec4b-4eb9-ae3f-27ebcc361ea0,/payment-confirmation/inv-26mm-165/0aaaee04-ec4b-4eb9-ae3f-27ebcc361ea0,607cae8a-b90a-4390-8064-bf9ab5f4307e,f1720d58-5b87-45f5-bbdc-b813c2992b60,,2026-04-27T20:00:00Z,N/A,7000,,Unpaid,"[{""paymentNumber"":""RX-26MM-165"",""_id"":""b1d740d1-e981-4a90-8cbf-2730d9837bfd"",""_owner"":""01f011dc-8d52-4de4-9524-780ccef3313b"",""_createdDate"":{""$date"":""2026-03-24T11:50:29.266Z""},""link-copy-of-dashboard-debt-report-all"":""/dashboard-payments/"",""_updatedDate"":{""$date"":""2026-03-24T11:50:29.266Z""},""amount"":7000,""company"":""607cae8a-b90a-4390-8064-bf9ab5f4307e"",""link-payments-paymentNumber"":""/dashboard-debt-report/"",""payment"":""SEO Implementation "",""invoice"":""0aaaee04-ec4b-4eb9-ae3f-27ebcc361ea0"",""note"":"""",""status"":""Not Due"",""dueDate"":{""$date"":""2026-04-05T20:00:00Z""},""invoiceStatus"":""Active"",""link-copy-of-dashboard-payments-all"":""/dashboard-all-schedules/""}]","INV-26MM-165, Aesthetics GE",0aaaee04-ec4b-4eb9-ae3f-27ebcc361ea0,2026-03-24T11:50:28Z,2026-07-06T07:33:51Z,01f011dc-8d52-4de4-9524-780ccef3313b,Aesthetics GE,c01fd419-921b-4c50-b70d-aec2258698f6,2026-04-29T20:00:00Z
Multiple projects found for 111 Group; CSV does not identify which one,INV-REV23MM-037,inv-rev23mm-037,/dashboard-invoice/inv-rev23mm-037,/public-invoice/inv-rev23mm-037/0c390535-3996-44be-94e4-c03b882cbdfc,/receipt/inv-rev23mm-037/0c390535-3996-44be-94e4-c03b882cbdfc,/payment-confirmation/inv-rev23mm-037/0c390535-3996-44be-94e4-c03b882cbdfc,75be43f0-4a3a-44ed-8e43-cfe7fe4615c2,c9e0cac3-097a-4ee7-8cac-67b340fa96ef,40d2ce84-0ea5-480d-838a-5b02e2400760,2023-03-06T20:00:00Z,,100000,,Paid,"[{""_id"":""20221bc8-0a22-4eba-8ee3-a817277354d5"",""_owner"":""e168cbe8-c8cb-4ec3-b920-be764ec09acc"",""_createdDate"":{""$date"":""2023-03-07T14:26:18.685Z""},""paymentMethod"":""1e696b2d-37f8-4c75-ae62-d0f85cda27a7"",""link-copy-of-dashboard-debt-report-all"":""/dashboard-payments/"",""_updatedDate"":{""$date"":""2023-04-17T20:51:21.291Z""},""amount"":100000,""company"":""75be43f0-4a3a-44ed-8e43-cfe7fe4615c2"",""link-payments-paymentNumber"":""/dashboard-debt-report/"",""payment"":""Full Payment"",""invoice"":""0c390535-3996-44be-94e4-c03b882cbdfc"",""note"":"""",""status"":""Paid"",""dueDate"":{""$date"":""2023-03-06T16:00:00Z""},""paymentDate"":{""$date"":""2023-03-07T16:00:00Z""},""notes"":"""",""invoiceStatus"":""Active"",""link-copy-of-dashboard-payments-all"":""/dashboard-all-schedules/""}]","INV-REV23MM-037, 111 Group",0c390535-3996-44be-94e4-c03b882cbdfc,2023-03-07T14:24:19Z,2025-08-13T07:20:20Z,e168cbe8-c8cb-4ec3-b920-be764ec09acc,111 Group,,
Multiple projects found for Montalbano Dubai; CSV does not identify which one,INV-26MM-178,inv-26mm-178,/dashboard-invoice/inv-26mm-178,/public-invoice/inv-26mm-178/10f115fa-6ae5-4e39-b80f-0f393a899bb1,/receipt/inv-26mm-178/10f115fa-6ae5-4e39-b80f-0f393a899bb1,/payment-confirmation/inv-26mm-178/10f115fa-6ae5-4e39-b80f-0f393a899bb1,c571caf6-a52d-4335-8317-8fd08f3739f4,f7ad2f86-ce4d-447e-bcb6-1b7180a7cfef,,2026-05-27T20:00:00Z,N/A,8400,,Unpaid,,"INV-26MM-178, undefined, Montalbano Dubai",10f115fa-6ae5-4e39-b80f-0f393a899bb1,2026-04-30T11:29:41Z,2026-07-06T07:58:47Z,01f011dc-8d52-4de4-9524-780ccef3313b,Montalbano Dubai,,2026-05-28T20:00:00Z
Multiple projects found for Just Bespoke; CSV does not identify which one,INV-REV23MM-052,inv-rev23mm-052,/dashboard-invoice/inv-rev23mm-052,/public-invoice/inv-rev23mm-052/27974d7e-40cf-48a5-b3a6-09677b1eb984,/receipt/inv-rev23mm-052/27974d7e-40cf-48a5-b3a6-09677b1eb984,/payment-confirmation/inv-rev23mm-052/27974d7e-40cf-48a5-b3a6-09677b1eb984,95e395d7-0d71-4943-aab0-4d2e8bb091f8,09cea7d5-f022-4638-a423-4898ec5bb593,1365d7c3-7012-4c15-831d-2cf128ed9637,2023-05-14T16:00:00Z,1,18900,,Paid,"[{""_id"":""def9b383-eac1-4343-adc8-0bf5c6e6f963"",""_owner"":""e168cbe8-c8cb-4ec3-b920-be764ec09acc"",""_createdDate"":{""$date"":""2023-05-15T13:54:23.625Z""},""paymentMethod"":""1e696b2d-37f8-4c75-ae62-d0f85cda27a7"",""link-copy-of-dashboard-debt-report-all"":""/dashboard-payments/"",""_updatedDate"":{""$date"":""2023-05-17T11:11:31.157Z""},""amount"":18900,""company"":""95e395d7-0d71-4943-aab0-4d2e8bb091f8"",""link-payments-paymentNumber"":""/dashboard-debt-report/"",""payment"":""Immediate Payment"",""invoice"":""27974d7e-40cf-48a5-b3a6-09677b1eb984"",""note"":"""",""status"":""Paid"",""dueDate"":{""$date"":""2023-05-15T16:00:00Z""},""paymentDate"":{""$date"":""2023-05-16T16:00:00Z""},""notes"":"""",""invoiceStatus"":""Active"",""link-copy-of-dashboard-payments-all"":""/dashboard-all-schedules/""}]","INV-REV23MM-052, Just Bespoke",27974d7e-40cf-48a5-b3a6-09677b1eb984,2023-05-15T13:47:29Z,2024-02-25T23:16:38Z,e168cbe8-c8cb-4ec3-b920-be764ec09acc,Just Bespoke,,
No matching project/company found from CSV search text or client name,INV-25MM-032,inv-25mm-032,/dashboard-invoice/inv-25mm-032,/public-invoice/inv-25mm-032/2bbae55d-07b8-4131-a738-6ca9813ce178,/receipt/inv-25mm-032/2bbae55d-07b8-4131-a738-6ca9813ce178,/payment-confirmation/inv-25mm-032/2bbae55d-07b8-4131-a738-6ca9813ce178,56eac7e9-af94-47c0-b4b1-2a4101a9b0c1,04be3f3e-1786-4d4b-a1cc-743721b3c18c,,2025-04-25T08:33:59Z,,30450,,Cancelled,"[{""paymentNumber"":""RX-25MM-032"",""percentage"":1,""_id"":""3cc42753-3333-4e36-a11d-5ad1c60c6b2c"",""_owner"":""01f011dc-8d52-4de4-9524-780ccef3313b"",""_createdDate"":{""$date"":""2025-04-25T08:36:28.017Z""},""link-copy-of-dashboard-debt-report-all"":""/dashboard-payments/"",""_updatedDate"":{""$date"":""2025-04-30T08:10:48.836Z""},""amount"":30450,""company"":""56eac7e9-af94-47c0-b4b1-2a4101a9b0c1"",""link-payments-paymentNumber"":""/dashboard-debt-report/"",""payment"":""Due for Payment"",""invoice"":""2bbae55d-07b8-4131-a738-6ca9813ce178"",""note"":"""",""status"":""Due"",""dueDate"":{""$date"":""2025-04-24T20:00:00Z""},""invoiceStatus"":""Cancelled"",""link-copy-of-dashboard-payments-all"":""/dashboard-all-schedules/""}]","INV-25MM-032, E L I T E Property Brokerage LLC",2bbae55d-07b8-4131-a738-6ca9813ce178,2025-04-25T08:35:16Z,2025-05-16T10:08:11Z,01f011dc-8d52-4de4-9524-780ccef3313b,E L I T E Property Brokerage LLC,f40a9018-8813-4393-8115-4ee59aa004a1,
Multiple projects found for The Espresso Lab; CSV does not identify which one,INV-25MM-079,inv-25mm-079,/dashboard-invoice/inv-25mm-079,/public-invoice/inv-25mm-079/2f8684bf-708a-4eaf-a1e8-7c71a69b43d1,/receipt/inv-25mm-079/2f8684bf-708a-4eaf-a1e8-7c71a69b43d1,/payment-confirmation/inv-25mm-079/2f8684bf-708a-4eaf-a1e8-7c71a69b43d1,d1c3e9fa-7874-4a80-8114-14445e93de6d,6543f67e-e204-493d-a508-d24a62d8bdff,,2026-02-05T20:00:00Z,N/A,61897.5,,Partial,"[{""percentage"":0.4,""_id"":""5aa12fa2-5e40-4116-bf0e-035662c1d0dc"",""_owner"":""01f011dc-8d52-4de4-9524-780ccef3313b"",""_createdDate"":{""$date"":""2025-08-12T08:08:44.771Z""},""paymentMethod"":""1e696b2d-37f8-4c75-ae62-d0f85cda27a7"",""link-copy-of-dashboard-debt-report-all"":""/dashboard-payments/"",""_updatedDate"":{""$date"":""2025-12-15T08:10:33.130Z""},""amount"":24759,""company"":""d1c3e9fa-7874-4a80-8114-14445e93de6d"",""link-payments-paymentNumber"":""/dashboard-debt-report/"",""payment"":""Initial Payment"",""invoice"":""2f8684bf-708a-4eaf-a1e8-7c71a69b43d1"",""note"":"""",""status"":""Paid"",""dueDate"":{""$date"":""2026-02-05T20:00:00Z""},""paymentDate"":{""$date"":""2025-08-13T20:00:00Z""},""notes"":"""",""invoiceStatus"":""Active"",""link-copy-of-dashboard-payments-all"":""/dashboard-all-schedules/""},{""percentage"":0.3,""_id"":""ca987588-974b-4d9f-807d-e037af228939"",""_owner"":""01f011dc-8d52-4de4-9524-780ccef3313b"",""_createdDate"":{""$date"":""2025-08-12T08:09:09.790Z""},""paymentMethod"":""1e696b2d-37f8-4c75-ae62-d0f85cda27a7"",""link-copy-of-dashboard-debt-report-all"":""/dashboard-payments/"",""_updatedDate"":{""$date"":""2025-12-15T08:10:56.847Z""},""amount"":18569.25,""company"":""d1c3e9fa-7874-4a80-8114-14445e93de6d"",""link-payments-paymentNumber"":""/dashboard-debt-report/"",""payment"":""2nd Intallment"",""invoice"":""2f8684bf-708a-4eaf-a1e8-7c71a69b43d1"",""note"":"""",""status"":""Paid"",""dueDate"":{""$date"":""2026-02-05T20:00:00Z""},""paymentDate"":{""$date"":""2025-12-14T20:00:00Z""},""notes"":"""",""invoiceStatus"":""Active"",""link-copy-of-dashboard-payments-all"":""/dashboard-all-schedules/""},{""percentage"":null,""_id"":""fbf02f6d-3e3c-409b-88e7-cca754db7cca"",""_owner"":""01f011dc-8d52-4de4-9524-780ccef3313b"",""_createdDate"":{""$date"":""2025-08-12T08:09:25.544Z""},""paymentMethod"":"""",""link-copy-of-dashboard-debt-report-all"":""/dashboard-payments/"",""_updatedDate"":{""$date"":""2026-02-06T08:34:33.008Z""},""amount"":18569.25,""company"":""d1c3e9fa-7874-4a80-8114-14445e93de6d"",""link-payments-paymentNumber"":""/dashboard-debt-report/"",""payment"":""Final Payment"",""invoice"":""2f8684bf-708a-4eaf-a1e8-7c71a69b43d1"",""note"":"""",""status"":""Due"",""dueDate"":{""$date"":""2026-02-05T20:00:00Z""},""paymentDate"":null,""notes"":"""",""invoiceStatus"":""Active"",""link-copy-of-dashboard-payments-all"":""/dashboard-all-schedules/""}]","INV-25MM-079, undefined, The Espresso Lab",2f8684bf-708a-4eaf-a1e8-7c71a69b43d1,2025-08-12T06:26:38Z,2026-05-01T09:59:37Z,01f011dc-8d52-4de4-9524-780ccef3313b,The Espresso Lab,,2026-02-11T20:00:00Z
Multiple projects found for LUXURY DROP PARFUM L.L.C; CSV does not identify which one,INV-REV23MM-066,inv-rev23mm-066,/dashboard-invoice/inv-rev23mm-066,/public-invoice/inv-rev23mm-066/2f8b2c03-3149-4ec2-a4e4-b1e64278b596,/receipt/inv-rev23mm-066/2f8b2c03-3149-4ec2-a4e4-b1e64278b596,/payment-confirmation/inv-rev23mm-066/2f8b2c03-3149-4ec2-a4e4-b1e64278b596,8d470f66-352c-4a1b-8668-774da3c08e70,cce2f2f0-fe68-4787-9a27-086de2d2d271,8f51805b-43e2-4878-abd0-453a93529c36,2023-07-02T16:00:00Z,1,2000,,Paid,"[{""_id"":""e1ec1a8a-5b6f-4733-95d5-ce58acd11a96"",""_owner"":""e168cbe8-c8cb-4ec3-b920-be764ec09acc"",""_createdDate"":{""$date"":""2023-07-03T05:06:38.339Z""},""paymentMethod"":""3b10f3fc-ba88-415d-b2a9-024cd41f5268"",""link-copy-of-dashboard-debt-report-all"":""/dashboard-payments/"",""_updatedDate"":{""$date"":""2023-07-05T05:26:57.364Z""},""amount"":2000,""company"":""8d470f66-352c-4a1b-8668-774da3c08e70"",""link-payments-paymentNumber"":""/dashboard-debt-report/"",""payment"":""100% Immediate Payment"",""invoice"":""2f8b2c03-3149-4ec2-a4e4-b1e64278b596"",""note"":"""",""status"":""Paid"",""dueDate"":{""$date"":""2023-07-02T16:00:00Z""},""paymentDate"":{""$date"":""2023-07-04T16:00:00Z""},""notes"":"""",""invoiceStatus"":""Active"",""link-copy-of-dashboard-payments-all"":""/dashboard-all-schedules/""}]","INV-REV23MM-066, Luxury Oudh",2f8b2c03-3149-4ec2-a4e4-b1e64278b596,2023-07-03T05:00:10Z,2024-08-25T12:18:58Z,e168cbe8-c8cb-4ec3-b920-be764ec09acc,LUXURY DROP PARFUM L.L.C,,
No matching project/company found from CSV search text or client name,INV-24MM-117,inv-24mm-117,/dashboard-invoice/inv-24mm-117,/public-invoice/inv-24mm-117/4ca5158d-6b52-41fd-8d0f-470130d0d200,/receipt/inv-24mm-117/4ca5158d-6b52-41fd-8d0f-470130d0d200,/payment-confirmation/inv-24mm-117/4ca5158d-6b52-41fd-8d0f-470130d0d200,f967cd9d-76eb-44f9-a0c7-cbd6acf68b97,15fc7592-377d-4184-ab1e-3e0f4823f28a,,2024-11-27T20:00:00Z,N/A,52000,,Partial,"[{""paymentNumber"":""RX-24MM-117"",""percentage"":0,""_id"":""230c5f00-a8a4-4e6d-857d-a5e02fb6b1df"",""_owner"":""01f011dc-8d52-4de4-9524-780ccef3313b"",""_createdDate"":{""$date"":""2024-12-12T11:12:12.416Z""},""paymentMethod"":""1e696b2d-37f8-4c75-ae62-d0f85cda27a7"",""link-copy-of-dashboard-debt-report-all"":""/dashboard-payments/"",""_updatedDate"":{""$date"":""2024-12-12T11:12:28.915Z""},""amount"":5000,""company"":""f967cd9d-76eb-44f9-a0c7-cbd6acf68b97"",""link-payments-paymentNumber"":""/dashboard-debt-report/"",""payment"":""Initial for Soc Med - December 2024"",""invoice"":""4ca5158d-6b52-41fd-8d0f-470130d0d200"",""note"":"""",""status"":""Paid"",""dueDate"":{""$date"":""2024-11-27T20:00:00Z""},""paymentDate"":{""$date"":""2024-12-05T20:00:00Z""},""notes"":"""",""invoiceStatus"":""Active"",""link-copy-of-dashboard-payments-all"":""/dashboard-all-schedules/""},{""paymentNumber"":""RX-24MM-117"",""percentage"":null,""_id"":""fed98bf2-b887-41e5-89e2-6a0bdd992154"",""_owner"":""01f011dc-8d52-4de4-9524-780ccef3313b"",""_createdDate"":{""$date"":""2024-12-12T11:10:29.967Z""},""paymentMethod"":""1e696b2d-37f8-4c75-ae62-d0f85cda27a7"",""link-copy-of-dashboard-debt-report-all"":""/dashboard-payments/"",""_updatedDate"":{""$date"":""2024-12-12T11:11:29.185Z""},""amount"":9000,""company"":""f967cd9d-76eb-44f9-a0c7-cbd6acf68b97"",""link-payments-paymentNumber"":""/dashboard-debt-report/"",""payment"":""Initial for Website E-Commerce"",""invoice"":""4ca5158d-6b52-41fd-8d0f-470130d0d200"",""note"":"""",""status"":""Paid"",""dueDate"":{""$date"":""2024-11-27T20:00:00Z""},""paymentDate"":{""$date"":""2024-12-05T20:00:00Z""},""notes"":"""",""invoiceStatus"":""Active"",""link-copy-of-dashboard-payments-all"":""/dashboard-all-schedules/""}]",INV-24MM-117 - LMN Clothing FZ-LLC - Social Media Marketing & Web Development,4ca5158d-6b52-41fd-8d0f-470130d0d200,2024-11-28T09:30:02Z,2025-12-12T10:06:34Z,01f011dc-8d52-4de4-9524-780ccef3313b,LMN,00324fda-cc6d-4a50-bc13-00fc9aa0b115,
No matching project/company found from CSV search text or client name,INV-24MM-115,inv-24mm-115,/dashboard-invoice/inv-24mm-115,/public-invoice/inv-24mm-115/523194a3-154f-4a15-a5e3-a2eca6474ec8,/receipt/inv-24mm-115/523194a3-154f-4a15-a5e3-a2eca6474ec8,/payment-confirmation/inv-24mm-115/523194a3-154f-4a15-a5e3-a2eca6474ec8,d3539cdc-56e0-4811-83ef-efd0aa9a94ad,bbaae797-246d-49d4-9831-e82e39785b81,,2024-11-19T20:00:00Z,N/A,12600,,Cancelled,"[{""percentage"":null,""_id"":""a4d4fd68-35ae-4680-a03e-34dbf4404fbe"",""_owner"":""01f011dc-8d52-4de4-9524-780ccef3313b"",""_createdDate"":{""$date"":""2024-11-20T09:32:36.466Z""},""paymentMethod"":"""",""link-copy-of-dashboard-debt-report-all"":""/dashboard-payments/"",""_updatedDate"":{""$date"":""2024-11-25T09:03:08.501Z""},""company"":""d3539cdc-56e0-4811-83ef-efd0aa9a94ad"",""link-payments-paymentNumber"":""/dashboard-debt-report/"",""payment"":""60% Due for payment"",""invoice"":""523194a3-154f-4a15-a5e3-a2eca6474ec8"",""note"":"""",""status"":""Due"",""dueDate"":{""$date"":""2024-11-19T20:00:00Z""},""paymentDate"":null,""notes"":""<p>25 Nov 2024 - Followed up</p>"",""invoiceStatus"":""Active"",""link-copy-of-dashboard-payments-all"":""/dashboard-all-schedules/""},{""percentage"":0.4,""_id"":""280df647-ace9-495b-8a82-8444da9fe335"",""_owner"":""01f011dc-8d52-4de4-9524-780ccef3313b"",""_createdDate"":{""$date"":""2024-11-20T09:32:36.414Z""},""paymentMethod"":"""",""link-copy-of-dashboard-debt-report-all"":""/dashboard-payments/"",""_updatedDate"":{""$date"":""2024-12-18T10:37:14.525Z""},""amount"":5040,""company"":""d3539cdc-56e0-4811-83ef-efd0aa9a94ad"",""link-payments-paymentNumber"":""/dashboard-debt-report/"",""payment"":""40% Upon completion"",""invoice"":""523194a3-154f-4a15-a5e3-a2eca6474ec8"",""note"":"""",""status"":""Due"",""dueDate"":{""$date"":""2024-12-17T20:00:00Z""},""paymentDate"":null,""notes"":"""",""invoiceStatus"":""Active"",""link-copy-of-dashboard-payments-all"":""/dashboard-all-schedules/""}]","INV-24MM-115, Rijas Group",523194a3-154f-4a15-a5e3-a2eca6474ec8,2024-11-20T09:32:35Z,2025-08-12T12:47:03Z,01f011dc-8d52-4de4-9524-780ccef3313b,Rijas Group,d10d1b86-6723-41be-a125-42954ecab014,
No matching project/company found from CSV search text or client name,INV-24MM-049,inv-24mm-049,/dashboard-invoice/inv-24mm-049,/public-invoice/inv-24mm-049/60fa59e1-43fa-4ee9-8a64-f60438b430b6,/receipt/inv-24mm-049/60fa59e1-43fa-4ee9-8a64-f60438b430b6,/payment-confirmation/inv-24mm-049/60fa59e1-43fa-4ee9-8a64-f60438b430b6,b597efc4-41ec-49e4-a73d-5a713b460412,69c598aa-5021-41de-bba1-98117fb30f0f,,2024-04-03T16:00:00Z,N/A,329700,,Cancelled,"[{""paymentNumber"":""RX-24MM-049"",""_id"":""4a486a6f-faa4-4d71-b943-6d242817ae99"",""_owner"":""01f011dc-8d52-4de4-9524-780ccef3313b"",""_createdDate"":{""$date"":""2024-04-04T05:47:57.062Z""},""link-copy-of-dashboard-debt-report-all"":""/dashboard-payments/"",""_updatedDate"":{""$date"":""2024-04-04T05:47:57.062Z""},""amount"":197400,""company"":""b597efc4-41ec-49e4-a73d-5a713b460412"",""link-payments-paymentNumber"":""/dashboard-debt-report/"",""payment"":""60% Immediate Payment"",""invoice"":""60fa59e1-43fa-4ee9-8a64-f60438b430b6"",""note"":"""",""status"":""Not Due"",""dueDate"":{""$date"":""2024-04-04T20:00:00Z""},""invoiceStatus"":""Active"",""link-copy-of-dashboard-payments-all"":""/dashboard-all-schedules/""},{""paymentNumber"":""RX-24MM-049"",""_id"":""0330f250-39c0-4fb0-8c30-f5917991c879"",""_owner"":""01f011dc-8d52-4de4-9524-780ccef3313b"",""_createdDate"":{""$date"":""2024-04-04T05:47:57.041Z""},""link-copy-of-dashboard-debt-report-all"":""/dashboard-payments/"",""_updatedDate"":{""$date"":""2024-04-04T05:47:57.041Z""},""amount"":65800,""company"":""b597efc4-41ec-49e4-a73d-5a713b460412"",""link-payments-paymentNumber"":""/dashboard-debt-report/"",""payment"":""20% upon MVP completion"",""invoice"":""60fa59e1-43fa-4ee9-8a64-f60438b430b6"",""note"":"""",""status"":""Not Due"",""dueDate"":{""$date"":""2024-07-31T20:00:00Z""},""invoiceStatus"":""Active"",""link-copy-of-dashboard-payments-all"":""/dashboard-all-schedules/""},{""paymentNumber"":""RX-24MM-049"",""_id"":""83e6a3a0-54d0-41b0-b989-0e3bb833e6b7"",""_owner"":""01f011dc-8d52-4de4-9524-780ccef3313b"",""_createdDate"":{""$date"":""2024-04-04T05:47:57.075Z""},""link-copy-of-dashboard-debt-report-all"":""/dashboard-payments/"",""_updatedDate"":{""$date"":""2024-04-04T05:47:57.075Z""},""amount"":65800,""company"":""b597efc4-41ec-49e4-a73d-5a713b460412"",""link-payments-paymentNumber"":""/dashboard-debt-report/"",""payment"":""20% upon LIVE and project completion"",""invoice"":""60fa59e1-43fa-4ee9-8a64-f60438b430b6"",""note"":"""",""status"":""Not Due"",""dueDate"":{""$date"":""2024-12-30T20:00:00Z""},""invoiceStatus"":""Active"",""link-copy-of-dashboard-payments-all"":""/dashboard-all-schedules/""}]","INV-24MM-049, Zenith Zones",60fa59e1-43fa-4ee9-8a64-f60438b430b6,2024-04-04T05:47:56Z,2024-07-22T05:20:47Z,01f011dc-8d52-4de4-9524-780ccef3313b,Zenith Zones,fc3d9005-a317-470c-ba77-3c91c8758523,
Multiple projects found for Just Bespoke; CSV does not identify which one,INV-REV23MM-047,inv-rev23mm-047,/dashboard-invoice/inv-rev23mm-047,/public-invoice/inv-rev23mm-047/62e7e98e-6f86-4ada-a464-7bf41e4e6950,/receipt/inv-rev23mm-047/62e7e98e-6f86-4ada-a464-7bf41e4e6950,/payment-confirmation/inv-rev23mm-047/62e7e98e-6f86-4ada-a464-7bf41e4e6950,95e395d7-0d71-4943-aab0-4d2e8bb091f8,09cea7d5-f022-4638-a423-4898ec5bb593,4de58c02-16a4-4988-ab84-70f704f42637,2023-04-26T16:00:00Z,1,35000,,Paid,"[{""_id"":""c8e00abe-8d36-4197-b7df-f88be8c55615"",""_owner"":""e168cbe8-c8cb-4ec3-b920-be764ec09acc"",""_createdDate"":{""$date"":""2023-04-27T10:33:30.505Z""},""paymentMethod"":""1e696b2d-37f8-4c75-ae62-d0f85cda27a7"",""link-copy-of-dashboard-debt-report-all"":""/dashboard-payments/"",""_updatedDate"":{""$date"":""2023-05-01T06:24:06.709Z""},""amount"":35000,""company"":""95e395d7-0d71-4943-aab0-4d2e8bb091f8"",""link-payments-paymentNumber"":""/dashboard-debt-report/"",""payment"":""100% Immediate Payment"",""invoice"":""62e7e98e-6f86-4ada-a464-7bf41e4e6950"",""note"":"""",""status"":""Paid"",""dueDate"":{""$date"":""2023-04-26T16:00:00Z""},""paymentDate"":{""$date"":""2023-04-27T16:00:00Z""},""notes"":"""",""invoiceStatus"":""Active"",""link-copy-of-dashboard-payments-all"":""/dashboard-all-schedules/""}]","INV-REV23MM-047, Just Bespoke",62e7e98e-6f86-4ada-a464-7bf41e4e6950,2023-04-27T10:29:09Z,2024-02-25T23:17:09Z,e168cbe8-c8cb-4ec3-b920-be764ec09acc,Just Bespoke,,
Multiple projects found for Creative Sauce; CSV does not identify which one,INV-24MM-010,inv-24mm-010,/dashboard-invoice/inv-24mm-010,/public-invoice/inv-24mm-010/675d704d-7c6c-4a1d-8eb4-f6fce21bc345,/receipt/inv-24mm-010/675d704d-7c6c-4a1d-8eb4-f6fce21bc345,/payment-confirmation/inv-24mm-010/675d704d-7c6c-4a1d-8eb4-f6fce21bc345,c46a0b82-78f2-4142-8e25-a9f3f16bda0a,ce43c726-29ab-409f-9653-bb6300499798,,2024-02-11T16:00:00Z,,11613,,Paid,"[{""_id"":""56704e33-902b-442f-a42b-0a348bbbe377"",""_owner"":""e168cbe8-c8cb-4ec3-b920-be764ec09acc"",""_createdDate"":{""$date"":""2024-02-12T09:51:40.198Z""},""paymentMethod"":""1e696b2d-37f8-4c75-ae62-d0f85cda27a7"",""link-copy-of-dashboard-debt-report-all"":""/dashboard-payments/"",""_updatedDate"":{""$date"":""2025-08-06T04:53:14.527Z""},""amount"":11613,""company"":""c46a0b82-78f2-4142-8e25-a9f3f16bda0a"",""link-payments-paymentNumber"":""/dashboard-debt-report/"",""payment"":""100% Immediate Payment"",""invoice"":""675d704d-7c6c-4a1d-8eb4-f6fce21bc345"",""note"":"""",""status"":""Paid"",""dueDate"":{""$date"":""2024-02-11T16:00:00Z""},""paymentDate"":{""$date"":""2024-02-11T16:00:00Z""},""notes"":"""",""invoiceStatus"":""Active"",""link-copy-of-dashboard-payments-all"":""/dashboard-all-schedules/""}]","INV-24MM-010, Creative Sauce",675d704d-7c6c-4a1d-8eb4-f6fce21bc345,2024-02-12T09:51:39Z,2025-08-07T12:28:15Z,e168cbe8-c8cb-4ec3-b920-be764ec09acc,Creative Sauce,e370807f-df95-4df7-9eab-48af0f386074,
No matching project/company found from CSV search text or client name,INV-25MM-116,inv-25mm-116,/dashboard-invoice/inv-25mm-116,/public-invoice/inv-25mm-116/74645202-84ef-432c-ba47-c68978547851,/receipt/inv-25mm-116/74645202-84ef-432c-ba47-c68978547851,/payment-confirmation/inv-25mm-116/74645202-84ef-432c-ba47-c68978547851,c45da581-287e-41fd-a892-64d02d4290ff,2024cd68-867f-493c-9e2e-8895f58a4b0a,,2025-11-04T20:00:00Z,N/A,1050,,Unpaid,"[{""paymentNumber"":""RX-25MM-116"",""percentage"":1,""_id"":""6fe19407-f9a5-4668-954a-42275f1fa66a"",""_owner"":""01f011dc-8d52-4de4-9524-780ccef3313b"",""_createdDate"":{""$date"":""2025-11-05T11:06:12.427Z""},""link-copy-of-dashboard-debt-report-all"":""/dashboard-payments/"",""_updatedDate"":{""$date"":""2025-11-05T11:06:12.427Z""},""amount"":1050,""company"":""c45da581-287e-41fd-a892-64d02d4290ff"",""link-payments-paymentNumber"":""/dashboard-debt-report/"",""payment"":""Due for Payment"",""invoice"":""74645202-84ef-432c-ba47-c68978547851"",""note"":"""",""status"":""Due"",""dueDate"":{""$date"":""2025-11-04T20:00:00Z""},""invoiceStatus"":""Active"",""link-copy-of-dashboard-payments-all"":""/dashboard-all-schedules/""}]","INV-25MM-116, undefined, Big Brain Training",74645202-84ef-432c-ba47-c68978547851,2025-11-05T11:02:01Z,2025-11-05T11:06:24Z,01f011dc-8d52-4de4-9524-780ccef3313b,Big Brain Training,,2025-11-04T20:00:00Z
No matching project/company found from CSV search text or client name,INV-REV23MM-002,inv-rev23mm-02,/dashboard-invoice/inv-rev23mm-02,/public-invoice/inv-rev23mm-02/7a78327b-6898-43ff-91b3-d28b37274af0,/receipt/inv-rev23mm-02/7a78327b-6898-43ff-91b3-d28b37274af0,/payment-confirmation/inv-rev23mm-02/7a78327b-6898-43ff-91b3-d28b37274af0,21174091-b4b6-4c66-8637-9f661fa79705,5255281c-ce98-4e8c-a06f-d69428dc211b,4533d612-a771-447f-a5e8-08a89f2afa04,2023-02-23T20:00:00Z,,11020,,Paid,"[{""_id"":""9ef4e3a1-efd6-433e-9a44-1a02dc816ba6"",""_owner"":""e168cbe8-c8cb-4ec3-b920-be764ec09acc"",""_createdDate"":{""$date"":""2023-01-10T11:28:34.511Z""},""paymentMethod"":""1e696b2d-37f8-4c75-ae62-d0f85cda27a7"",""link-copy-of-dashboard-debt-report-all"":""/dashboard-payments/"",""_updatedDate"":{""$date"":""2023-04-17T20:51:51.707Z""},""amount"":5521.88,""company"":""21174091-b4b6-4c66-8637-9f661fa79705"",""link-payments-paymentNumber"":""/dashboard-debt-report/"",""payment"":""Initial Payment"",""invoice"":""7a78327b-6898-43ff-91b3-d28b37274af0"",""note"":"""",""status"":""Paid"",""dueDate"":{""$date"":""2023-03-01T16:00:00Z""},""paymentDate"":{""$date"":""2023-03-15T16:00:00Z""},""notes"":""<p> </p>"",""invoiceStatus"":""Active"",""link-copy-of-dashboard-payments-all"":""/dashboard-all-schedules/""},{""_id"":""88ccede3-8d66-49df-bb83-acbb5c016046"",""_owner"":""e168cbe8-c8cb-4ec3-b920-be764ec09acc"",""_createdDate"":{""$date"":""2023-02-24T16:39:32.759Z""},""paymentMethod"":""1e696b2d-37f8-4c75-ae62-d0f85cda27a7"",""link-copy-of-dashboard-debt-report-all"":""/dashboard-payments/"",""_updatedDate"":{""$date"":""2023-06-06T05:27:35.115Z""},""amount"":5498.12,""company"":""21174091-b4b6-4c66-8637-9f661fa79705"",""link-payments-paymentNumber"":""/dashboard-debt-report/"",""payment"":""Upon Project Completion"",""invoice"":""7a78327b-6898-43ff-91b3-d28b37274af0"",""note"":"""",""status"":""Paid"",""dueDate"":{""$date"":""2023-04-15T16:00:00Z""},""paymentDate"":{""$date"":""2023-06-04T16:00:00Z""},""notes"":"""",""invoiceStatus"":""Active"",""link-copy-of-dashboard-payments-all"":""/dashboard-all-schedules/""}]","INV-REV23MM-02, Bayti",7a78327b-6898-43ff-91b3-d28b37274af0,2023-01-10T11:10:59Z,2024-10-01T05:46:32Z,e168cbe8-c8cb-4ec3-b920-be764ec09acc,ayti,,
Multiple projects found for II Resources Network; CSV does not identify which one,INV-24MM-042,inv-24mm-042,/dashboard-invoice/inv-24mm-042,/public-invoice/inv-24mm-042/8abdd507-3ecf-46df-bb46-ab972fa0b993,/receipt/inv-24mm-042/8abdd507-3ecf-46df-bb46-ab972fa0b993,/payment-confirmation/inv-24mm-042/8abdd507-3ecf-46df-bb46-ab972fa0b993,2efc4a99-f8c9-4b25-b8fd-463c8f13cad2,c4b98c39-0f0b-4644-9f23-c692f4c2c469,,2024-03-05T16:00:00Z,,3360,,Cancelled,"[{""paymentNumber"":""RX-24MM-042"",""_id"":""5ec69c87-50c9-4863-90e3-4169f225db5c"",""_owner"":""01f011dc-8d52-4de4-9524-780ccef3313b"",""_createdDate"":{""$date"":""2024-03-06T07:28:53.794Z""},""link-copy-of-dashboard-debt-report-all"":""/dashboard-payments/"",""_updatedDate"":{""$date"":""2024-03-06T07:28:53.794Z""},""amount"":3360,""company"":""2efc4a99-f8c9-4b25-b8fd-463c8f13cad2"",""link-payments-paymentNumber"":""/dashboard-debt-report/"",""payment"":""100% Immediate Payment"",""invoice"":""8abdd507-3ecf-46df-bb46-ab972fa0b993"",""note"":"""",""status"":""Due"",""dueDate"":{""$date"":""2024-03-05T16:00:00Z""},""invoiceStatus"":""Active"",""link-copy-of-dashboard-payments-all"":""/dashboard-all-schedules/""}]","INV-24MM-042, II Resources Network",8abdd507-3ecf-46df-bb46-ab972fa0b993,2024-03-06T06:47:13Z,2024-06-12T10:33:18Z,01f011dc-8d52-4de4-9524-780ccef3313b,II Resources Network,0deb4905-0093-493b-a3ac-4ef7e85f6dfa,
No matching project/company found from CSV search text or client name,INV-26MM-150,inv-26mm-150,/dashboard-invoice/inv-26mm-150,/public-invoice/inv-26mm-150/a29dd623-d78b-4228-a9ce-1ad5a3c07e2f,/receipt/inv-26mm-150/a29dd623-d78b-4228-a9ce-1ad5a3c07e2f,/payment-confirmation/inv-26mm-150/a29dd623-d78b-4228-a9ce-1ad5a3c07e2f,d6f1ec21-6863-49f7-a4bd-560a38c169e9,7cadb6c9-5ac7-494a-aa8d-e871f6ddd84d,,2026-02-02T20:00:00Z,PO Number: 4500047133,5775,,Paid,"[{""percentage"":1,""_id"":""c2acc4ce-c025-4102-a4aa-38dc83b3c102"",""_owner"":""01f011dc-8d52-4de4-9524-780ccef3313b"",""_createdDate"":{""$date"":""2026-02-06T10:07:07.478Z""},""paymentMethod"":""1e696b2d-37f8-4c75-ae62-d0f85cda27a7"",""link-copy-of-dashboard-debt-report-all"":""/dashboard-payments/"",""_updatedDate"":{""$date"":""2026-04-21T05:51:55.218Z""},""amount"":5775,""company"":""d6f1ec21-6863-49f7-a4bd-560a38c169e9"",""link-payments-paymentNumber"":""/dashboard-debt-report/"",""payment"":""100% Upon Delivery"",""invoice"":""a29dd623-d78b-4228-a9ce-1ad5a3c07e2f"",""note"":"""",""status"":""Paid"",""dueDate"":{""$date"":""2026-02-10T20:00:00Z""},""paymentDate"":{""$date"":""2026-04-20T20:00:00Z""},""notes"":"""",""invoiceStatus"":""Active"",""link-copy-of-dashboard-payments-all"":""/dashboard-all-schedules/""}]","INV-26MM-150, undefined, World Health Expo",a29dd623-d78b-4228-a9ce-1ad5a3c07e2f,2026-02-03T09:59:41Z,2026-04-27T10:11:41Z,01f011dc-8d52-4de4-9524-780ccef3313b,World Health Expo,,2026-02-02T20:00:00Z
No matching project/company found from CSV search text or client name,INV-25MM-116,inv-25mm-116,/dashboard-invoice/inv-25mm-116,/public-invoice/inv-25mm-116/af895528-913e-487c-a5ba-9ff7b7a02fc2,/receipt/inv-25mm-116/af895528-913e-487c-a5ba-9ff7b7a02fc2,/payment-confirmation/inv-25mm-116/af895528-913e-487c-a5ba-9ff7b7a02fc2,c45da581-287e-41fd-a892-64d02d4290ff,2024cd68-867f-493c-9e2e-8895f58a4b0a,,2025-11-04T20:00:00Z,N/A,0,,Unpaid,,"INV-25MM-116, undefined, Big Brain Training",af895528-913e-487c-a5ba-9ff7b7a02fc2,2025-11-05T11:02:52Z,2025-11-05T11:02:52Z,01f011dc-8d52-4de4-9524-780ccef3313b,Big Brain Training,,2025-11-04T20:00:00Z
Multiple projects found for Mamalu Kitchen; CSV does not identify which one,INV-25MM-133,inv-25mm-133,/dashboard-invoice/inv-25mm-133,/public-invoice/inv-25mm-133/c4053c0a-0600-45b6-a3f4-ee88245cf8ef,/receipt/inv-25mm-133/c4053c0a-0600-45b6-a3f4-ee88245cf8ef,/payment-confirmation/inv-25mm-133/c4053c0a-0600-45b6-a3f4-ee88245cf8ef,07bd1c95-c349-4be3-a05e-877a405281f7,dc70bc91-f38b-4173-ba7f-8937f4ddc879,,2025-12-09T20:00:00Z,N/A,0,,Cancelled,,"INV-25MM-133, undefined, Mamalu Kitchen",c4053c0a-0600-45b6-a3f4-ee88245cf8ef,2025-12-10T06:51:16Z,2025-12-10T06:54:30Z,01f011dc-8d52-4de4-9524-780ccef3313b,Mamalu Kitchen,,2025-12-09T20:00:00Z
No matching project/company found from CSV search text or client name,INV-25MM-036,inv-25mm-036,/dashboard-invoice/inv-25mm-036,/public-invoice/inv-25mm-036/c872c9c8-3873-4bb4-a61e-8c0629ef9f83,/receipt/inv-25mm-036/c872c9c8-3873-4bb4-a61e-8c0629ef9f83,/payment-confirmation/inv-25mm-036/c872c9c8-3873-4bb4-a61e-8c0629ef9f83,56eac7e9-af94-47c0-b4b1-2a4101a9b0c1,04be3f3e-1786-4d4b-a1cc-743721b3c18c,,2025-05-15T20:00:00Z,,1155,,Paid,"[{""percentage"":1,""_id"":""73100d89-18a2-4ae7-a1e3-0987b5b2f7fe"",""_owner"":""01f011dc-8d52-4de4-9524-780ccef3313b"",""_createdDate"":{""$date"":""2025-05-16T07:20:33.516Z""},""paymentMethod"":""1e696b2d-37f8-4c75-ae62-d0f85cda27a7"",""link-copy-of-dashboard-debt-report-all"":""/dashboard-payments/"",""_updatedDate"":{""$date"":""2025-07-07T06:25:18.352Z""},""amount"":1155,""company"":""56eac7e9-af94-47c0-b4b1-2a4101a9b0c1"",""link-payments-paymentNumber"":""/dashboard-debt-report/"",""payment"":""One-Time Payment"",""invoice"":""c872c9c8-3873-4bb4-a61e-8c0629ef9f83"",""note"":""<p>Recreation of Brand Guidelines and Rebranding of 3 Documents</p>"",""status"":""Paid"",""dueDate"":{""$date"":""2025-05-18T20:00:00Z""},""paymentDate"":{""$date"":""2025-06-12T20:00:00Z""},""notes"":"""",""invoiceStatus"":""Active"",""link-copy-of-dashboard-payments-all"":""/dashboard-all-schedules/""}]","INV-25MM-036, E L I T E Property Brokerage LLC",c872c9c8-3873-4bb4-a61e-8c0629ef9f83,2025-05-16T07:20:32Z,2025-08-25T12:02:54Z,01f011dc-8d52-4de4-9524-780ccef3313b,E L I T E Property Brokerage LLC,4dc707af-c423-46c9-868c-f5b72b957e4f,
Multiple projects found for Montalbano Dubai; CSV does not identify which one,INV-26MM-174,inv-26mm-174,/dashboard-invoice/inv-26mm-174,/public-invoice/inv-26mm-174/eeb9e90f-9efa-403e-9c6a-32c8bf6b280d,/receipt/inv-26mm-174/eeb9e90f-9efa-403e-9c6a-32c8bf6b280d,/payment-confirmation/inv-26mm-174/eeb9e90f-9efa-403e-9c6a-32c8bf6b280d,c571caf6-a52d-4335-8317-8fd08f3739f4,f7ad2f86-ce4d-447e-bcb6-1b7180a7cfef,,2026-04-23T20:00:00Z,N/A,8400,,Paid,"[{""percentage"":1,""_id"":""48ea80ea-29e1-4d7b-8a1e-bada08fa682d"",""_owner"":""01f011dc-8d52-4de4-9524-780ccef3313b"",""_createdDate"":{""$date"":""2026-04-24T11:22:08.375Z""},""paymentMethod"":""1e696b2d-37f8-4c75-ae62-d0f85cda27a7"",""link-copy-of-dashboard-debt-report-all"":""/dashboard-payments/"",""_updatedDate"":{""$date"":""2026-04-30T11:21:36.993Z""},""amount"":8400,""company"":""c571caf6-a52d-4335-8317-8fd08f3739f4"",""link-payments-paymentNumber"":""/dashboard-debt-report/"",""payment"":""Commencement Date"",""invoice"":""eeb9e90f-9efa-403e-9c6a-32c8bf6b280d"",""note"":"""",""status"":""Paid"",""dueDate"":{""$date"":""2026-04-26T20:00:00Z""},""paymentDate"":{""$date"":""2026-04-29T20:00:00Z""},""notes"":"""",""invoiceStatus"":""Active"",""link-copy-of-dashboard-payments-all"":""/dashboard-all-schedules/""}]","INV-26MM-174, Montalbano Dubai",eeb9e90f-9efa-403e-9c6a-32c8bf6b280d,2026-04-24T11:22:07Z,2026-07-06T07:18:40Z,01f011dc-8d52-4de4-9524-780ccef3313b,Montalbano Dubai,5844af3b-17a4-48b4-b345-15d35368f701,2026-04-24T20:00:00Z
No matching project/company found from CSV search text or client name,INV-24MM-085,inv-24mm-085,/dashboard-invoice/inv-24mm-085,/public-invoice/inv-24mm-085/f01c0a81-45df-4b38-9bbe-b5a3616edbbd,/receipt/inv-24mm-085/f01c0a81-45df-4b38-9bbe-b5a3616edbbd,/payment-confirmation/inv-24mm-085/f01c0a81-45df-4b38-9bbe-b5a3616edbbd,73469973-b85b-4f9d-9a21-11b1e5362527,cdbc1600-e642-4afd-b5c1-d660def993cd,,2024-08-21T20:00:00Z,N/A,109725,,Cancelled,"[{""paymentNumber"":""RX-24MM-085"",""_id"":""272c4b1b-a4ee-4b67-9016-a202957c0d03"",""_owner"":""01f011dc-8d52-4de4-9524-780ccef3313b"",""_createdDate"":{""$date"":""2024-08-22T06:03:56.243Z""},""link-copy-of-dashboard-debt-report-all"":""/dashboard-payments/"",""_updatedDate"":{""$date"":""2024-08-22T06:03:57.669Z""},""amount"":10762.5,""company"":""73469973-b85b-4f9d-9a21-11b1e5362527"",""link-payments-paymentNumber"":""/dashboard-debt-report/"",""payment"":""50% Other Services - Web Design, Branding and Annual Subscription "",""invoice"":""f01c0a81-45df-4b38-9bbe-b5a3616edbbd"",""note"":"""",""status"":""Due"",""dueDate"":{""$date"":""2024-08-21T20:00:00Z""},""invoiceStatus"":""Active"",""link-copy-of-dashboard-payments-all"":""/dashboard-all-schedules/""},{""paymentNumber"":""RX-24MM-085"",""_id"":""2ad0ed4b-52dd-4292-8624-5575f5d93e64"",""_owner"":""01f011dc-8d52-4de4-9524-780ccef3313b"",""_createdDate"":{""$date"":""2024-08-22T06:03:56.392Z""},""link-copy-of-dashboard-debt-report-all"":""/dashboard-payments/"",""_updatedDate"":{""$date"":""2024-08-22T06:03:57.690Z""},""amount"":7350,""company"":""73469973-b85b-4f9d-9a21-11b1e5362527"",""link-payments-paymentNumber"":""/dashboard-debt-report/"",""payment"":""Social Media Marketing Installment 1"",""invoice"":""f01c0a81-45df-4b38-9bbe-b5a3616edbbd"",""note"":"""",""status"":""Due"",""dueDate"":{""$date"":""2024-08-21T20:00:00Z""},""invoiceStatus"":""Active"",""link-copy-of-dashboard-payments-all"":""/dashboard-all-schedules/""},{""paymentNumber"":""RX-24MM-085"",""_id"":""3e829963-6eb2-42cc-995b-02d3ec1754bc"",""_owner"":""01f011dc-8d52-4de4-9524-780ccef3313b"",""_createdDate"":{""$date"":""2024-08-22T06:03:56.351Z""},""link-copy-of-dashboard-debt-report-all"":""/dashboard-payments/"",""_updatedDate"":{""$date"":""2024-08-22T06:03:56.351Z""},""amount"":7350,""company"":""73469973-b85b-4f9d-9a21-11b1e5362527"",""link-payments-paymentNumber"":""/dashboard-debt-report/"",""payment"":""Social Media Marketing Installment 2"",""invoice"":""f01c0a81-45df-4b38-9bbe-b5a3616edbbd"",""note"":"""",""status"":""Not Due"",""dueDate"":{""$date"":""2024-09-21T20:00:00Z""},""invoiceStatus"":""Active"",""link-copy-of-dashboard-payments-all"":""/dashboard-all-schedules/""},{""paymentNumber"":""RX-24MM-085"",""_id"":""e0c62c83-cbf5-4718-8a34-86cec89382b8"",""_owner"":""01f011dc-8d52-4de4-9524-780ccef3313b"",""_createdDate"":{""$date"":""2024-08-22T06:03:56.247Z""},""link-copy-of-dashboard-debt-report-all"":""/dashboard-payments/"",""_updatedDate"":{""$date"":""2024-08-22T06:03:56.247Z""},""amount"":10762.5,""company"":""73469973-b85b-4f9d-9a21-11b1e5362527"",""link-payments-paymentNumber"":""/dashboard-debt-report/"",""payment"":""50% Other Services - Remaining"",""invoice"":""f01c0a81-45df-4b38-9bbe-b5a3616edbbd"",""note"":"""",""status"":""Not Due"",""dueDate"":{""$date"":""2024-09-21T20:00:00Z""},""invoiceStatus"":""Active"",""link-copy-of-dashboard-payments-all"":""/dashboard-all-schedules/""},{""paymentNumber"":""RX-24MM-085"",""_id"":""bf02c441-1303-448f-9be0-5a30aea96934"",""_owner"":""01f011dc-8d52-4de4-9524-780ccef3313b"",""_createdDate"":{""$date"":""2024-08-22T06:03:56.332Z""},""link-copy-of-dashboard-debt-report-all"":""/dashboard-payments/"",""_updatedDate"":{""$date"":""2024-08-22T06:03:56.332Z""},""amount"":7350,""company"":""73469973-b85b-4f9d-9a21-11b1e5362527"",""link-payments-paymentNumber"":""/dashboard-debt-report/"",""payment"":""Social Media Marketing Installment 3"",""invoice"":""f01c0a81-45df-4b38-9bbe-b5a3616edbbd"",""note"":"""",""status"":""Not Due"",""dueDate"":{""$date"":""2024-10-21T20:00:00Z""},""invoiceStatus"":""Active"",""link-copy-of-dashboard-payments-all"":""/dashboard-all-schedules/""},{""paymentNumber"":""RX-24MM-085"",""_id"":""ecef9421-bacc-4f26-83be-2469ff1f1c77"",""_owner"":""01f011dc-8d52-4de4-9524-780ccef3313b"",""_createdDate"":{""$date"":""2024-08-22T06:03:56.346Z""},""link-copy-of-dashboard-debt-report-all"":""/dashboard-payments/"",""_updatedDate"":{""$date"":""2024-08-22T06:03:56.346Z""},""amount"":7350,""company"":""73469973-b85b-4f9d-9a21-11b1e5362527"",""link-payments-paymentNumber"":""/dashboard-debt-report/"",""payment"":""Social Media Marketing Installment 4"",""invoice"":""f01c0a81-45df-4b38-9bbe-b5a3616edbbd"",""note"":"""",""status"":""Not Due"",""dueDate"":{""$date"":""2024-11-21T20:00:00Z""},""invoiceStatus"":""Active"",""link-copy-of-dashboard-payments-all"":""/dashboard-all-schedules/""},{""paymentNumber"":""RX-24MM-085"",""_id"":""70ef9d4b-564c-4fcf-8c18-4f9e29d14ca7"",""_owner"":""01f011dc-8d52-4de4-9524-780ccef3313b"",""_createdDate"":{""$date"":""2024-08-22T06:03:56.360Z""},""link-copy-of-dashboard-debt-report-all"":""/dashboard-payments/"",""_updatedDate"":{""$date"":""2024-08-22T06:03:56.360Z""},""amount"":7350,""company"":""73469973-b85b-4f9d-9a21-11b1e5362527"",""link-payments-paymentNumber"":""/dashboard-debt-report/"",""payment"":""Social Media Marketing Installment 5"",""invoice"":""f01c0a81-45df-4b38-9bbe-b5a3616edbbd"",""note"":"""",""status"":""Not Due"",""dueDate"":{""$date"":""2024-12-21T20:00:00Z""},""invoiceStatus"":""Active"",""link-copy-of-dashboard-payments-all"":""/dashboard-all-schedules/""},{""paymentNumber"":""RX-24MM-085"",""_id"":""eed6cc16-d742-4229-a6aa-48f61618a83c"",""_owner"":""01f011dc-8d52-4de4-9524-780ccef3313b"",""_createdDate"":{""$date"":""2024-08-22T06:03:56.347Z""},""link-copy-of-dashboard-debt-report-all"":""/dashboard-payments/"",""_updatedDate"":{""$date"":""2024-08-22T06:03:56.347Z""},""amount"":7350,""company"":""73469973-b85b-4f9d-9a21-11b1e5362527"",""link-payments-paymentNumber"":""/dashboard-debt-report/"",""payment"":""Social Media Marketing Installment 6"",""invoice"":""f01c0a81-45df-4b38-9bbe-b5a3616edbbd"",""note"":"""",""status"":""Not Due"",""dueDate"":{""$date"":""2025-01-21T20:00:00Z""},""invoiceStatus"":""Active"",""link-copy-of-dashboard-payments-all"":""/dashboard-all-schedules/""},{""paymentNumber"":""RX-24MM-085"",""_id"":""0450708a-f678-4985-9a19-a677869237ed"",""_owner"":""01f011dc-8d52-4de4-9524-780ccef3313b"",""_createdDate"":{""$date"":""2024-08-22T06:03:56.333Z""},""link-copy-of-dashboard-debt-report-all"":""/dashboard-payments/"",""_updatedDate"":{""$date"":""2024-08-22T06:03:56.333Z""},""amount"":7350,""company"":""73469973-b85b-4f9d-9a21-11b1e5362527"",""link-payments-paymentNumber"":""/dashboard-debt-report/"",""payment"":""Social Media Marketing Installment 7"",""invoice"":""f01c0a81-45df-4b38-9bbe-b5a3616edbbd"",""note"":"""",""status"":""Not Due"",""dueDate"":{""$date"":""2025-02-21T20:00:00Z""},""invoiceStatus"":""Active"",""link-copy-of-dashboard-payments-all"":""/dashboard-all-schedules/""},{""paymentNumber"":""RX-24MM-085"",""_id"":""dff5c69c-f89c-48b5-8449-7e84b905dc7d"",""_owner"":""01f011dc-8d52-4de4-9524-780ccef3313b"",""_createdDate"":{""$date"":""2024-08-22T06:03:56.333Z""},""link-copy-of-dashboard-debt-report-all"":""/dashboard-payments/"",""_updatedDate"":{""$date"":""2024-08-22T06:03:56.333Z""},""amount"":7350,""company"":""73469973-b85b-4f9d-9a21-11b1e5362527"",""link-payments-paymentNumber"":""/dashboard-debt-report/"",""payment"":""Social Media Marketing Installment 8"",""invoice"":""f01c0a81-45df-4b38-9bbe-b5a3616edbbd"",""note"":"""",""status"":""Not Due"",""dueDate"":{""$date"":""2025-03-21T20:00:00Z""},""invoiceStatus"":""Active"",""link-copy-of-dashboard-payments-all"":""/dashboard-all-schedules/""},{""paymentNumber"":""RX-24MM-085"",""_id"":""76dce187-efd9-451d-9278-4e98dc90db9a"",""_owner"":""01f011dc-8d52-4de4-9524-780ccef3313b"",""_createdDate"":{""$date"":""2024-08-22T06:03:56.322Z""},""link-copy-of-dashboard-debt-report-all"":""/dashboard-payments/"",""_updatedDate"":{""$date"":""2024-08-22T06:03:56.322Z""},""amount"":7350,""company"":""73469973-b85b-4f9d-9a21-11b1e5362527"",""link-payments-paymentNumber"":""/dashboard-debt-report/"",""payment"":""Social Media Marketing Installment 9"",""invoice"":""f01c0a81-45df-4b38-9bbe-b5a3616edbbd"",""note"":"""",""status"":""Not Due"",""dueDate"":{""$date"":""2025-04-21T20:00:00Z""},""invoiceStatus"":""Active"",""link-copy-of-dashboard-payments-all"":""/dashboard-all-schedules/""},{""paymentNumber"":""RX-24MM-085"",""_id"":""56ea1d0c-4d76-4231-aefa-5aeff0d4ba3c"",""_owner"":""01f011dc-8d52-4de4-9524-780ccef3313b"",""_createdDate"":{""$date"":""2024-08-22T06:03:56.330Z""},""link-copy-of-dashboard-debt-report-all"":""/dashboard-payments/"",""_updatedDate"":{""$date"":""2024-08-22T06:03:56.330Z""},""amount"":7350,""company"":""73469973-b85b-4f9d-9a21-11b1e5362527"",""link-payments-paymentNumber"":""/dashboard-debt-report/"",""payment"":""Social Media Marketing Installment 10"",""invoice"":""f01c0a81-45df-4b38-9bbe-b5a3616edbbd"",""note"":"""",""status"":""Not Due"",""dueDate"":{""$date"":""2025-05-21T20:00:00Z""},""invoiceStatus"":""Active"",""link-copy-of-dashboard-payments-all"":""/dashboard-all-schedules/""},{""paymentNumber"":""RX-24MM-085"",""_id"":""44f99e74-93a9-493f-b747-5bdd416f1d25"",""_owner"":""01f011dc-8d52-4de4-9524-780ccef3313b"",""_createdDate"":{""$date"":""2024-08-22T06:03:56.254Z""},""link-copy-of-dashboard-debt-report-all"":""/dashboard-payments/"",""_updatedDate"":{""$date"":""2024-08-22T06:03:56.254Z""},""amount"":7350,""company"":""73469973-b85b-4f9d-9a21-11b1e5362527"",""link-payments-paymentNumber"":""/dashboard-debt-report/"",""payment"":""Social Media Marketing Installment 11"",""invoice"":""f01c0a81-45df-4b38-9bbe-b5a3616edbbd"",""note"":"""",""status"":""Not Due"",""dueDate"":{""$date"":""2025-06-21T20:00:00Z""},""invoiceStatus"":""Active"",""link-copy-of-dashboard-payments-all"":""/dashboard-all-schedules/""},{""paymentNumber"":""RX-24MM-085"",""_id"":""03b866c9-d4b7-400f-846a-6418cfaf317d"",""_owner"":""01f011dc-8d52-4de4-9524-780ccef3313b"",""_createdDate"":{""$date"":""2024-08-22T06:03:56.242Z""},""link-copy-of-dashboard-debt-report-all"":""/dashboard-payments/"",""_updatedDate"":{""$date"":""2024-08-22T06:03:56.242Z""},""amount"":7350,""company"":""73469973-b85b-4f9d-9a21-11b1e5362527"",""link-payments-paymentNumber"":""/dashboard-debt-report/"",""payment"":""Social Media Marketing Installment 12"",""invoice"":""f01c0a81-45df-4b38-9bbe-b5a3616edbbd"",""note"":"""",""status"":""Not Due"",""dueDate"":{""$date"":""2025-07-21T20:00:00Z""},""invoiceStatus"":""Active"",""link-copy-of-dashboard-payments-all"":""/dashboard-all-schedules/""}]","INV-24MM-085, Website Development, Thomas",f01c0a81-45df-4b38-9bbe-b5a3616edbbd,2024-08-22T06:03:55Z,2024-09-10T11:25:54Z,01f011dc-8d52-4de4-9524-780ccef3313b,Thomas,ef23eccb-48bb-419a-9a96-88627d9faf14,