"ID","Created Date","Updated Date","Owner","company","website","address","user","Client Details","slug","trn","SOA - Admin","Companies (Company)","SOA - Public","logo","socialmediaHandle","status"
"028fa6df-1275-48d4-8562-cf40b2f2db47",2024-10-10T08:19:40Z,2025-05-22T10:25:21Z,"01f011dc-8d52-4de4-9524-780ccef3313b","Microsafe Group","none","none","77c8d6d6-afd6-42d7-ac13-78bdda0d9926","/dashboard-client/616602","616602","TRN: ","/statement-of-accounts/616602","/companies/microsafe-group","/statement-of-accounts/public/616602",,,"Active"
"02e81c6c-f768-42f0-85fd-2d5f73a5b2b3",2022-11-28T18:36:29Z,2025-05-22T10:25:21Z,"e168cbe8-c8cb-4ec3-b920-be764ec09acc","Magna Global","https://www.magnamena.com/","Barsha Heights, Dubai, UAE","5c084634-6869-4e43-a13e-fbede7b594d4","/dashboard-client/297425","297425",,"/statement-of-accounts/297425","/companies/magna-global","/statement-of-accounts/public/297425",,,"Active"
"030db3ab-2e30-4399-98c6-3d7439853bb6",2025-09-12T07:15:44Z,2025-09-12T07:15:44Z,"01f011dc-8d52-4de4-9524-780ccef3313b","One of One Auto",,,"86b14473-f7c1-45b3-abba-dacc255875fe","/dashboard-client/98739","98739",,"/statement-of-accounts/98739","/companies/one-of-one-auto","/statement-of-accounts/public/98739",,,"Active"
"03bda1f0-7a33-470e-8fbe-5fce585218f2",2025-06-24T09:39:06Z,2025-06-24T09:40:02Z,"01f011dc-8d52-4de4-9524-780ccef3313b","Funch.","https://www.getfunch.com/","Dubai Internet City","86b14473-f7c1-45b3-abba-dacc255875fe","/dashboard-client/665939","665939","TRN: ","/statement-of-accounts/665939","/companies/funch.","/statement-of-accounts/public/665939","wix:image://v1/01f011_7f87c127045f4b7ea08f29324c7145d1~mv2.png/67de63dfd252b1696ee32820_dd04695dd42526e413f49e9526ed5513_funch..png#originWidth=1281&originHeight=305",,"Active"
"04650575-ff2f-4aec-9952-4693238376be",2023-12-15T12:06:46Z,2025-05-22T10:25:21Z,"e168cbe8-c8cb-4ec3-b920-be764ec09acc","Environe International FZE",,"Dubai","5c084634-6869-4e43-a13e-fbede7b594d4","/dashboard-client/332996","332996","TRN: ","/statement-of-accounts/332996","/companies/environe-international-fze","/statement-of-accounts/public/332996",,,"Active"
"0504934a-00e2-435f-a2fa-8d03fb8cadbf",2023-09-12T12:04:29Z,2025-05-22T10:25:21Z,"e168cbe8-c8cb-4ec3-b920-be764ec09acc","Aesthetic Links",,"Dubai","c2b5f7ae-8db7-4f98-ba73-b2dbc1c40375","/dashboard-client/682186","682186","TRN: 104153400700001","/statement-of-accounts/682186","/companies/aesthetic-links","/statement-of-accounts/public/682186",,,"Active"
"0727493f-5631-41f1-8786-1418c05e5b85",2023-01-20T11:51:50Z,2025-05-22T10:25:21Z,"e168cbe8-c8cb-4ec3-b920-be764ec09acc","Caribbons","https://www.caribbons.com/","Dubai, UAE","5c084634-6869-4e43-a13e-fbede7b594d4","/dashboard-client/120831","120831","TRN: ","/statement-of-accounts/120831","/companies/caribbons","/statement-of-accounts/public/120831",,,"Active"
"07bd1c95-c349-4be3-a05e-877a405281f7",2022-11-30T20:14:00Z,2025-12-18T06:33:19Z,"e168cbe8-c8cb-4ec3-b920-be764ec09acc","Mamalu Kitchen","https://www.mamalukitchen.com/","Depachika Food Hall, Nakheel Mall inside,  Center of Palm Jumeirah,  Dubai, UAE","5c084634-6869-4e43-a13e-fbede7b594d4","/dashboard-client/599619","599619","TRN: 100465610200003","/statement-of-accounts/599619","/companies/mamalu-kitchen","/statement-of-accounts/public/599619",,,"Active"
"0bca2f70-e409-46ad-89ca-4b6b9e8616a7",2025-03-27T08:15:13Z,2025-05-22T10:25:21Z,"01f011dc-8d52-4de4-9524-780ccef3313b","Climax Nutrition",,"Dubai","0b9a27c3-c82e-4b9f-9dbd-fdc3957df1ab","/dashboard-client/624327","624327","TRN: ","/statement-of-accounts/624327","/companies/climax-nutrition","/statement-of-accounts/public/624327",,,"Active"
"0d4b6056-14cd-40f0-909b-4d0023ae0684",2023-09-07T11:48:44Z,2025-05-22T10:26:09Z,"e168cbe8-c8cb-4ec3-b920-be764ec09acc","Diva Atelier","https://divaatelier.ae/password","Dubai","c2b5f7ae-8db7-4f98-ba73-b2dbc1c40375","/dashboard-client/131114","131114","TRN: ","/statement-of-accounts/131114","/companies/diva-atelier","/statement-of-accounts/public/131114",,,"Blacklisted"
"0d5fb996-1d33-40e4-a21c-63d0244f4b18",2024-03-11T19:14:05Z,2025-08-17T11:56:25Z,"01f011dc-8d52-4de4-9524-780ccef3313b","Bold & Beyond Coaching","https://boldandbeyondcoaching.ae/","Dubai, United Arab Emirates","5c084634-6869-4e43-a13e-fbede7b594d4","/dashboard-client/616763","616763","TRN: ","/statement-of-accounts/616763","/companies/bold-%26-beyond-coaching","/statement-of-accounts/public/616763","wix:image://v1/e771b8_e07b03dab8c245bcb74d206d2317a521~mv2.jpg/440963610_122147588132195983_2615442322061830545_n%20(1)_edited.jpg#originWidth=200&originHeight=200","boldandbeyond.ae","Active"
"0e540cd8-7641-4994-b260-8c4b460cd27f",2024-10-03T06:10:42Z,2025-05-22T10:25:21Z,"01f011dc-8d52-4de4-9524-780ccef3313b","Aqua Face Facial Bar ","www.aquafacefacialbar.com ","DIFC - Dubai International Financial Centre","c2b5f7ae-8db7-4f98-ba73-b2dbc1c40375","/dashboard-client/601962","601962","TRN: ","/statement-of-accounts/601962","/companies/aqua-face-facial-bar-","/statement-of-accounts/public/601962",,,"Active"
"0e683bfd-b212-43c3-9413-ba980c3162d9",2024-07-05T08:37:33Z,2025-05-22T10:25:21Z,"01f011dc-8d52-4de4-9524-780ccef3313b","Simply Forex","http://www.simply-forex.com","Dubai","c2b5f7ae-8db7-4f98-ba73-b2dbc1c40375","/dashboard-client/165542","165542","TRN: ","/statement-of-accounts/165542","/companies/simply-forex","/statement-of-accounts/public/165542","wix:image://v1/01f011_1c3ffa2e3e4846c6ab38953082fb23dd~mv2.jpg/438303142_448016801075216_2326199046539925770_n.jpg#originWidth=452&originHeight=452","simplyforex","Active"
"0f0c2f4d-2bc6-4aee-81a7-29c31f42348f",2025-01-02T10:28:04Z,2025-05-22T10:25:21Z,"01f011dc-8d52-4de4-9524-780ccef3313b","The Shape Concept","https://www.shapeconceptuae.com/","Dubai, UAE","77c8d6d6-afd6-42d7-ac13-78bdda0d9926","/dashboard-client/60530","60530","TRN: ","/statement-of-accounts/60530","/companies/the-shape-concept","/statement-of-accounts/public/60530",,,"Active"
"11ef8f2b-4a96-49bb-84ad-20dfceab4010",2023-08-28T06:21:19Z,2025-05-22T10:25:21Z,"e168cbe8-c8cb-4ec3-b920-be764ec09acc","G.P.W","https://www.gpwgifts.com/","Al Muteena Street LULU Centre 3rd - 313 P.O. Box : 81585","c2b5f7ae-8db7-4f98-ba73-b2dbc1c40375","/dashboard-client/684730","684730","TRN: ","/statement-of-accounts/684730","/companies/g.p.w","/statement-of-accounts/public/684730",,,"Active"
"13a7054a-69bb-4514-8cf0-99c746f8aaee",2025-10-27T16:44:32Z,2025-10-30T12:11:03Z,"01f011dc-8d52-4de4-9524-780ccef3313b","Aretso Food Co. (Lino)",,"Amman, Jordan","5c084634-6869-4e43-a13e-fbede7b594d4","/dashboard-client/669623","669623","TRN: ","/statement-of-accounts/669623","/companies/aretso-food-co.-(lino)","/statement-of-accounts/public/669623","wix:image://v1/01f011_cb1bb1bd02254882b51ded219b8e5f6c~mv2.jpg/lino2.jpg#originWidth=150&originHeight=150","linolada.jo","Active"
"13e49100-e003-49e7-8386-c7f0c100d4c9",2023-05-25T10:44:03Z,2025-05-22T10:25:21Z,"e168cbe8-c8cb-4ec3-b920-be764ec09acc","Sand Beach KSA","https://beachsand-sa.com/en/","Saudi Arabia","c2b5f7ae-8db7-4f98-ba73-b2dbc1c40375","/dashboard-client/404791","404791","TRN: ","/statement-of-accounts/404791","/companies/sand-beach-ksa","/statement-of-accounts/public/404791",,,"Active"
"178743ef-4f33-4015-814e-62dad2f3dbf6",2024-02-21T08:57:18Z,2025-05-22T10:25:21Z,"01f011dc-8d52-4de4-9524-780ccef3313b","Sand Dunes","https://dubaidunesproperties.com/","Sheikh Zayed Road Besides Manara Municipality, MSM 2 Building, Office 208","77c8d6d6-afd6-42d7-ac13-78bdda0d9926","/dashboard-client/160785","160785","TRN: ","/statement-of-accounts/160785","/companies/sand-dunes","/statement-of-accounts/public/160785",,,"Active"
"18b7a26f-7f8a-456f-a7c6-d26aa1535fec",2025-10-06T09:52:13Z,2025-10-27T16:44:55Z,"01f011dc-8d52-4de4-9524-780ccef3313b","Aretso Food Co. (Alkalive)","https://www.alkalivejo.com/","Jordan","c2b5f7ae-8db7-4f98-ba73-b2dbc1c40375","/dashboard-client/133125","133125","TRN: ","/statement-of-accounts/133125","/companies/aretso","/statement-of-accounts/public/133125","wix:image://v1/01f011_624e5ef4054b48ba94bd8083627ee4e3~mv2.jpg/alkalive.jpg#originWidth=1014&originHeight=1012","alkalive.jo","Active"
"1bf2c758-c017-4679-bc91-42d6a9a17a27",2024-10-11T08:14:16Z,2025-05-22T10:25:21Z,"01f011dc-8d52-4de4-9524-780ccef3313b","Mattabolic","http://www.mattabolic.com","JVC, Dubai, UAE","5c084634-6869-4e43-a13e-fbede7b594d4","/dashboard-client/164393","164393","TRN: ","/statement-of-accounts/164393","/companies/mattabolic","/statement-of-accounts/public/164393","wix:image://v1/01f011_887d3a5127f34d46aa250e291f0e645e~mv2.jpg/461831582_122101368794552150_7173416694534353533_n.jpg#originWidth=200&originHeight=200","mattabolicfit","Active"
"1c17a651-2ecb-4a39-9a83-119a3bca2a99",2022-11-20T21:41:23Z,2025-05-22T10:25:21Z,"e168cbe8-c8cb-4ec3-b920-be764ec09acc","Lisaf","https://www.lisaf.ae/","Dubai, UAE","5c084634-6869-4e43-a13e-fbede7b594d4","/dashboard-client/80231","80231",,"/statement-of-accounts/80231","/companies/lisaf","/statement-of-accounts/public/80231",,,"Active"
"1cb8a8b7-fbd7-4531-be0a-d0c91a0e09f0",2022-11-20T10:59:13Z,2025-05-22T10:25:21Z,"e168cbe8-c8cb-4ec3-b920-be764ec09acc","Luxury StayCation Holiday Homes","https://www.luxurystaycation.homes/","Office 2107 Clover Bay Tower Business Bay, Dubai, United Arab Emirates","5c084634-6869-4e43-a13e-fbede7b594d4","/dashboard-client/256784","256784",,"/statement-of-accounts/256784","/companies/luxury-staycation-holiday-homes","/statement-of-accounts/public/256784",,,"Active"
"1cb9a32b-26b8-4687-9a84-1a4ca764a5a0",2023-03-31T13:41:58Z,2025-10-10T09:55:18Z,"e168cbe8-c8cb-4ec3-b920-be764ec09acc","A and A Consultancy Engineering - Sole Proprietorship LLC","www.dantataorg.com","Abu Dhabi","c2b5f7ae-8db7-4f98-ba73-b2dbc1c40375","/dashboard-client/537275","537275","TRN: 104495297400001","/statement-of-accounts/537275","/companies/a-%26-a-technologies-dmcc","/statement-of-accounts/public/537275",,,"Active"
"202374f7-eef7-41c8-a733-37a3bdb82a0f",2024-07-11T09:44:08Z,2025-05-22T10:25:21Z,"01f011dc-8d52-4de4-9524-780ccef3313b","Nathan",,"Dubai","c2b5f7ae-8db7-4f98-ba73-b2dbc1c40375","/dashboard-client/553134","553134","TRN: ","/statement-of-accounts/553134","/companies/nathan","/statement-of-accounts/public/553134",,,"Active"
"20baf09c-bf96-4081-ae57-71c9f0a0fdd4",2024-08-13T07:35:01Z,2025-05-22T10:25:21Z,"01f011dc-8d52-4de4-9524-780ccef3313b","GS Tailoring",,"Abu Dhabi","77c8d6d6-afd6-42d7-ac13-78bdda0d9926","/dashboard-client/119726","119726","TRN: ","/statement-of-accounts/119726","/companies/gs-tailoring","/statement-of-accounts/public/119726",,,"Active"
"21174091-b4b6-4c66-8637-9f661fa79705",2023-01-09T15:42:21Z,2025-05-22T10:25:21Z,"e168cbe8-c8cb-4ec3-b920-be764ec09acc","Bayti",,"Dubai","c2b5f7ae-8db7-4f98-ba73-b2dbc1c40375","/dashboard-client/106374","106374","TRN: ","/statement-of-accounts/106374","/companies/bayti","/statement-of-accounts/public/106374",,,"Active"
"2b705607-c40a-4c8e-9a80-78e595c544f0",2025-08-13T07:28:35Z,2025-08-13T07:28:35Z,"01f011dc-8d52-4de4-9524-780ccef3313b","Revent Hub","None","none","86b14473-f7c1-45b3-abba-dacc255875fe","/dashboard-client/536097","536097","TRN: ","/statement-of-accounts/536097","/companies/revent-hub","/statement-of-accounts/public/536097",,,"Active"
"2b82a6ae-eb6c-4a25-b083-51100bca668a",2023-08-23T11:07:50Z,2025-05-22T10:25:21Z,"e168cbe8-c8cb-4ec3-b920-be764ec09acc","Hive Zero","www.hive-zero.com","Dubai, United Arab Emirates","c2b5f7ae-8db7-4f98-ba73-b2dbc1c40375","/dashboard-client/446958","446958","TRN: ","/statement-of-accounts/446958","/companies/hive-zero","/statement-of-accounts/public/446958",,,"Active"
"2bc7a710-aefc-4b06-b0b2-361b14b3b092",2022-11-18T11:22:43Z,2025-05-22T10:25:21Z,"e168cbe8-c8cb-4ec3-b920-be764ec09acc","KhamCo","https://www.kham.co/","Dubai, UAE","a3efb115-821a-43d3-94ad-afc4382a24df","/dashboard-client/703137","703137",,"/statement-of-accounts/703137","/companies/khamco","/statement-of-accounts/public/703137",,,"Active"
"2efc4a99-f8c9-4b25-b8fd-463c8f13cad2",2023-10-07T13:55:28Z,2025-05-22T10:25:21Z,"e168cbe8-c8cb-4ec3-b920-be764ec09acc","II Resources Network","https://www.iiresourcesnetwork.com/","Dubai","c2b5f7ae-8db7-4f98-ba73-b2dbc1c40375","/dashboard-client/169141","169141","TRN: ","/statement-of-accounts/169141","/companies/ii-resources-network","/statement-of-accounts/public/169141",,,"Active"
"30851de3-e0c7-4cb2-bbc0-7f79ac4b8cd6",2024-10-21T07:52:31Z,2025-05-22T10:25:21Z,"01f011dc-8d52-4de4-9524-780ccef3313b","Conrad Hotels","https://conradhotels.com/","West Corniche, P.O. Box 111929  Abu Dhabi, United Arab Emirates","77c8d6d6-afd6-42d7-ac13-78bdda0d9926","/dashboard-client/376849","376849","TRN: ","/statement-of-accounts/376849","/companies/conrad-hotels","/statement-of-accounts/public/376849",,,"Active"
"34a2f467-ef8e-4733-b6ad-7d176e614466",2024-07-16T06:44:53Z,2025-12-05T09:29:34Z,"01f011dc-8d52-4de4-9524-780ccef3313b","Esperia Volleyball Academy LLC ","https://www.volley.ae/","Office 16, Prime 28 Limited, Business Bay, Dubai, 122595, UAE","77c8d6d6-afd6-42d7-ac13-78bdda0d9926","/dashboard-client/164233","164233","TRN: 104275980100003","/statement-of-accounts/164233","/companies/esperia-volleyball-academy-llc-","/statement-of-accounts/public/164233","wix:image://v1/01f011_d3c796606f5e4b95b686efd02af12e08~mv2.jpg/312800999_535244108607287_2904557765720418311_n.jpg#originWidth=714&originHeight=714","esperia.volleyball.dubai","Active"
"36d56eba-c69a-4785-ae2c-6465980f7f12",2024-11-20T09:02:11Z,2025-05-22T10:25:21Z,"01f011dc-8d52-4de4-9524-780ccef3313b","Rijas Group",,,"77c8d6d6-afd6-42d7-ac13-78bdda0d9926","/dashboard-client/174983","174983","TRN: ","/statement-of-accounts/174983","/companies/rijas-group","/statement-of-accounts/public/174983",,,"Active"
"3a4420e4-dffa-42f9-8ac1-1859ae53226e",2025-05-27T10:54:08Z,2025-05-27T10:54:08Z,"01f011dc-8d52-4de4-9524-780ccef3313b","Code8","code8.studio","Iris Bay, Business Bay","86b14473-f7c1-45b3-abba-dacc255875fe","/dashboard-client/68075","68075","TRN: ","/statement-of-accounts/68075","/companies/code8","/statement-of-accounts/public/68075",,,"Active"
"3b9917c0-1543-40e3-9f65-8b1359330893",2022-11-30T16:26:19Z,2025-05-22T10:25:21Z,"e168cbe8-c8cb-4ec3-b920-be764ec09acc","Evolution Trading","https://www.evolutiontrading.co/","177 El Yasmine 7, 5th settlement, New Cairo, Egypt","5c084634-6869-4e43-a13e-fbede7b594d4","/dashboard-client/684656","684656",,"/statement-of-accounts/684656","/companies/evolution-trading","/statement-of-accounts/public/684656",,,"Active"
"3c391976-5953-485f-a101-0f3ede83f2ac",2025-09-03T07:02:46Z,2025-09-03T07:02:46Z,"01f011dc-8d52-4de4-9524-780ccef3313b","Catamaran Agent",,,"86b14473-f7c1-45b3-abba-dacc255875fe","/dashboard-client/173674","173674",,"/statement-of-accounts/173674","/companies/catamaran-agent","/statement-of-accounts/public/173674",,,"Active"
"3e673cc2-2f0b-4f65-b151-b453f42b2dd7",2024-07-11T09:44:08Z,2025-05-22T10:25:21Z,"01f011dc-8d52-4de4-9524-780ccef3313b","Nathan",,"Dubai","c2b5f7ae-8db7-4f98-ba73-b2dbc1c40375","/dashboard-client/553134","553134","TRN: ","/statement-of-accounts/553134","/companies/nathan","/statement-of-accounts/public/553134",,,"Active"
"3f7c1374-b464-48a6-8163-f14cbf61a72c",2022-11-28T18:10:50Z,2025-05-22T10:25:21Z,"e168cbe8-c8cb-4ec3-b920-be764ec09acc","Emirates World Medical Supplies","https://www.ewmsae.com/","Morocco I01 - International City - Morocco Cluster, Dubai, UAE","5c084634-6869-4e43-a13e-fbede7b594d4","/dashboard-client/84249","84249",,"/statement-of-accounts/84249","/companies/emirates-world-medical-supplies","/statement-of-accounts/public/84249",,,"Active"
"3ff05957-c1b1-4d96-8e10-c8164cc198fd",2022-11-18T07:02:16Z,2025-05-22T10:25:21Z,"e168cbe8-c8cb-4ec3-b920-be764ec09acc","Gout De Vie","https://www.goutdevie.com/","Dubai, UAE","5c084634-6869-4e43-a13e-fbede7b594d4","/dashboard-client/137542","137542",,"/statement-of-accounts/137542","/companies/gout-de-vie","/statement-of-accounts/public/137542",,,"Active"
"40a8a1f7-5a78-4af6-b050-00f2e457ee04",2025-10-27T16:43:59Z,2025-10-30T12:10:08Z,"01f011dc-8d52-4de4-9524-780ccef3313b","Aretso Food Co. (Calvo Tuna)",,"Amman, Jordan","5c084634-6869-4e43-a13e-fbede7b594d4","/dashboard-client/483424","483424","TRN: ","/statement-of-accounts/483424","/companies/aretso-food-co.-(calvo-tuna)","/statement-of-accounts/public/483424","wix:image://v1/01f011_93c8dbdf10d14de2a4c3b8632813b794~mv2.jpg/calvo2.jpg#originWidth=150&originHeight=150","calvo.jo","Active"
"41148aaf-aa1c-4510-8265-071c3e837144",2024-02-14T07:00:22Z,2025-05-22T10:25:21Z,"e168cbe8-c8cb-4ec3-b920-be764ec09acc","Al Shaya Enterprise","www.alshayaenterprises.com","PO Box 80253, Dubai, UAE","c2b5f7ae-8db7-4f98-ba73-b2dbc1c40375","/dashboard-client/677987","677987","TRN: ","/statement-of-accounts/677987","/companies/al-shaya-enterprise","/statement-of-accounts/public/677987",,,"Active"
"41599ce5-0074-454c-a2ec-8706540b238d",2025-12-09T11:15:41Z,2026-01-21T07:05:29Z,"01f011dc-8d52-4de4-9524-780ccef3313b","Elite Recruitment","https://elitepropertydxb.com/careers","Onyx Tower 1","86b14473-f7c1-45b3-abba-dacc255875fe","/dashboard-client/463692","463692","TRN: 10050512040000","/statement-of-accounts/463692","/companies/elite-recruitment","/statement-of-accounts/public/463692","wix:image://v1/01f011_fea09e1c4ff449ec9de6628f250c0207~mv2.jpg/njsdjksdj.jpg#originWidth=250&originHeight=250","eliterecruitmentdxb","Active"
"416cea83-baff-4725-8abf-6a4d9c05bd3f",2023-12-29T11:04:04Z,2025-05-22T10:25:21Z,"e168cbe8-c8cb-4ec3-b920-be764ec09acc","Symbolise","https://www.symbolise.biz/","OAM0072 – Compass Building Al Shohada Road AL Hamra Industrial Zone-FZ  Ras Al Khaimah  United Arab Emirates","77c8d6d6-afd6-42d7-ac13-78bdda0d9926","/dashboard-client/52466","52466","TRN: ","/statement-of-accounts/52466","/companies/symbolise","/statement-of-accounts/public/52466",,,"Active"
"426d8f37-fc41-444b-ab15-e9fc7bbb0933",2022-11-20T12:42:07Z,2025-09-07T11:49:49Z,"e168cbe8-c8cb-4ec3-b920-be764ec09acc","Mutant","https://www.mutant.ae","Dubai, UAE","5c084634-6869-4e43-a13e-fbede7b594d4","/dashboard-client/557921","557921",,"/statement-of-accounts/557921","/companies/mutant","/statement-of-accounts/public/557921","wix:image://v1/01f011_b558cabf1dd04f3fb8f1cff4f5817883~mv2.png/mnew.png#originWidth=660&originHeight=660","mutant.ae","Active"
"448570ff-ae32-45a3-8790-5bca1175adae",2025-09-30T14:59:45Z,2025-10-03T08:07:07Z,"01f011dc-8d52-4de4-9524-780ccef3313b","ATEX International Exhibitions (Horeca Libya)","https://www.horecalibya.com","XHQ, O2 Tower, JVC, Dubai, UAE","5c084634-6869-4e43-a13e-fbede7b594d4","/dashboard-client/426027","426027","TRN: ","/statement-of-accounts/426027","/companies/atex-international-exhibitions-(horeca-libya)","/statement-of-accounts/public/426027","wix:image://v1/01f011_4e13bc7f0cf849c48bbc33a2302fe1fe~mv2.jpg/Horeca%20Logo.jpg#originWidth=100&originHeight=100","horecalibya","Active"
"44cc2d51-ab3a-43ce-94b3-b4e9cf41f6cd",2024-08-21T08:01:35Z,2025-05-22T10:25:21Z,"01f011dc-8d52-4de4-9524-780ccef3313b","Oud’Dore",,"6805 Saint Andrews Ct, Fort Worth Texas 76132 USA","77c8d6d6-afd6-42d7-ac13-78bdda0d9926","/dashboard-client/254716","254716","TRN: ","/statement-of-accounts/254716","/companies/oud%E2%80%99dore","/statement-of-accounts/public/254716",,,"Active"
"469446d9-c7ff-4f7c-84ba-1d12302f019a",2022-12-05T08:09:56Z,2025-05-22T10:25:21Z,"e168cbe8-c8cb-4ec3-b920-be764ec09acc","LH Express","lh.express","Muscat, Oman","a3efb115-821a-43d3-94ad-afc4382a24df","/dashboard-client/209932","209932",,"/statement-of-accounts/209932","/companies/lh-express","/statement-of-accounts/public/209932",,,"Active"
"46ec2c6f-c19b-4c82-982c-13b9cc6bb54c",2024-09-03T11:10:36Z,2025-05-22T10:25:21Z,"01f011dc-8d52-4de4-9524-780ccef3313b","Amarion Foods",,"JLT Cluster I, Floor 13, Office 13-G, Gold Tower, Dubai, United Arab Emirates","e8a4bae8-98b5-49c6-8e6b-b26b1b3fc771","/dashboard-client/533105","533105","TRN: ","/statement-of-accounts/533105","/companies/amarion-foods","/statement-of-accounts/public/533105","wix:image://v1/01f011_c58ec611873f4d6dbd179f62ba64e812~mv2.jpg/bjsdabjksdabjksda.jpg#originWidth=149&originHeight=150","amarantica.oil","Active"
"477ee9a0-dcf9-4b77-a562-482cc4ba9e31",2025-09-18T08:38:59Z,2025-09-18T08:38:59Z,"01f011dc-8d52-4de4-9524-780ccef3313b","Sultan - Butchery Service",,,"c2b5f7ae-8db7-4f98-ba73-b2dbc1c40375","/dashboard-client/703939","703939",,"/statement-of-accounts/703939","/companies/sultan---butchery-service","/statement-of-accounts/public/703939",,,"Active"
"490b5567-90c4-4247-a79e-a9742f7f330a",2025-04-03T11:19:18Z,2025-05-22T10:25:21Z,"01f011dc-8d52-4de4-9524-780ccef3313b","Design Hub UAE","https://www.designhubae.com/","Al Reem Island, Abu Dhabi","77c8d6d6-afd6-42d7-ac13-78bdda0d9926","/dashboard-client/550263","550263","TRN: ","/statement-of-accounts/550263","/companies/design-hub-uae","/statement-of-accounts/public/550263",,,"Active"
"4aee0147-feea-4aaf-952e-cf3dfa55653e",2024-04-15T06:25:43Z,2025-05-22T10:25:21Z,"01f011dc-8d52-4de4-9524-780ccef3313b","Pet Story","http://www.petstory.ae","Jumeirah Village Circle","5c084634-6869-4e43-a13e-fbede7b594d4","/dashboard-client/666506","666506","TRN: ","/statement-of-accounts/666506","/companies/pet-story","/statement-of-accounts/public/666506",,,"Active"
"4b1d7c56-e15f-4bf2-b273-34da6ac0d22f",2025-04-11T04:56:39Z,2025-05-22T10:25:21Z,"01f011dc-8d52-4de4-9524-780ccef3313b","Cakelab",,"Dubai","0b9a27c3-c82e-4b9f-9dbd-fdc3957df1ab","/dashboard-client/59782","59782","TRN: ","/statement-of-accounts/59782","/companies/cakelab","/statement-of-accounts/public/59782",,,"Active"
"4c3f7e72-8295-491c-822f-30d8054de9d8",2023-07-11T12:44:59Z,2025-05-22T10:25:21Z,"e168cbe8-c8cb-4ec3-b920-be764ec09acc","PXGEO","https://www.pxgeo.com","Reef Tower, Level 20  Jumeirah Lakes Towers, Cluster O  Dubai  UAE","c2b5f7ae-8db7-4f98-ba73-b2dbc1c40375","/dashboard-client/272448","272448","TRN: ","/statement-of-accounts/272448","/companies/pxgeo","/statement-of-accounts/public/272448",,,"Active"
"4ceaac52-002a-4b70-abae-d577b29a5379",2025-09-03T07:03:32Z,2025-09-03T07:03:32Z,"01f011dc-8d52-4de4-9524-780ccef3313b","Catamaran Agent","no website","Dubai","86b14473-f7c1-45b3-abba-dacc255875fe","/dashboard-client/70814","70814","TRN: ","/statement-of-accounts/70814","/companies/catamaran-agent","/statement-of-accounts/public/70814",,,"Active"
"4d362e12-0376-4e13-a96c-dc75d2d476f3",2024-05-21T12:47:45Z,2025-05-22T10:25:21Z,"01f011dc-8d52-4de4-9524-780ccef3313b","The Agenda","https://www.theagenda.com/","Abdullah Omran Taryam St - corner Al Jaddi St - Dubai Media City - Dubai","77c8d6d6-afd6-42d7-ac13-78bdda0d9926","/dashboard-client/11742","11742","TRN: ","/statement-of-accounts/11742","/companies/the-agenda","/statement-of-accounts/public/11742",,,"Active"
"4dca1898-daa1-403c-b70f-d37a0e1ec095",2024-12-26T07:39:10Z,2025-07-09T07:24:27Z,"01f011dc-8d52-4de4-9524-780ccef3313b","Burjuman","https://www.burjuman.com/","Khalid Bin Al Waleed Rd - Al Mankhool - Dubai","77c8d6d6-afd6-42d7-ac13-78bdda0d9926","/dashboard-client/666675","666675","TRN: ","/statement-of-accounts/666675","/companies/burjuman","/statement-of-accounts/public/666675",,,"Active"
"52134946-ddb2-43d2-b77e-b5d3c1f71f84",2022-11-30T16:17:17Z,2025-05-22T10:25:21Z,"e168cbe8-c8cb-4ec3-b920-be764ec09acc","Caroupe","https://www.caroupe.com/","Dubai, UAE","5c084634-6869-4e43-a13e-fbede7b594d4","/dashboard-client/85987","85987",,"/statement-of-accounts/85987","/companies/caroupe","/statement-of-accounts/public/85987",,,"Active"
"55bfa58a-2dc6-43ef-b1e0-916de917c8ab",2023-02-07T09:34:12Z,2025-05-22T10:25:21Z,"e168cbe8-c8cb-4ec3-b920-be764ec09acc","Heritage Business Group LLC",,"Oman","c2b5f7ae-8db7-4f98-ba73-b2dbc1c40375","/dashboard-client/531864","531864","TRN: ","/statement-of-accounts/531864","/companies/heritage-business-group-llc","/statement-of-accounts/public/531864",,,"Active"
"56eac7e9-af94-47c0-b4b1-2a4101a9b0c1",2025-01-09T21:31:51Z,2026-02-18T06:41:35Z,"01f011dc-8d52-4de4-9524-780ccef3313b","Elite Property Brokerage LLC","https://elitepropertydxb.com/","613 Onyx Tower 1 SZR Dubai, UAE ","77c8d6d6-afd6-42d7-ac13-78bdda0d9926","/dashboard-client/702731","702731","TRN: 100505120400003","/statement-of-accounts/702731","/companies/elite-properties","/statement-of-accounts/public/702731","wix:image://v1/01f011_0495cb65ebd34795880e6e1e3dce0b62~mv2.jpg/adsadasd.jpg#originWidth=100&originHeight=100","elitepropertydxb","Active"
"5739aba0-8d97-4a99-af01-8e30d830b260",2024-04-22T07:08:32Z,2025-05-22T10:25:21Z,"01f011dc-8d52-4de4-9524-780ccef3313b","Bompas & Parr",,"Dubai","e8a4bae8-98b5-49c6-8e6b-b26b1b3fc771","/dashboard-client/192097","192097","TRN: ","/statement-of-accounts/192097","/companies/bompas-%26-parr","/statement-of-accounts/public/192097",,,"Active"
"57f92321-dee1-4b69-a90d-403da5e3835d",2023-09-06T08:11:33Z,2025-05-22T10:25:21Z,"e168cbe8-c8cb-4ec3-b920-be764ec09acc","Una Vita By Erika","https://www.unavitabyerika.com/","Dubai","c2b5f7ae-8db7-4f98-ba73-b2dbc1c40375","/dashboard-client/451436","451436","TRN: ","/statement-of-accounts/451436","/companies/una-vita-by-erika","/statement-of-accounts/public/451436",,,"Active"
"5ce89196-d503-4960-a087-3d0d94018925",2024-10-29T09:50:23Z,2025-07-13T17:32:13Z,"01f011dc-8d52-4de4-9524-780ccef3313b","ATEX International Exhibitions (Kuwait Build)","http://www.kuwaitbuild.com","XHQ, O2 Tower, JVC, Dubai, UAE","5c084634-6869-4e43-a13e-fbede7b594d4","/dashboard-client/633487","633487","100320098500003","/statement-of-accounts/633487","/companies/kuwait-build","/statement-of-accounts/public/633487","wix:image://v1/01f011_c5d14af4f4ad48a282d010848c757aae~mv2.jpeg/WhatsApp%20Image%202025-07-10%20at%2010.24.21%20PM.jpeg#originWidth=300&originHeight=305","kuwaitbuildexpo","Active"
"5e0ab837-9d8e-40fd-9bcf-9772fd5c911d",2022-11-30T16:48:44Z,2025-05-22T10:25:21Z,"e168cbe8-c8cb-4ec3-b920-be764ec09acc","Not An Artist X2","https://www.notanartistx2.com/","Dubai, UAE","5c084634-6869-4e43-a13e-fbede7b594d4","/dashboard-client/367419","367419",,"/statement-of-accounts/367419","/companies/not-an-artist-x2","/statement-of-accounts/public/367419",,,"Active"
"5f8e1e31-d17d-46b0-b361-beb9431b2fb7",2024-12-05T07:38:50Z,2025-05-22T10:25:21Z,"01f011dc-8d52-4de4-9524-780ccef3313b","Palma Holdings","https://palmaholding.com/","Silverene Tower B, 1st Floor, PO 33668 - Dubai","77c8d6d6-afd6-42d7-ac13-78bdda0d9926","/dashboard-client/28430","28430","TRN: ","/statement-of-accounts/28430","/companies/palma-holdings","/statement-of-accounts/public/28430",,,"Active"
"607cae8a-b90a-4390-8064-bf9ab5f4307e",2023-12-28T17:20:32Z,2025-05-22T10:25:21Z,"e168cbe8-c8cb-4ec3-b920-be764ec09acc","Aesthetics GE","https://www.aesthetics-ge.ch","Ch. Rieu 18,1208 Geneve","77c8d6d6-afd6-42d7-ac13-78bdda0d9926","/dashboard-client/169407","169407","TRN: ","/statement-of-accounts/169407","/companies/aesthetics-ge","/statement-of-accounts/public/169407",,,"Active"
"628d243e-99c9-4481-8cc4-b69a388a0e76",2022-11-30T19:37:36Z,2025-05-22T10:25:21Z,"e168cbe8-c8cb-4ec3-b920-be764ec09acc","Sofit Healthy Kitchen","https://www.sofitdxb.com/","Dubai, UAE","5c084634-6869-4e43-a13e-fbede7b594d4","/dashboard-client/110084","110084",,"/statement-of-accounts/110084","/companies/sofit-healthy-kitchen","/statement-of-accounts/public/110084",,,"Active"
"66013622-ec16-43ed-9a25-55ea22df2960",2022-11-30T16:35:34Z,2025-05-22T10:25:21Z,"e168cbe8-c8cb-4ec3-b920-be764ec09acc","Evoque Solutions","https://www.evoquesolutions.ae/","Dubai, UAE","5c084634-6869-4e43-a13e-fbede7b594d4","/dashboard-client/689536","689536",,"/statement-of-accounts/689536","/companies/evoque-solutions","/statement-of-accounts/public/689536",,,"Active"
"662cb79e-f2bf-4ae5-a777-5f4a3bce8fa7",2023-10-16T06:30:31Z,2025-05-22T10:25:21Z,"e168cbe8-c8cb-4ec3-b920-be764ec09acc","JVC Express Veterinary Clinic","https://www.jvcevc.com/"," Maple 1 Emirates Garden 2 - JVC - Dubai","c2b5f7ae-8db7-4f98-ba73-b2dbc1c40375","/dashboard-client/597590","597590","TRN: ","/statement-of-accounts/597590","/companies/jvc-express-veterinary-clinic","/statement-of-accounts/public/597590",,,"Active"
"665eaf7c-6d56-4db4-a8fe-c583144ef40c",2024-04-21T10:13:06Z,2025-05-22T10:25:21Z,"01f011dc-8d52-4de4-9524-780ccef3313b","Fichte & Co","https://fichtelegal.com/","Dubai","c2b5f7ae-8db7-4f98-ba73-b2dbc1c40375","/dashboard-client/208232","208232","TRN: ","/statement-of-accounts/208232","/companies/fichte-%26-co","/statement-of-accounts/public/208232",,,"Active"
"6775f87e-52a7-47eb-9f56-289373a3c25e",2024-11-05T14:39:32Z,2025-05-22T10:25:21Z,"01f011dc-8d52-4de4-9524-780ccef3313b","Arbat",,"Business Bay Dubai","77c8d6d6-afd6-42d7-ac13-78bdda0d9926","/dashboard-client/428302","428302","TRN: ","/statement-of-accounts/428302","/companies/arbat","/statement-of-accounts/public/428302",,,"Active"
"6b992c9d-755b-4c95-9666-1698f3926eec",2024-03-26T06:12:49Z,2025-05-22T10:25:21Z,"01f011dc-8d52-4de4-9524-780ccef3313b","LK IT Consultancy","https://www.lkitconsultancy.com/","Dubai","c2b5f7ae-8db7-4f98-ba73-b2dbc1c40375","/dashboard-client/530277","530277","TRN: ","/statement-of-accounts/530277","/companies/lk-it-consultancy","/statement-of-accounts/public/530277","wix:image://v1/e771b8_523e4d5f1c304580aea7e79f3570a810~mv2.jpg/LK%20Logo%20Icon.jpg#originWidth=320&originHeight=320","lkitconsultancy","Active"
"6bfa61c9-aa3c-44ed-b3b9-2f6b4f2d6a0d",2025-04-21T09:16:19Z,2025-05-22T10:25:21Z,"01f011dc-8d52-4de4-9524-780ccef3313b","Niyamo Capital Group",,"UK","0b9a27c3-c82e-4b9f-9dbd-fdc3957df1ab","/dashboard-client/402986","402986","TRN: ","/statement-of-accounts/402986","/companies/niyamo-capital-group","/statement-of-accounts/public/402986",,,"Active"
"6d773c64-2cfd-43d0-962c-67e0cd76ae08",2024-03-27T06:43:39Z,2025-05-22T10:25:21Z,"01f011dc-8d52-4de4-9524-780ccef3313b","Dreamland Real Estate Brokerage",,"Dubai","c2b5f7ae-8db7-4f98-ba73-b2dbc1c40375","/dashboard-client/551554","551554","TRN: ","/statement-of-accounts/551554","/companies/dreamland-real-estate-brokerage","/statement-of-accounts/public/551554",,,"Active"
"6dbed6af-9165-4b9f-a405-1949bfd62bcb",2024-09-11T05:27:29Z,2025-05-22T10:25:21Z,"01f011dc-8d52-4de4-9524-780ccef3313b","Dj Jeremy",,"Dubai","e8a4bae8-98b5-49c6-8e6b-b26b1b3fc771","/dashboard-client/335457","335457","TRN: ","/statement-of-accounts/335457","/companies/dj-jeremy","/statement-of-accounts/public/335457",,,"Active"
"709a109c-f6e2-4e14-9f42-9f916e51303a",2023-05-01T04:58:29Z,2025-05-22T10:25:21Z,"e168cbe8-c8cb-4ec3-b920-be764ec09acc","TEAM 71",,"Level 41, Emirates Towers P.O.Box 31303, Dubai - UAE","c2b5f7ae-8db7-4f98-ba73-b2dbc1c40375","/dashboard-client/364623","364623","TRN: ","/statement-of-accounts/364623","/companies/team-71","/statement-of-accounts/public/364623",,,"Active"
"726d6386-df85-464d-ade3-03880360e851",2022-11-22T19:56:08Z,2025-05-22T10:25:21Z,"e168cbe8-c8cb-4ec3-b920-be764ec09acc","Evention","https://www.evention.ae/","Dubai, UAE","5c084634-6869-4e43-a13e-fbede7b594d4","/dashboard-client/635579","635579",,"/statement-of-accounts/635579","/companies/evention","/statement-of-accounts/public/635579",,,"Active"
"730fc70e-4033-4d9d-bc07-480311e23f8f",2022-11-30T16:54:33Z,2025-05-22T10:25:21Z,"e168cbe8-c8cb-4ec3-b920-be764ec09acc","Miim Store","https://www.miim-store.com/","Dubai, UAE","5c084634-6869-4e43-a13e-fbede7b594d4","/dashboard-client/134495","134495",,"/statement-of-accounts/134495","/companies/miim-store","/statement-of-accounts/public/134495",,,"Active"
"734506c8-4e02-428f-92a5-1f1a96a7cd28",2023-08-22T12:17:49Z,2025-05-22T10:25:21Z,"e168cbe8-c8cb-4ec3-b920-be764ec09acc","Waldorf Astoria","waldorfastoria.com/DIFC","Burj Daman, Al Mustaqbal St. (map), Dubai International Financial Centre, Dubai, United Arab Emirates, PO Box 507251","c2b5f7ae-8db7-4f98-ba73-b2dbc1c40375","/dashboard-client/146819","146819","TRN: 100446277400003","/statement-of-accounts/146819","/companies/waldorf-astoria","/statement-of-accounts/public/146819",,,"Active"
"73469973-b85b-4f9d-9a21-11b1e5362527",2024-08-09T07:24:39Z,2025-05-22T10:25:21Z,"01f011dc-8d52-4de4-9524-780ccef3313b","Sterling",,"Dubai, UAE","77c8d6d6-afd6-42d7-ac13-78bdda0d9926","/dashboard-client/469938","469938","TRN: ","/statement-of-accounts/469938","/companies/sterling","/statement-of-accounts/public/469938",,,"Active"
"7412f41f-76f7-488a-bd21-297d356c32f9",2024-10-16T10:39:01Z,2025-05-22T10:25:21Z,"01f011dc-8d52-4de4-9524-780ccef3313b","Jay",,"Dubai","e8a4bae8-98b5-49c6-8e6b-b26b1b3fc771","/dashboard-client/122755","122755","TRN: ","/statement-of-accounts/122755","/companies/jay","/statement-of-accounts/public/122755",,,"Active"
"7557f5a6-ad5d-47aa-a0b6-8aa0c8f4009f",2025-05-26T06:30:26Z,2025-07-02T17:48:20Z,"01f011dc-8d52-4de4-9524-780ccef3313b","ATEX International Exhibitions (Code Libya)","https://www.codeexpolibya.com","XHQ, O2 Tower, JVC, Dubai, UAE","5c084634-6869-4e43-a13e-fbede7b594d4","/dashboard-client/61459","61459","100320098500003","/statement-of-accounts/61459","/companies/code-libya","/statement-of-accounts/public/61459","wix:image://v1/01f011_2c22c486287945cf9f2a8be2afeb5921~mv2.jpeg/WhatsApp%20Image%202025-06-05%20at%2011.30.35%20PM.jpeg#originWidth=1600&originHeight=1600","codeexpolibya","Active"
"75be43f0-4a3a-44ed-8e43-cfe7fe4615c2",2022-11-16T12:14:34Z,2025-07-13T11:12:43Z,"e771b8d5-2d78-4471-bb22-0c0d9e29a888","111 Group","https://www.111group.ae","Office 1201, SIT Tower, Silicon Oasis, Dubai, UAE P.O Box 474451, Dubai UAE","5c084634-6869-4e43-a13e-fbede7b594d4","/dashboard-client/327849","327849",,"/statement-of-accounts/327849","/companies/111-group","/statement-of-accounts/public/327849",,,"Active"
"79c2214f-0e9a-48ec-9b2d-ce267feca228",2024-03-13T07:36:59Z,2025-05-22T10:25:21Z,"01f011dc-8d52-4de4-9524-780ccef3313b","Omaia International Company",,"Kuwait","5c084634-6869-4e43-a13e-fbede7b594d4","/dashboard-client/529553","529553","TRN: ","/statement-of-accounts/529553","/companies/omaia-international-company","/statement-of-accounts/public/529553",,,"Active"
"7ab9e7de-4377-48b7-8562-6c34a6318cbe",2023-01-23T08:28:29Z,2025-05-22T10:25:21Z,"e168cbe8-c8cb-4ec3-b920-be764ec09acc","MELD Advertising Middle East DMCC","http://meldadvertising.com/","PO Box 338427, Silver Tower, Jumeriah Lakes Towers, Dubai, United Arab Emirates","c2b5f7ae-8db7-4f98-ba73-b2dbc1c40375","/dashboard-client/512688","512688",,"/statement-of-accounts/512688","/companies/meld-advertising-middle-east-dmcc","/statement-of-accounts/public/512688",,,"Active"
"7aede4d4-eeb9-4f34-a98a-0b9d05e834db",2024-09-17T05:56:17Z,2025-05-22T10:25:21Z,"01f011dc-8d52-4de4-9524-780ccef3313b","Mohamed Mesha",,"Dubai","e8a4bae8-98b5-49c6-8e6b-b26b1b3fc771","/dashboard-client/542491","542491","TRN: ","/statement-of-accounts/542491","/companies/mohamed-mesha","/statement-of-accounts/public/542491",,,"Active"
"8531dfbc-a4e8-4f95-a527-7510c009a6bd",2023-07-24T07:09:24Z,2025-05-22T10:25:21Z,"e168cbe8-c8cb-4ec3-b920-be764ec09acc","Halal Perfume",,"Dubai","c2b5f7ae-8db7-4f98-ba73-b2dbc1c40375","/dashboard-client/210156","210156","TRN: ","/statement-of-accounts/210156","/companies/halal-perfume","/statement-of-accounts/public/210156",,,"Active"
"88853dfe-2ab3-4c64-927e-2660e88af0d9",2026-01-26T05:55:58Z,2026-02-22T10:31:57Z,"01f011dc-8d52-4de4-9524-780ccef3313b","Sovereign Capital","www.sovereigncapitalauh.com","613 Onyx Tower 1 SZR Dubai, UAE ","5c084634-6869-4e43-a13e-fbede7b594d4","/dashboard-client/331775","331775","TRN: ","/statement-of-accounts/331775","/companies/sovereign-capital","/statement-of-accounts/public/331775","wix:image://v1/01f011_9bbf03ac5fea4cdda000610a96e58561~mv2.jpg/SC%20Favicon.jpg#originWidth=200&originHeight=200","sovereigncapitalauh","Active"
"8ac008a5-6be6-4b6e-9983-3e8b2258af9f",2025-01-14T11:39:23Z,2025-05-22T10:25:21Z,"01f011dc-8d52-4de4-9524-780ccef3313b","Kudo Trade",,"Dubai, UAE","77c8d6d6-afd6-42d7-ac13-78bdda0d9926","/dashboard-client/557064","557064","TRN: ","/statement-of-accounts/557064","/companies/kudo-trade","/statement-of-accounts/public/557064","wix:image://v1/01f011_75683cce24c041e295bea757a0dccece~mv2.jpg/adsadasd.jpg#originWidth=188&originHeight=188","kudotrade","Active"
"8b4107d2-c184-4450-966a-819e88ba32ad",2024-05-20T05:32:29Z,2025-05-22T10:25:21Z,"01f011dc-8d52-4de4-9524-780ccef3313b","LUXURY DROP PARFUM L.L.C","www.theperfumy.ae","Dubai","c2b5f7ae-8db7-4f98-ba73-b2dbc1c40375","/dashboard-client/610938","610938","TRN: 100436824500003","/statement-of-accounts/610938","/companies/luxury-drop-parfum-l.l.c","/statement-of-accounts/public/610938","wix:image://v1/01f011_89976bcbaeea4fdbb1eb0dce37d99750~mv2.jpg/sadsa.jpg#originWidth=100&originHeight=99","perfumy.ae","Active"
"8c77dc5b-72cf-49a9-b13d-81dbf195d755",2024-09-23T10:14:55Z,2025-05-22T10:25:21Z,"01f011dc-8d52-4de4-9524-780ccef3313b","Eblot",,"Dubai","e8a4bae8-98b5-49c6-8e6b-b26b1b3fc771","/dashboard-client/499226","499226","TRN: ","/statement-of-accounts/499226","/companies/eblot","/statement-of-accounts/public/499226",,,"Active"
"8ca333f3-3e07-4981-949a-64dae940402f",2024-07-16T11:43:58Z,2025-05-22T10:25:21Z,"01f011dc-8d52-4de4-9524-780ccef3313b","David Livingstone",,"Dubai","e8a4bae8-98b5-49c6-8e6b-b26b1b3fc771","/dashboard-client/520071","520071","TRN: ","/statement-of-accounts/520071","/companies/david-livingstone","/statement-of-accounts/public/520071",,,"Active"
"8d470f66-352c-4a1b-8668-774da3c08e70",2023-03-13T10:10:35Z,2025-05-22T10:25:21Z,"e168cbe8-c8cb-4ec3-b920-be764ec09acc","LUXURY DROP PARFUM L.L.C","https://www.luxuryoudh.com/","Dubai","c2b5f7ae-8db7-4f98-ba73-b2dbc1c40375","/dashboard-client/62152","62152","TRN: ","/statement-of-accounts/62152","/companies/luxury-drop-parfum-l.l.c","/statement-of-accounts/public/62152",,,"Active"
"8e973dbb-d6fd-4cf8-94a8-10f51ec8f4a0",2026-01-24T09:54:40Z,2026-01-24T09:57:14Z,"01f011dc-8d52-4de4-9524-780ccef3313b","Elite Vacations","www.elitepropertydxb.com","613 Onyx Tower 1, SZR, PO Box 449183, Dubai UAE","5c084634-6869-4e43-a13e-fbede7b594d4","/dashboard-client/459738","459738","TRN: ","/statement-of-accounts/459738","/companies/elite-vacations","/statement-of-accounts/public/459738","wix:image://v1/01f011_56cb215aaaee42a9ac722b931c8ef08f~mv2.jpg/Small%20Elite%20Vacations%20Icon.jpg#originWidth=200&originHeight=200","elitevacationsdxb","Active"
"90e8e208-1d0c-4405-a90d-b3682dd74346",2025-01-20T16:05:38Z,2025-05-22T10:25:21Z,"01f011dc-8d52-4de4-9524-780ccef3313b","Exec Tech",,"Dubai, UAE","5c084634-6869-4e43-a13e-fbede7b594d4","/dashboard-client/457427","457427","TRN: ","/statement-of-accounts/457427","/companies/exec-tech","/statement-of-accounts/public/457427","wix:image://v1/01f011_e69723028c9d41b1a2981be3489c947f~mv2.png/Exec%20Logo-01.png#originWidth=4167&originHeight=4167","exec.tech.solutions","Active"
"9137cf5f-4a5a-4948-90f5-c7d792e264e3",2024-08-16T10:12:59Z,2025-05-22T10:25:21Z,"01f011dc-8d52-4de4-9524-780ccef3313b","Zaineh's Brand","NA","NA","77c8d6d6-afd6-42d7-ac13-78bdda0d9926","/dashboard-client/366026","366026","TRN: ","/statement-of-accounts/366026","/companies/zaineh's-brand","/statement-of-accounts/public/366026",,,"Active"
"91776763-b166-4543-9353-40ea2ad3277c",2022-11-16T15:28:54Z,2025-05-22T10:25:21Z,"e771b8d5-2d78-4471-bb22-0c0d9e29a888","Aspire Kuwait","https://www.aspire.com.kw","Al-Saleh Center, Al-Shuhadaa Roundabout, Murqab, Kuwait City, Kuwait","5c084634-6869-4e43-a13e-fbede7b594d4","/dashboard-client/473561","473561",,"/statement-of-accounts/473561","/companies/aspire-kuwait","/statement-of-accounts/public/473561",,,"Active"
"9285daa5-fa40-4a2f-8695-ff6fc0764824",2024-11-02T15:22:49Z,2025-05-22T10:25:21Z,"01f011dc-8d52-4de4-9524-780ccef3313b","Abin Varghese",,"Dubai","e8a4bae8-98b5-49c6-8e6b-b26b1b3fc771","/dashboard-client/693612","693612","TRN: ","/statement-of-accounts/693612","/companies/abin-varghese","/statement-of-accounts/public/693612",,,"Active"
"9535f0ba-df9f-4e73-8b62-94b814bd2545",2024-06-26T10:48:25Z,2026-02-03T09:30:59Z,"01f011dc-8d52-4de4-9524-780ccef3313b","Informa Markets",,"Sheikh Rashid Tower, DWTC, Dubai, United Arab Emirates","5c084634-6869-4e43-a13e-fbede7b594d4","/dashboard-client/74303","74303","TRN: ","/statement-of-accounts/74303","/companies/informa-markets","/statement-of-accounts/public/74303",,,"Active"
"95e395d7-0d71-4943-aab0-4d2e8bb091f8",2023-02-27T06:59:32Z,2025-05-22T10:25:21Z,"e168cbe8-c8cb-4ec3-b920-be764ec09acc","Just Bespoke","https://www.j-bespoke.com/","Dubai, UAE","5c084634-6869-4e43-a13e-fbede7b594d4","/dashboard-client/586887","586887","TRN: 104113386700003","/statement-of-accounts/586887","/companies/just-bespoke","/statement-of-accounts/public/586887",,,"Active"
"966a06d6-303b-463a-965c-b612b67f8e99",2025-05-12T07:30:02Z,2025-05-22T10:25:21Z,"01f011dc-8d52-4de4-9524-780ccef3313b","Lokma",,"Dubai Hills Business Park","86b14473-f7c1-45b3-abba-dacc255875fe","/dashboard-client/523767","523767","TRN: ","/statement-of-accounts/523767","/companies/lokma","/statement-of-accounts/public/523767",,,"Active"
"9731ebf5-568b-44c3-b446-16c2f59b3c0d",2024-09-23T10:23:34Z,2025-05-22T10:25:21Z,"01f011dc-8d52-4de4-9524-780ccef3313b","July Playlist Design","www.julyplaylist.com","Dubai","c2b5f7ae-8db7-4f98-ba73-b2dbc1c40375","/dashboard-client/537743","537743","TRN: ","/statement-of-accounts/537743","/companies/july-playlist-design","/statement-of-accounts/public/537743",,,"Active"
"97815ef0-8750-493c-a548-bc0ed2381768",2024-03-08T06:23:33Z,2025-05-22T10:25:21Z,"01f011dc-8d52-4de4-9524-780ccef3313b","Mouid Bin Abdulkarim",,"Saudi","c2b5f7ae-8db7-4f98-ba73-b2dbc1c40375","/dashboard-client/505155","505155","TRN: ","/statement-of-accounts/505155","/companies/mouid-bin-abdulkarim","/statement-of-accounts/public/505155",,,"Active"
"97a09717-af92-4c4a-99e8-7b1eef93f6cb",2025-01-06T07:08:19Z,2025-05-22T10:25:21Z,"01f011dc-8d52-4de4-9524-780ccef3313b","IMG Boats","https://www.imgboats.com/","Dubai UAE","77c8d6d6-afd6-42d7-ac13-78bdda0d9926","/dashboard-client/159594","159594","TRN: ","/statement-of-accounts/159594","/companies/img-boats","/statement-of-accounts/public/159594",,,"Active"
"97fa41fe-3189-46cb-93d0-c7aa942c609c",2023-02-01T16:13:53Z,2025-05-22T10:25:21Z,"e168cbe8-c8cb-4ec3-b920-be764ec09acc","WATCHH","https://www.watchh.ae/","Dubai, UAE","5c084634-6869-4e43-a13e-fbede7b594d4","/dashboard-client/659780","659780","TRN: ","/statement-of-accounts/659780","/companies/watchh","/statement-of-accounts/public/659780",,,"Active"
"9b2501fb-4f13-4584-8749-f5dd08e6319d",2025-05-26T06:20:02Z,2025-11-19T17:09:35Z,"e771b8d5-2d78-4471-bb22-0c0d9e29a888","ATEX International Exhibitions (The Perfume Show)",,"XHQ, O2 Tower, JVC, Dubai, UAE","5c084634-6869-4e43-a13e-fbede7b594d4","/dashboard-client/324481","324481","100320098500003","/statement-of-accounts/324481","/companies/baby-and-toys-expo","/statement-of-accounts/public/324481","wix:image://v1/01f011_af7566fb79014e169f00a242c94e7946~mv2.jpeg/WhatsApp%20Image%202025-11-13%20at%2010.08.40%20PM.jpeg#originWidth=1125&originHeight=1125","theperfumeshow.kw","Active"
"9d1d6d92-b8c3-4827-88b2-7d8f20876c7c",2024-07-03T12:45:12Z,2025-05-22T10:25:21Z,"01f011dc-8d52-4de4-9524-780ccef3313b","Apex Services ","https://www.apexserviceslondon.co.uk/","Dubai","c2b5f7ae-8db7-4f98-ba73-b2dbc1c40375","/dashboard-client/195095","195095","TRN: ","/statement-of-accounts/195095","/companies/apex-services-","/statement-of-accounts/public/195095",,,"Active"
"9d253bd5-8136-4eda-81c3-7456d5ead798",2024-03-06T13:02:46Z,2025-05-22T10:25:21Z,"01f011dc-8d52-4de4-9524-780ccef3313b","Prime Group","https://primegroup.ae/","Plot No. 531-519, Dubai Industrial City P.O. Box 61670, Dubai, United Arab Emirates","c2b5f7ae-8db7-4f98-ba73-b2dbc1c40375","/dashboard-client/342973","342973","TRN: ","/statement-of-accounts/342973","/companies/prime-group","/statement-of-accounts/public/342973",,,"Active"
"9fb9d932-a290-424f-a507-ff50241e569d",2024-06-24T05:49:32Z,2025-05-22T10:25:21Z,"01f011dc-8d52-4de4-9524-780ccef3313b","French Atmospheres","www.frenchatmospheres.com","Dubai, UAE","5c084634-6869-4e43-a13e-fbede7b594d4","/dashboard-client/573887","573887","TRN: ","/statement-of-accounts/573887","/companies/french-atmospheres","/statement-of-accounts/public/573887",,,"Active"
"a05979f9-5df4-4041-a6d7-b93ddae07e1f",2025-10-21T10:33:51Z,2025-10-21T10:33:51Z,"01f011dc-8d52-4de4-9524-780ccef3313b","Jimmy Spindler - Real Estate Agent",,,"86b14473-f7c1-45b3-abba-dacc255875fe","/dashboard-client/156205","156205",,"/statement-of-accounts/156205","/companies/jimmy-spindler---real-estate-agent","/statement-of-accounts/public/156205",,,"Active"
"a2b2ac31-3ec4-421a-a429-676fed26d838",2022-11-15T16:22:58Z,2025-05-22T10:25:21Z,"e771b8d5-2d78-4471-bb22-0c0d9e29a888","Aequius","https://www.aequius.co","Dubai, UAE","5c084634-6869-4e43-a13e-fbede7b594d4","/dashboard-client/293813","293813",,"/statement-of-accounts/293813","/companies/aequius","/statement-of-accounts/public/293813",,,"Active"
"a4951bc6-bc11-4719-918b-1c0361369e6f",2024-01-09T19:12:15Z,2025-05-22T10:25:49Z,"e168cbe8-c8cb-4ec3-b920-be764ec09acc","Ride Skipper Hospitality Services LLC","N/A","Dubai","77c8d6d6-afd6-42d7-ac13-78bdda0d9926","/dashboard-client/411356","411356","TRN: N/A","/statement-of-accounts/411356","/companies/ride-skipper-hospitality-services-llc","/statement-of-accounts/public/411356",,,"Blacklisted"
"a68326ff-49cd-4a7a-acd9-b08783f7dc69",2025-09-03T07:02:57Z,2025-09-03T07:02:57Z,"01f011dc-8d52-4de4-9524-780ccef3313b","Catamaran Agent",,,"86b14473-f7c1-45b3-abba-dacc255875fe","/dashboard-client/587636","587636",,"/statement-of-accounts/587636","/companies/catamaran-agent","/statement-of-accounts/public/587636",,,"Active"
"a836e942-0aa1-4591-bc90-2a3e8d2a5dc2",2023-05-12T12:36:37Z,2025-05-22T10:25:21Z,"e168cbe8-c8cb-4ec3-b920-be764ec09acc","Hanken Design Services","https://hankendesignservices.com/","Dubai","c2b5f7ae-8db7-4f98-ba73-b2dbc1c40375","/dashboard-client/126928","126928","TRN: ","/statement-of-accounts/126928","/companies/hanken-design-services","/statement-of-accounts/public/126928",,,"Active"
"a9fcb0ef-847b-44f7-8e69-281f112d9134",2023-06-06T07:18:45Z,2025-05-22T10:25:21Z,"e168cbe8-c8cb-4ec3-b920-be764ec09acc","Al Wasl Events (Restaurant & Food Show)","https://rnfshow.com/","Libya","c2b5f7ae-8db7-4f98-ba73-b2dbc1c40375","/dashboard-client/71134","71134","TRN: ","/statement-of-accounts/71134","/companies/al-wasl-events","/statement-of-accounts/public/71134","wix:image://v1/01f011_5fdb612b2deb4d3684e276d295798b9b~mv2.jpg/sadsadsa.jpg#originWidth=200&originHeight=200","rnfshow","Active"
"aa83a9f4-58d8-4c37-9029-13cd8b1494e9",2022-11-18T11:22:00Z,2025-05-22T10:25:21Z,"e168cbe8-c8cb-4ec3-b920-be764ec09acc","White Space KSA","https://www.wspace.com.sa/","Saudi Arabia","a3efb115-821a-43d3-94ad-afc4382a24df","/dashboard-client/284153","284153",,"/statement-of-accounts/284153","/companies/white-space-ksa","/statement-of-accounts/public/284153",,,"Active"
"abd38dbb-40ec-4e20-b54c-2da9b6c8ba7b",2024-03-25T18:43:50Z,2025-05-22T10:25:21Z,"01f011dc-8d52-4de4-9524-780ccef3313b","Falafel Al-Balad",,"Dubai, UAE","5c084634-6869-4e43-a13e-fbede7b594d4","/dashboard-client/123795","123795","TRN: ","/statement-of-accounts/123795","/companies/falafel-al-balad","/statement-of-accounts/public/123795",,,"Active"
"ac8e2429-cd88-4f8a-97b3-cfb7abb2e4f9",2024-07-08T17:47:45Z,2025-09-08T05:49:57Z,"01f011dc-8d52-4de4-9524-780ccef3313b","ATEX International Exhibitions (Libya Build)","http://www.libyabuild.com","XHQ, O2 Tower, JVC, Dubai, UAE","5c084634-6869-4e43-a13e-fbede7b594d4","/dashboard-client/324480","324480","100320098500003","/statement-of-accounts/324480","/companies/libya-build","/statement-of-accounts/public/324480","wix:image://v1/01f011_de0bb82951874fb3ac9a15f66e04e566~mv2.jpeg/WhatsApp%20Image%202025-07-10%20at%2010.35.56%20PM.jpeg#originWidth=300&originHeight=300","libyabuild","Active"
"ad70a515-946a-4f9c-bcf7-9b32f1f7aff3",2022-11-18T11:22:15Z,2025-05-22T10:25:21Z,"e168cbe8-c8cb-4ec3-b920-be764ec09acc","Work & Co","https://www.wandco.com/","Saudi Arabia","a3efb115-821a-43d3-94ad-afc4382a24df","/dashboard-client/461131","461131",,"/statement-of-accounts/461131","/companies/work-%26-co","/statement-of-accounts/public/461131",,,"Active"
"aedf0f59-4731-450e-b355-a78fc6d38aa5",2024-07-22T10:57:14Z,2025-05-22T10:25:21Z,"01f011dc-8d52-4de4-9524-780ccef3313b","A to Z Interior Design","https://www.a-to-z.ae/","Dubai, UAE","e8a4bae8-98b5-49c6-8e6b-b26b1b3fc771","/dashboard-client/124890","124890","TRN: ","/statement-of-accounts/124890","/companies/a-to-z-interior-design","/statement-of-accounts/public/124890","wix:image://v1/01f011_d89d36805ba64d4d9d4a1b6686dd6827~mv2.jpg/A%20to%20Z%20Logo%20Version%202.jpg#originWidth=200&originHeight=198","designbyatoz","Active"
"b0e41f7c-8f2d-4c2f-887e-2656eddf3c6a",2023-03-31T05:31:05Z,2025-05-22T10:25:21Z,"e168cbe8-c8cb-4ec3-b920-be764ec09acc","Fayy Health","https://www.fayyhealth.com/","Dubai","c2b5f7ae-8db7-4f98-ba73-b2dbc1c40375","/dashboard-client/441432","441432","TRN: ","/statement-of-accounts/441432","/companies/fayy-health","/statement-of-accounts/public/441432",,,"Active"
"b372c328-44bd-4a98-b673-29e299159fa9",2023-03-29T09:44:23Z,2025-05-22T10:25:21Z,"e168cbe8-c8cb-4ec3-b920-be764ec09acc","Becreatech","https://www.becreatech.org/","Dubai","c2b5f7ae-8db7-4f98-ba73-b2dbc1c40375","/dashboard-client/245775","245775","TRN: ","/statement-of-accounts/245775","/companies/becreatech","/statement-of-accounts/public/245775",,,"Active"
"b597efc4-41ec-49e4-a73d-5a713b460412",2024-04-03T16:53:26Z,2025-05-22T10:25:21Z,"01f011dc-8d52-4de4-9524-780ccef3313b","Zenith Zones",,"Dubai","c2b5f7ae-8db7-4f98-ba73-b2dbc1c40375","/dashboard-client/138632","138632","TRN: ","/statement-of-accounts/138632","/companies/zenith-zones","/statement-of-accounts/public/138632",,,"Active"
"b5b4e7e6-90c7-4f35-bfbf-93c19fd67b2b",2025-04-10T10:31:30Z,2025-05-22T10:25:21Z,"01f011dc-8d52-4de4-9524-780ccef3313b","Shirinasal Company","https://shirinasal.com/home","Dubai","0b9a27c3-c82e-4b9f-9dbd-fdc3957df1ab","/dashboard-client/352626","352626","TRN: ","/statement-of-accounts/352626","/companies/shirinasal-company","/statement-of-accounts/public/352626",,,"Active"
"b6f73f71-a5fb-41e4-b1d3-93126647e4ba",2025-04-15T10:04:52Z,2025-05-22T10:25:21Z,"01f011dc-8d52-4de4-9524-780ccef3313b","Mawlana Restaurant ",,"Dubai","0b9a27c3-c82e-4b9f-9dbd-fdc3957df1ab","/dashboard-client/371955","371955","TRN: ","/statement-of-accounts/371955","/companies/mawlana-restaurant-","/statement-of-accounts/public/371955",,,"Active"
"b6ff9784-6deb-4b2f-bc74-6507b5168613",2022-11-24T08:46:39Z,2025-05-22T10:25:21Z,"e771b8d5-2d78-4471-bb22-0c0d9e29a888","The Bookshelf","https://www.thebookshelf.ae/","Abu Dhabi, UAE","5c084634-6869-4e43-a13e-fbede7b594d4","/dashboard-client/023110","023110",,"/statement-of-accounts/023110","/companies/the-bookshelf","/statement-of-accounts/public/023110",,,"Active"
"b7a0939e-4335-4fec-af71-34adb8f6e4ce",2025-09-15T08:17:22Z,2025-09-15T08:17:22Z,"01f011dc-8d52-4de4-9524-780ccef3313b","test",,,"c2b5f7ae-8db7-4f98-ba73-b2dbc1c40375","/dashboard-client/186051","186051",,"/statement-of-accounts/186051","/companies/test","/statement-of-accounts/public/186051",,,"Active"
"b7a4e2ab-cc46-40fb-8e32-fc160c2294d1",2024-02-21T05:54:52Z,2025-05-22T10:25:21Z,"01f011dc-8d52-4de4-9524-780ccef3313b","Hala Khalaf",,"Dubai","c2b5f7ae-8db7-4f98-ba73-b2dbc1c40375","/dashboard-client/41197","41197","TRN: ","/statement-of-accounts/41197","/companies/hala-khalaf","/statement-of-accounts/public/41197",,,"Active"
"b9275212-b867-42ca-b674-975c72c52c3b",2023-06-19T12:09:22Z,2025-05-22T10:25:21Z,"e168cbe8-c8cb-4ec3-b920-be764ec09acc","AA Tienda","https://aatienda.com/","Dubai","c2b5f7ae-8db7-4f98-ba73-b2dbc1c40375","/dashboard-client/519218","519218","TRN: 104032809600003","/statement-of-accounts/519218","/companies/aa-tienda","/statement-of-accounts/public/519218",,,"Active"
"bad1003b-69a7-40bd-9499-e2530379df37",2025-03-25T05:34:57Z,2025-05-22T10:25:21Z,"01f011dc-8d52-4de4-9524-780ccef3313b","Abdelziz",,"Qatar","0b9a27c3-c82e-4b9f-9dbd-fdc3957df1ab","/dashboard-client/220551","220551","TRN: ","/statement-of-accounts/220551","/companies/abdelziz","/statement-of-accounts/public/220551",,,"Active"
"baf0c249-c211-4d56-87d0-528aeed3e86e",2023-06-01T11:07:09Z,2025-05-22T10:25:21Z,"e168cbe8-c8cb-4ec3-b920-be764ec09acc","Mentora",,"Dubai","c2b5f7ae-8db7-4f98-ba73-b2dbc1c40375","/dashboard-client/262106","262106","TRN: ","/statement-of-accounts/262106","/companies/mentora","/statement-of-accounts/public/262106",,,"Active"
"bc6fcd28-3ce6-4fa8-ae26-c74e8e881e89",2024-12-05T09:19:08Z,2025-05-22T10:25:21Z,"01f011dc-8d52-4de4-9524-780ccef3313b","Tashafa","TBD","TBD","77c8d6d6-afd6-42d7-ac13-78bdda0d9926","/dashboard-client/416553","416553","TRN: ","/statement-of-accounts/416553","/companies/tashafa","/statement-of-accounts/public/416553",,,"Active"
"bd0f89b8-a757-4f9c-8f2a-3ea82d6ece04",2022-12-20T07:58:32Z,2025-05-22T10:25:21Z,"e168cbe8-c8cb-4ec3-b920-be764ec09acc","KYC Search","https://www.kycsearch.com/","Business Center 1, M Floor, The Meydan Hotel, Nad Al Sheba, Dubai UAE","5c084634-6869-4e43-a13e-fbede7b594d4","/dashboard-client/678866","678866","TRN: ","/statement-of-accounts/678866","/companies/kyc-search","/statement-of-accounts/public/678866",,,"Active"
"bd9faf62-58b5-4574-815f-881b78ef310b",2025-09-26T06:07:43Z,2025-09-26T06:07:43Z,"01f011dc-8d52-4de4-9524-780ccef3313b","Lusail Factory",,,"86b14473-f7c1-45b3-abba-dacc255875fe","/dashboard-client/447252","447252",,"/statement-of-accounts/447252","/companies/lusail-factory","/statement-of-accounts/public/447252",,,"Active"
"bea1a37b-e930-488d-afcc-72b6d412ac08",2024-03-11T10:24:21Z,2025-05-22T10:25:21Z,"01f011dc-8d52-4de4-9524-780ccef3313b","Spin Up Cycling Studio",,"Abu Dhabi, United Arab Emirates","5c084634-6869-4e43-a13e-fbede7b594d4","/dashboard-client/174434","174434","TRN: ","/statement-of-accounts/174434","/companies/spin-up-cycling-studio","/statement-of-accounts/public/174434","wix:image://v1/e771b8_4e8ff69986f049db8c9d34a0c9ee991b~mv2.png/Logo.png#originWidth=200&originHeight=200","spinup.ae","Active"
"c40e1135-1087-4058-9ce1-24d38655894b",2023-10-09T12:16:22Z,2025-05-22T10:25:21Z,"e168cbe8-c8cb-4ec3-b920-be764ec09acc","The British School of Kuwait","www.bsk.edu.kw","Kuwait","c2b5f7ae-8db7-4f98-ba73-b2dbc1c40375","/dashboard-client/322586","322586","TRN: ","/statement-of-accounts/322586","/companies/the-british-school-of-kuwait","/statement-of-accounts/public/322586",,,"Active"
"c45da581-287e-41fd-a892-64d02d4290ff",2025-11-05T11:00:20Z,2025-11-05T11:00:20Z,"01f011dc-8d52-4de4-9524-780ccef3313b","Big Brain Training","bigbraintraining.com","Alkhawaneej  Dubai","a3efb115-821a-43d3-94ad-afc4382a24df","/dashboard-client/481935","481935","TRN: ","/statement-of-accounts/481935","/companies/big-brain-training","/statement-of-accounts/public/481935",,,"Active"
"c46a0b82-78f2-4142-8e25-a9f3f16bda0a",2022-11-18T10:05:52Z,2025-05-22T10:25:21Z,"e168cbe8-c8cb-4ec3-b920-be764ec09acc","Creative Sauce","http://www.creative-sauce.com/","G06, Building 9, Dubai Internet City, Dubai, UAE","5c084634-6869-4e43-a13e-fbede7b594d4","/dashboard-client/460906","460906","TRN: 100306844000003","/statement-of-accounts/460906","/companies/creative-sauce","/statement-of-accounts/public/460906",,,"Active"
"c4723d06-5b05-482c-b318-5472ec4c334f",2025-05-27T09:29:48Z,2026-02-24T14:12:11Z,"01f011dc-8d52-4de4-9524-780ccef3313b","ATEX International Exhibitions (Code DXB)","https://www.codeexpodxb.com","XHQ, O2 Tower, JVC, Dubai, UAE","5c084634-6869-4e43-a13e-fbede7b594d4","/dashboard-client/59955","59955","TRN: ","/statement-of-accounts/59955","/companies/code-dxb","/statement-of-accounts/public/59955","wix:image://v1/01f011_5aaa83bd8c264ab9b1274246c45a1f82~mv2.jpg/635146101_122154583712899288_9057555673768545186_n.jpg#originWidth=200&originHeight=200","codeexpodxb","Active"
"c58c4361-660d-4761-8d09-7d7596807813",2024-02-23T11:35:24Z,2025-05-22T10:25:21Z,"01f011dc-8d52-4de4-9524-780ccef3313b","DoubleTree by Hilton JBR","https://www.hilton.com/en/hotels/dxbthdi-doubletree-dubai-jumeirah-beach/","Double Tree by Hilton, JBR, Dubai, UAE","77c8d6d6-afd6-42d7-ac13-78bdda0d9926","/dashboard-client/454412","454412","TRN: ","/statement-of-accounts/454412","/companies/doubletree-by-hilton-jbr","/statement-of-accounts/public/454412",,,"Active"
"c72fe17d-e1e2-4771-a4cc-8f03c7777945",2024-02-21T08:40:25Z,2025-05-22T10:25:21Z,"01f011dc-8d52-4de4-9524-780ccef3313b","Dubai Dunes","https://dubaidunesproperties.com/","Sheikh Zayed Road Besides Manara Municipality, MSM 2 Building, Office 208","77c8d6d6-afd6-42d7-ac13-78bdda0d9926","/dashboard-client/537604","537604","TRN: ","/statement-of-accounts/537604","/companies/dubai-dunes","/statement-of-accounts/public/537604",,,"Active"
"c763545f-64d8-4bb8-9a16-2af487b2d8a9",2022-11-22T05:54:41Z,2025-05-22T10:25:21Z,"e168cbe8-c8cb-4ec3-b920-be764ec09acc","AHLEI Saudi Arabia","http://www.ahleisa.org","Saudi Arabia","a3efb115-821a-43d3-94ad-afc4382a24df","/dashboard-client/148132","148132",,"/statement-of-accounts/148132","/companies/ahlei-saudi-arabia","/statement-of-accounts/public/148132",,,"Active"
"cb37e365-0e31-4863-899b-7e5648a66a63",2025-04-16T05:55:39Z,2025-05-22T10:25:21Z,"01f011dc-8d52-4de4-9524-780ccef3313b","Mawlana Restaurant ",,"Dubai","0b9a27c3-c82e-4b9f-9dbd-fdc3957df1ab","/dashboard-client/554975","554975","TRN: ","/statement-of-accounts/554975","/companies/mawlana-restaurant-","/statement-of-accounts/public/554975",,,"Active"
"cc1e8c94-1f3d-4942-ba0a-3f5041a105cc",2025-05-15T10:13:22Z,2025-06-08T15:55:12Z,"01f011dc-8d52-4de4-9524-780ccef3313b","Crypto Homes DXB","http://www.cryptohomesdxb.com","Onyx Tower 1","86b14473-f7c1-45b3-abba-dacc255875fe","/dashboard-client/240196","240196","TRN: ","/statement-of-accounts/240196","/companies/crypto-homes-dxb","/statement-of-accounts/public/240196","wix:image://v1/01f011_73701181b3224ce598d17b1b39c281cc~mv2.png/LOGO-02.png#originWidth=4500&originHeight=4500","cryptohomesdxb","Active"
"cfa8c10e-f2fd-42db-afbd-c40e29d183c7",2024-10-10T10:05:03Z,2025-05-22T10:25:21Z,"e771b8d5-2d78-4471-bb22-0c0d9e29a888","Playground by Mutant","https://www.mutant.ae","Dubai, UAE","5c084634-6869-4e43-a13e-fbede7b594d4","/dashboard-client/557921","557921",,"/statement-of-accounts/557921","/companies/playground-by-mutant","/statement-of-accounts/public/557921","wix:image://v1/e771b8_db663551a09f482f84df6b9b8132b331~mv2.jpg/456721532_1025796645637877_1606138363507556845_n_edited.jpg#originWidth=172&originHeight=172","playground.mutant","Active"
"cfd7be74-eda4-4da8-9150-1477f02af57e",2024-04-22T08:08:22Z,2025-05-22T10:25:21Z,"01f011dc-8d52-4de4-9524-780ccef3313b","Al Tayer",,"Dubai","e8a4bae8-98b5-49c6-8e6b-b26b1b3fc771","/dashboard-client/118271","118271","TRN: ","/statement-of-accounts/118271","/companies/al-tayer","/statement-of-accounts/public/118271",,,"Active"
"cfdffcea-a578-41de-8d0d-e841673c4ca1",2024-11-02T15:22:44Z,2025-05-22T10:25:21Z,"01f011dc-8d52-4de4-9524-780ccef3313b","Abin Varghese",,"Dubai","e8a4bae8-98b5-49c6-8e6b-b26b1b3fc771","/dashboard-client/693612","693612","TRN: ","/statement-of-accounts/693612","/companies/abin-varghese","/statement-of-accounts/public/693612",,,"Active"
"d17271b4-2529-4748-9772-ecbf84135886",2024-04-26T06:56:49Z,2025-05-22T10:25:21Z,"01f011dc-8d52-4de4-9524-780ccef3313b","Refine","https://refinedubai.com/","Bay Square 1-1101, Business Bay, Dubai, United Arab Emirates","77c8d6d6-afd6-42d7-ac13-78bdda0d9926","/dashboard-client/185349","185349","TRN: ","/statement-of-accounts/185349","/companies/refine","/statement-of-accounts/public/185349",,,"Active"
"d1c3e9fa-7874-4a80-8114-14445e93de6d",2025-03-10T06:28:46Z,2025-08-17T12:25:36Z,"01f011dc-8d52-4de4-9524-780ccef3313b","The Espresso Lab","https://theespressolab.com/","Mag Warehouse","0b9a27c3-c82e-4b9f-9dbd-fdc3957df1ab","/dashboard-client/388087","388087","TRN: ","/statement-of-accounts/388087","/companies/the-espresso-lab","/statement-of-accounts/public/388087",,,"Active"
"d25cb6a0-109f-4625-94e4-1f62f89f70b9",2024-02-27T08:16:06Z,2025-05-22T10:25:21Z,"01f011dc-8d52-4de4-9524-780ccef3313b","Halla Khalaf",,"Turkey","77c8d6d6-afd6-42d7-ac13-78bdda0d9926","/dashboard-client/38609","38609","TRN: Turkey","/statement-of-accounts/38609","/companies/halla-khalaf","/statement-of-accounts/public/38609",,,"Active"
"d3504b1d-41c3-48a5-bb16-086d49f4729c",2024-09-02T08:19:32Z,2025-05-22T10:25:21Z,"01f011dc-8d52-4de4-9524-780ccef3313b","The Drip Doc",,"Info@thedripdoc.co.uk","e8a4bae8-98b5-49c6-8e6b-b26b1b3fc771","/dashboard-client/168932","168932","TRN: ","/statement-of-accounts/168932","/companies/the-drip-doc","/statement-of-accounts/public/168932",,,"Active"
"d3539cdc-56e0-4811-83ef-efd0aa9a94ad",2024-11-20T09:02:08Z,2025-05-22T10:25:21Z,"01f011dc-8d52-4de4-9524-780ccef3313b","Rijas Group","TBD","TBD","77c8d6d6-afd6-42d7-ac13-78bdda0d9926","/dashboard-client/174983","174983","TRN: ","/statement-of-accounts/174983","/companies/rijas-group","/statement-of-accounts/public/174983",,,"Active"
"d47d6083-e680-4855-a65b-fbfeff49e98a",2024-10-15T09:32:40Z,2025-05-22T10:25:21Z,"01f011dc-8d52-4de4-9524-780ccef3313b","Salma",,"Dubai","e8a4bae8-98b5-49c6-8e6b-b26b1b3fc771","/dashboard-client/396412","396412","TRN: ","/statement-of-accounts/396412","/companies/salma","/statement-of-accounts/public/396412",,,"Active"
"d4d09aa9-ba00-45fd-b404-cb5cca0003f3",2022-11-18T11:20:57Z,2025-05-22T10:25:21Z,"e168cbe8-c8cb-4ec3-b920-be764ec09acc","Turba Organic UAE","https://www.uaeorganic.com/","Dubai, UAE","a3efb115-821a-43d3-94ad-afc4382a24df","/dashboard-client/148263","148263",,"/statement-of-accounts/148263","/companies/turba-organic-uae","/statement-of-accounts/public/148263",,,"Active"
"d6f1ec21-6863-49f7-a4bd-560a38c169e9",2026-02-03T09:54:51Z,2026-02-03T09:54:51Z,"01f011dc-8d52-4de4-9524-780ccef3313b","World Health Expo","https://www.informamarkets.com","Level 6, The Offices 4, One Central, Dubai World Trade Center, Dubai, United Arab Emirates","a3efb115-821a-43d3-94ad-afc4382a24df","/dashboard-client/122274","122274","TRN: ","/statement-of-accounts/122274","/companies/world-health-expo","/statement-of-accounts/public/122274",,,"Active"
"da2ffdb3-ae9d-4c1e-b6f3-259543b7583b",2022-11-24T11:47:57Z,2025-05-22T10:25:21Z,"e168cbe8-c8cb-4ec3-b920-be764ec09acc","Hashtag Studio","https://www.hashtagstudio.com/"," d3 Building - Office 208 - 9th St - Dubai ","c2b5f7ae-8db7-4f98-ba73-b2dbc1c40375","/dashboard-client/518267","518267","TRN: 100533338800003","/statement-of-accounts/518267","/companies/hashtag-studio","/statement-of-accounts/public/518267",,,"Active"
"dd8dee80-fbf6-4f88-905c-0037154ffa3d",2025-02-25T12:21:20Z,2025-05-22T10:25:21Z,"01f011dc-8d52-4de4-9524-780ccef3313b","Beflex","NA","Dubai","77c8d6d6-afd6-42d7-ac13-78bdda0d9926","/dashboard-client/44310","44310","TRN: ","/statement-of-accounts/44310","/companies/beflex","/statement-of-accounts/public/44310",,,"Active"
"e0633a30-b05a-4093-8171-6e0294210da2",2023-05-22T07:15:36Z,2025-05-22T10:25:21Z,"e168cbe8-c8cb-4ec3-b920-be764ec09acc","Zuza Facial Fitness","tbc","Dubai","c2b5f7ae-8db7-4f98-ba73-b2dbc1c40375","/dashboard-client/453798","453798","TRN: ","/statement-of-accounts/453798","/companies/zuza-facial-fitness","/statement-of-accounts/public/453798",,,"Active"
"e1d94d72-9ae6-42d9-89d5-694115a43c97",2025-05-26T06:26:57Z,2025-07-10T19:30:17Z,"01f011dc-8d52-4de4-9524-780ccef3313b","ATEX International Exhibitions (Flavour Fest Kuwait)","https://www.flavourfestkuwait.com","XHQ, O2 Tower, JVC, Dubai, UAE","5c084634-6869-4e43-a13e-fbede7b594d4","/dashboard-client/434316","434316","100320098500003","/statement-of-accounts/434316","/companies/flavour-fest-kuwait","/statement-of-accounts/public/434316","wix:image://v1/01f011_c1b7874d9f944432aeebb46292598a65~mv2.png/Faviocn.png#originWidth=203&originHeight=203","flavourfestkuwait","Active"
"e2b67c24-6545-4ed4-953f-06c53d8f6e6b",2024-07-26T04:05:08Z,2025-06-20T07:58:24Z,"01f011dc-8d52-4de4-9524-780ccef3313b","POB1 Properties L.L.C","http://www.alghurair.com","AL Ghurair Group of Companies, Salah  Al Deen Rd, Hor Al Anz, Dubai, 1, Dubai, UAE","c2b5f7ae-8db7-4f98-ba73-b2dbc1c40375","/dashboard-client/249956","249956","TRN: 104213217300003","/statement-of-accounts/249956","/companies/pob1-properties-l.l.c","/statement-of-accounts/public/249956","wix:image://v1/01f011_5b401aeafab74680b9c509756fc9d828~mv2.jpg/457302492_122110268582466601_3848051438195752025_n.jpg#originWidth=300&originHeight=300","pob1properties","Active"
"e5a8f142-b45d-4375-973d-f0cc776663e1",2024-01-12T09:44:14Z,2025-05-22T10:25:21Z,"e168cbe8-c8cb-4ec3-b920-be764ec09acc","Airstay Holiday Homes ","https://www.airstay.ae","Dubai","c2b5f7ae-8db7-4f98-ba73-b2dbc1c40375","/dashboard-client/156526","156526","TRN: 104417321700003","/statement-of-accounts/156526","/companies/airstay-holiday-homes-","/statement-of-accounts/public/156526","wix:image://v1/e771b8_11b7e642b2994e68b3bd25eb84ff7920~mv2.jpg/Airstay%20Logomark%20-%20V1%20Transparent_edited.jpg#originWidth=200&originHeight=200","airstay.ae","Active"
"e66ed928-1fec-4f01-83fb-2f938b7ee305",2025-09-30T07:22:26Z,2025-09-30T07:22:26Z,"01f011dc-8d52-4de4-9524-780ccef3313b","Red Dragon",,,"86b14473-f7c1-45b3-abba-dacc255875fe","/dashboard-client/298211","298211",,"/statement-of-accounts/298211","/companies/red-dragon","/statement-of-accounts/public/298211",,,"Active"
"e6d05b46-b87e-4ca9-9258-b701aaf58478",2025-05-26T06:24:15Z,2025-11-19T17:08:43Z,"01f011dc-8d52-4de4-9524-780ccef3313b","ATEX International Exhibitions (The Beauty Show)",,"XHQ, O2 Tower, JVC, Dubai, UAE","5c084634-6869-4e43-a13e-fbede7b594d4","/dashboard-client/277721","277721","100320098500003","/statement-of-accounts/277721","/companies/kuwait-ramadan-festival","/statement-of-accounts/public/277721","wix:image://v1/01f011_15422229b6634893a80da125d93f3dc2~mv2.jpeg/WhatsApp%20Image%202025-11-14%20at%2010.22.13%20AM.jpeg#originWidth=1125&originHeight=1125","thebeautyshow.kw","Active"
"e8301929-cfb1-471d-a052-6ca66608e44f",2025-03-18T06:08:25Z,2025-05-22T10:25:21Z,"01f011dc-8d52-4de4-9524-780ccef3313b","Afnan Tour and Travel",,"Malaysia","0b9a27c3-c82e-4b9f-9dbd-fdc3957df1ab","/dashboard-client/255422","255422","TRN: ","/statement-of-accounts/255422","/companies/afnan-tour-and-travel","/statement-of-accounts/public/255422",,,"Active"
"e8e0af41-e73a-41f2-ba92-96f7753b5866",2023-10-21T08:02:48Z,2025-05-22T10:25:21Z,"e168cbe8-c8cb-4ec3-b920-be764ec09acc","Switch Business Solutions",,"Dubai","c2b5f7ae-8db7-4f98-ba73-b2dbc1c40375","/dashboard-client/19263","19263","TRN: ","/statement-of-accounts/19263","/companies/switch-business-solutions","/statement-of-accounts/public/19263",,,"Active"
"e923791e-1ff1-4555-bb9a-10e35bff68ca",2024-09-02T08:58:23Z,2025-05-22T10:25:21Z,"01f011dc-8d52-4de4-9524-780ccef3313b","Maachome","https://maachome.com/","Dubai","e8a4bae8-98b5-49c6-8e6b-b26b1b3fc771","/dashboard-client/450050","450050","TRN: ","/statement-of-accounts/450050","/companies/maachome","/statement-of-accounts/public/450050",,,"Active"
"e94a0ccb-3a36-447b-bc81-b288c609416c",2025-01-28T15:01:58Z,2025-05-22T10:25:21Z,"01f011dc-8d52-4de4-9524-780ccef3313b","Ghada",,"Dubai UAE","77c8d6d6-afd6-42d7-ac13-78bdda0d9926","/dashboard-client/87835","87835","TRN: ","/statement-of-accounts/87835","/companies/ghada","/statement-of-accounts/public/87835",,,"Active"
"eabbf75e-8a97-4880-93bb-103d174cd6d2",2022-11-18T06:40:53Z,2025-05-22T10:25:21Z,"e168cbe8-c8cb-4ec3-b920-be764ec09acc","White Dreams General Trading","https://www.margotmichelljewelry.com/","Dubai, UAE","5c084634-6869-4e43-a13e-fbede7b594d4","/dashboard-client/938271","938271","TRN No: 10054344400003","/statement-of-accounts/938271","/companies/white-dreams-general-trading","/statement-of-accounts/public/938271",,,"Active"
"eade292d-edf8-4c7a-a632-53da3148d6ad",2025-09-03T07:03:01Z,2025-09-03T07:03:01Z,"01f011dc-8d52-4de4-9524-780ccef3313b","Catamaran Agent",,,"86b14473-f7c1-45b3-abba-dacc255875fe","/dashboard-client/271119","271119",,"/statement-of-accounts/271119","/companies/catamaran-agent","/statement-of-accounts/public/271119",,,"Active"
"ed35eabd-4253-47cc-bec7-d0cd1d5b7981",2022-11-30T16:58:05Z,2025-05-22T10:25:21Z,"e168cbe8-c8cb-4ec3-b920-be764ec09acc","Al Barq Technical","https://www.albarq.com.kw/","Hawalli-Tunis Street Al Saraawi Complex, Opposite To Al-Rihab Complex, Kuwait","5c084634-6869-4e43-a13e-fbede7b594d4","/dashboard-client/431603","431603",,"/statement-of-accounts/431603","/companies/al-barq-technical","/statement-of-accounts/public/431603",,,"Active"
"ed58b5cf-d1ea-4998-9433-c92df4780342",2024-09-11T06:06:31Z,2025-05-22T10:25:21Z,"01f011dc-8d52-4de4-9524-780ccef3313b","VersionBest",,"Dubai","e8a4bae8-98b5-49c6-8e6b-b26b1b3fc771","/dashboard-client/529449","529449","TRN: ","/statement-of-accounts/529449","/companies/versionbest","/statement-of-accounts/public/529449",,,"Active"
"ede4677a-f40e-482c-8bd7-953d0535def1",2024-07-02T07:23:02Z,2025-05-22T10:25:21Z,"01f011dc-8d52-4de4-9524-780ccef3313b","El's Flower Store","https://www.elsstudio.ae/","Dubai, UAE","77c8d6d6-afd6-42d7-ac13-78bdda0d9926","/dashboard-client/664971","664971","TRN: ","/statement-of-accounts/664971","/companies/el's-flower-store","/statement-of-accounts/public/664971",,,"Active"
"f0a503ce-2c5b-45a9-a372-db455b6a9f7b",2025-02-26T06:33:14Z,2025-05-22T10:25:21Z,"01f011dc-8d52-4de4-9524-780ccef3313b","Beflex",,"Dubai","c2b5f7ae-8db7-4f98-ba73-b2dbc1c40375","/dashboard-client/451327","451327","TRN: ","/statement-of-accounts/451327","/companies/beflex","/statement-of-accounts/public/451327",,,"Active"
"f1beeba3-36bf-46e5-bb18-e16e3d549507",2025-11-05T09:47:40Z,2026-02-15T10:02:20Z,"01f011dc-8d52-4de4-9524-780ccef3313b","Canterra Management","canterra.ae","Clouds Spaces, Circle Mall","86b14473-f7c1-45b3-abba-dacc255875fe","/dashboard-client/602572","602572","TRN: -","/statement-of-accounts/602572","/companies/canterra-management","/statement-of-accounts/public/602572",,,"Active"
"f32c1b3c-b303-4392-80fe-40e24b350b1c",2022-11-28T19:01:32Z,2025-05-22T10:25:21Z,"e168cbe8-c8cb-4ec3-b920-be764ec09acc","AZ &CO","https://www.azgrp.ae/","Sheikh Zaid Rd, Ahmed Ramadhan Juma Building Between 2nd & 3rd Interchange  Dubai, UAE","5c084634-6869-4e43-a13e-fbede7b594d4","/dashboard-client/693917","693917",,"/statement-of-accounts/693917","/companies/az-%26co","/statement-of-accounts/public/693917",,,"Active"
"f366a4bc-ab80-483f-88d6-7843cb313797",2024-07-22T11:05:02Z,2025-05-22T10:25:21Z,"01f011dc-8d52-4de4-9524-780ccef3313b","Wellnest",,"Kuwait","77c8d6d6-afd6-42d7-ac13-78bdda0d9926","/dashboard-client/315283","315283","TRN: ","/statement-of-accounts/315283","/companies/wellnest","/statement-of-accounts/public/315283",,,"Active"
"f40bcbe9-a19f-4742-ab8a-56d19afdde07",2022-11-28T18:22:52Z,2025-05-22T10:25:21Z,"e168cbe8-c8cb-4ec3-b920-be764ec09acc","Shangri-La International Hotel Management Ltd.","https://www.shangri-la.com/en/jeddah/shangrila/","Burj Assila, Al Kurnaysh Br Rd, Ash Shati, Jeddah 23611, Saudi Arabia","5c084634-6869-4e43-a13e-fbede7b594d4","/dashboard-client/170219","170219",,"/statement-of-accounts/170219","/companies/shangri-la-international-hotel-management-ltd.","/statement-of-accounts/public/170219",,,"Active"
"f60c871d-4ee1-4558-bb40-739ffc3ebd68",2024-03-25T18:24:38Z,2025-05-22T10:26:26Z,"01f011dc-8d52-4de4-9524-780ccef3313b","Bliss'd",,"DIFC, Dubai","5c084634-6869-4e43-a13e-fbede7b594d4","/dashboard-client/14797","14797","TRN: ","/statement-of-accounts/14797","/companies/bliss'd","/statement-of-accounts/public/14797",,,"Blacklisted"
"f644f0b2-3ef9-4d0a-80c3-276de3135008",2025-11-05T09:46:19Z,2026-01-22T11:13:41Z,"01f011dc-8d52-4de4-9524-780ccef3313b","Canterra Properties","https://www.canterraproperties.com","Clouds Spaces, Circle Mall","86b14473-f7c1-45b3-abba-dacc255875fe","/dashboard-client/408815","408815","TRN: -","/statement-of-accounts/408815","/companies/canterra-properties","/statement-of-accounts/public/408815","wix:image://v1/01f011_a04e3273e9b74212bc0c4e716e16b8fd~mv2.jpg/Canterra%20Icon%20Small.jpg#originWidth=200&originHeight=200","canterraproperties","Active"
"f791e0b7-ccad-4674-96a8-341f97fc74b1",2022-11-21T14:59:18Z,2025-05-22T10:25:21Z,"e168cbe8-c8cb-4ec3-b920-be764ec09acc","Gulf AED","https://www.gulfaed.com/","Shop No. 85 Nakheel Centre,  Deira, Dubai, UAE","5c084634-6869-4e43-a13e-fbede7b594d4","/dashboard-client/143850","143850",,"/statement-of-accounts/143850","/companies/gulf-aed","/statement-of-accounts/public/143850",,,"Active"
"f93f643b-5796-45aa-a79f-c8d0b609c130",2024-07-02T06:03:30Z,2025-10-15T09:07:50Z,"01f011dc-8d52-4de4-9524-780ccef3313b","FX Unlocked","http://www.fx-unlocked.com/","Dubai","c2b5f7ae-8db7-4f98-ba73-b2dbc1c40375","/dashboard-client/98478","98478","TRN: ","/statement-of-accounts/98478","/companies/fx-unlocked","/statement-of-accounts/public/98478","wix:image://v1/01f011_13ec37568dd84f48ad8768c37048d620~mv2.jpg/FX%20-%20Logomark-13.jpg#originWidth=100&originHeight=100","fx.unlocked","Active"
"f967cd9d-76eb-44f9-a0c7-cbd6acf68b97",2024-11-14T08:01:19Z,2025-05-22T10:25:21Z,"01f011dc-8d52-4de4-9524-780ccef3313b","LMN Clothing FZ-LLC","http://www.lmnofficial.com","Complex Building Al Shohada Road, Al Hamra Industrial Zone, UAE","77c8d6d6-afd6-42d7-ac13-78bdda0d9926","/dashboard-client/244504","244504","TRN: ","/statement-of-accounts/244504","/companies/lmn","/statement-of-accounts/public/244504","wix:image://v1/01f011_eebbcb2fc0914637a5673c95aef6e721~mv2.jpg/lmnicon.jpg#originWidth=300&originHeight=300","wear.lmn","Active"
"f9aa4f91-b841-4e4e-9c7d-9808d0894ab0",2024-04-03T22:51:51Z,2025-05-22T10:25:21Z,"01f011dc-8d52-4de4-9524-780ccef3313b","Aliice",,"Switzerland","5c084634-6869-4e43-a13e-fbede7b594d4","/dashboard-client/107380","107380","TRN: ","/statement-of-accounts/107380","/companies/aliice","/statement-of-accounts/public/107380",,,"Active"
"f9c4b9cf-50cd-44a2-ba40-f853a021b41f",2022-11-20T12:12:20Z,2025-08-20T12:32:54Z,"e168cbe8-c8cb-4ec3-b920-be764ec09acc","ATEX International Exhibitions","https://www.atexinternational.com/","XHQ, O2 Tower, JVC, Dubai, UAE","5c084634-6869-4e43-a13e-fbede7b594d4","/dashboard-client/498117","498117"," 100320098500003","/statement-of-accounts/498117","/companies/atex-international-exhibitions","/statement-of-accounts/public/498117","wix:image://v1/01f011_820919a011cf40f7a1efbdaaca723642~mv2.jpeg/WhatsApp%20Image%202025-07-11%20at%2011.16.23%20AM.jpeg#originWidth=1079&originHeight=1082","atexinternational","Active"
"fb2f7492-7596-4530-bd54-4ed6707131bf",2025-06-25T10:50:24Z,2025-06-25T10:50:24Z,"01f011dc-8d52-4de4-9524-780ccef3313b","Diana David",,"Onyx Tower 1, The Greens, Dubai ","86b14473-f7c1-45b3-abba-dacc255875fe","/dashboard-client/487689","487689","TRN: ","/statement-of-accounts/487689","/companies/diana-david","/statement-of-accounts/public/487689",,,"Active"
"fcf1dbd0-6818-40c7-82fb-94bc6ebba655",2022-11-30T20:57:12Z,2025-05-22T10:25:21Z,"e168cbe8-c8cb-4ec3-b920-be764ec09acc","Lenses UAE","https://www.lensesdubai.com/","Dubai, UAE","5c084634-6869-4e43-a13e-fbede7b594d4","/dashboard-client/263524","263524",,"/statement-of-accounts/263524","/companies/lenses-uae","/statement-of-accounts/public/263524",,,"Active"
"fd7e7a92-8c22-4e9b-bf54-73618117efed",2022-11-30T15:44:40Z,2025-05-22T10:25:21Z,"e168cbe8-c8cb-4ec3-b920-be764ec09acc","Art & Architecture","https://www.anda.design","11th Floor, Office Tower Al Muhairy Center, Al Khalidiya, Abu Dhabi,UAE","5c084634-6869-4e43-a13e-fbede7b594d4","/dashboard-client/349319","349319",,"/statement-of-accounts/349319","/companies/art-%26-architecture","/statement-of-accounts/public/349319",,,"Active"
